anio,cveestado,estado,cveddr,ddr,cvecader,cader,cvempio,municipio,cvecultivo,cultivo,cvevariedad,variedad,cveunidad,unidadmedida,cveciclo,ciclo,cvemoda,modalidad,sembrada,cosechada,siniestrada,produccion,rendimiento,pmr,valor
2011,25,SINALOA,133,LOS MOCHIS,1,CHOIX,7,CHOIX,800,AJONJOLÍ,0,,500,Tonelada,2,PRIMAVERA-VERANO,2,TEMPORAL,12360.0,11895.0,465.0,5647.41,0.48,16200.0,91488042.0
2011,25,SINALOA,133,LOS MOCHIS,1,CHOIX,7,CHOIX,5300,CACAHUATE,0,,500,Tonelada,2,PRIMAVERA-VERANO,2,TEMPORAL,8840.0,8430.0,410.0,3773.0,0.45,10100.0,38107300.0
2011,25,SINALOA,133,LOS MOCHIS,1,CHOIX,7,CHOIX,14200,FRIJOL,100,AZUFRADO,500,Tonelada,2,PRIMAVERA-VERANO,2,TEMPORAL,480.0,480.0,0.0,335.12,0.7,20000.0,6702400.0
2011,25,SINALOA,133,LOS MOCHIS,1,CHOIX,7,CHOIX,19700,MAIZ GRANO,200,BLANCO,500,Tonelada,2,PRIMAVERA-VERANO,2,TEMPORAL,2150.0,1910.0,240.0,240.66,0.13,4600.0,1107036.0
2011,25,SINALOA,133,LOS MOCHIS,1,CHOIX,7,CHOIX,24800,PASTOS Y PRADERAS EN VERDE,0,,500,Tonelada,3,PERENNES,1,RIEGO,6123.0,0.0,6123.0,0.0,0.0,0.0,0.0
2011,25,SINALOA,133,LOS MOCHIS,1,CHOIX,7,CHOIX,24800,PASTOS Y PRADERAS EN VERDE,0,,500,Tonelada,3,PERENNES,2,TEMPORAL,6123.0,6123.0,0.0,22961.25,3.75,700.0,16072875.0
2011,25,SINALOA,133,LOS MOCHIS,1,CHOIX,7,CHOIX,28700,SANDIA,200,CHARLESTON (GRAY),500,Tonelada,2,PRIMAVERA-VERANO,2,TEMPORAL,410.0,410.0,0.0,1043.35,2.55,1200.0,1252020.0
2011,25,SINALOA,133,LOS MOCHIS,1,CHOIX,7,CHOIX,29500,SORGO GRANO,0,,500,Tonelada,2,PRIMAVERA-VERANO,2,TEMPORAL,1900.0,1900.0,0.0,3781.0,1.99,2500.0,9452500.0
2011,25,SINALOA,133,LOS MOCHIS,2,EL FUERTE,10,EL FUERTE,500,AGAVE,200,TEQUILERO,500,Tonelada,3,PERENNES,1,RIEGO,30.0,0.0,30.0,0.0,0.0,0.0,0.0
2011,25,SINALOA,133,LOS MOCHIS,2,EL FUERTE,10,EL FUERTE,800,AJONJOLÍ,0,,500,Tonelada,2,PRIMAVERA-VERANO,2,TEMPORAL,330.0,231.0,99.0,35.0,0.15,16200.0,567000.0
2011,25,SINALOA,133,LOS MOCHIS,2,EL FUERTE,10,EL FUERTE,1600,ALFALFA ACHICALADA,0,,500,Tonelada,3,PERENNES,1,RIEGO,169.0,169.0,0.0,2670.2,15.8,2250.0,6007950.0
2011,25,SINALOA,133,LOS MOCHIS,2,EL FUERTE,10,EL FUERTE,5300,CACAHUATE,0,,500,Tonelada,2,PRIMAVERA-VERANO,2,TEMPORAL,229.0,160.0,69.0,48.0,0.3,10100.0,484800.0
2011,25,SINALOA,133,LOS MOCHIS,2,EL FUERTE,10,EL FUERTE,6500,CAÑA DE AZUCAR,200,INDUSTRIAL,500,Tonelada,3,PERENNES,1,RIEGO,225.0,225.0,0.0,16425.0,73.0,390.0,6405750.0
2011,25,SINALOA,133,LOS MOCHIS,2,EL FUERTE,10,EL FUERTE,6900,CARTAMO,0,,500,Tonelada,1,OTOÑO-INVIERNO,1,RIEGO,5.0,0.0,5.0,0.0,0.0,0.0,0.0
2011,25,SINALOA,133,LOS MOCHIS,2,EL FUERTE,10,EL FUERTE,7400,CEBOLLA,100,BLANCA,500,Tonelada,1,OTOÑO-INVIERNO,1,RIEGO,4.0,0.0,4.0,0.0,0.0,0.0,0.0
2011,25,SINALOA,133,LOS MOCHIS,2,EL FUERTE,10,EL FUERTE,11400,CHILE VERDE,200,JALAPEÑO,500,Tonelada,1,OTOÑO-INVIERNO,1,RIEGO,53.0,25.0,28.0,281.0,11.24,3500.0,983500.0
2011,25,SINALOA,133,LOS MOCHIS,2,EL FUERTE,10,EL FUERTE,14200,FRIJOL,100,AZUFRADO,500,Tonelada,1,OTOÑO-INVIERNO,1,RIEGO,470.0,376.0,94.0,376.0,1.0,12000.0,4512000.0
2011,25,SINALOA,133,LOS MOCHIS,2,EL FUERTE,10,EL FUERTE,14200,FRIJOL,100,AZUFRADO,500,Tonelada,2,PRIMAVERA-VERANO,2,TEMPORAL,85.0,59.0,26.0,11.0,0.19,20000.0,220000.0
2011,25,SINALOA,133,LOS MOCHIS,2,EL FUERTE,10,EL FUERTE,14200,FRIJOL,500,MAYOCOBA,500,Tonelada,1,OTOÑO-INVIERNO,1,RIEGO,127.0,101.0,26.0,101.0,1.0,12000.0,1212000.0
2011,25,SINALOA,133,LOS MOCHIS,2,EL FUERTE,10,EL FUERTE,19700,MAIZ GRANO,200,BLANCO,500,Tonelada,1,OTOÑO-INVIERNO,1,RIEGO,5596.0,1474.0,4122.0,10465.4,7.1,3700.0,38721980.0
2011,25,SINALOA,133,LOS MOCHIS,2,EL FUERTE,10,EL FUERTE,19700,MAIZ GRANO,200,BLANCO,500,Tonelada,2,PRIMAVERA-VERANO,2,TEMPORAL,695.0,486.0,209.0,778.0,1.6,4600.0,3578800.0
2011,25,SINALOA,133,LOS MOCHIS,2,EL FUERTE,10,EL FUERTE,24800,PASTOS Y PRADERAS EN VERDE,0,,500,Tonelada,3,PERENNES,1,RIEGO,28.0,0.0,28.0,0.0,0.0,0.0,0.0
2011,25,SINALOA,133,LOS MOCHIS,2,EL FUERTE,10,EL FUERTE,24800,PASTOS Y PRADERAS EN VERDE,0,,500,Tonelada,3,PERENNES,2,TEMPORAL,2803.0,2803.0,0.0,11071.85,3.95,700.0,7750295.0
2011,25,SINALOA,133,LOS MOCHIS,2,EL FUERTE,10,EL FUERTE,28700,SANDIA,200,CHARLESTON (GRAY),500,Tonelada,2,PRIMAVERA-VERANO,2,TEMPORAL,2398.0,2.0,2396.0,18.0,9.0,2055.56,37000.08
2011,25,SINALOA,133,LOS MOCHIS,2,EL FUERTE,10,EL FUERTE,29500,SORGO GRANO,0,,500,Tonelada,1,OTOÑO-INVIERNO,1,RIEGO,580.0,512.0,68.0,3739.65,7.3,3600.0,13462740.0
2011,25,SINALOA,133,LOS MOCHIS,2,EL FUERTE,10,EL FUERTE,29500,SORGO GRANO,0,,500,Tonelada,2,PRIMAVERA-VERANO,2,TEMPORAL,2398.0,1678.0,720.0,671.0,0.4,2800.0,1878800.0
2011,25,SINALOA,133,LOS MOCHIS,2,EL FUERTE,10,EL FUERTE,30800,TOMATE ROJO (JITOMATE),800,SALADETTE,500,Tonelada,1,OTOÑO-INVIERNO,1,RIEGO,150.0,59.0,91.0,708.0,12.0,10000.0,7080000.0
2011,25,SINALOA,133,LOS MOCHIS,2,EL FUERTE,10,EL FUERTE,31000,TOMATE VERDE,0,,500,Tonelada,1,OTOÑO-INVIERNO,1,RIEGO,335.0,335.0,0.0,2680.0,8.0,1400.0,3752000.0
2011,25,SINALOA,133,LOS MOCHIS,2,EL FUERTE,10,EL FUERTE,31500,TRIGO GRANO,100,CRISTALINO,500,Tonelada,1,OTOÑO-INVIERNO,1,RIEGO,520.0,520.0,0.0,2339.0,4.5,3750.0,8771250.0
2011,25,SINALOA,133,LOS MOCHIS,2,EL FUERTE,10,EL FUERTE,32250,VARIOS,0,,500,Tonelada,2,PRIMAVERA-VERANO,2,TEMPORAL,1179.0,1179.0,0.0,5895.0,5.0,1500.0,8842500.0
2011,25,SINALOA,133,LOS MOCHIS,3,EL CARRIZO,1,AHOME,500,AGAVE,200,TEQUILERO,500,Tonelada,3,PERENNES,1,RIEGO,60.0,0.0,60.0,0.0,0.0,0.0,0.0
2011,25,SINALOA,133,LOS MOCHIS,3,EL CARRIZO,1,AHOME,1600,ALFALFA ACHICALADA,0,,500,Tonelada,3,PERENNES,1,RIEGO,101.0,101.0,0.0,1746.67,17.29,2250.0,3930007.5
2011,25,SINALOA,133,LOS MOCHIS,3,EL CARRIZO,1,AHOME,1800,ALGODÓN HUESO,0,,500,Tonelada,1,OTOÑO-INVIERNO,1,RIEGO,98.0,0.0,98.0,0.0,0.0,0.0,0.0
2011,25,SINALOA,133,LOS MOCHIS,3,EL CARRIZO,1,AHOME,5800,CALABACITA,200,ITALIANA (Zucchini),500,Tonelada,1,OTOÑO-INVIERNO,1,RIEGO,352.0,0.0,352.0,0.0,0.0,0.0,0.0
2011,25,SINALOA,133,LOS MOCHIS,3,EL CARRIZO,1,AHOME,6900,CARTAMO,0,,500,Tonelada,1,OTOÑO-INVIERNO,1,RIEGO,378.0,345.0,33.0,414.0,1.2,6500.0,2691000.0
2011,25,SINALOA,133,LOS MOCHIS,3,EL CARRIZO,1,AHOME,7400,CEBOLLA,100,BLANCA,500,Tonelada,1,OTOÑO-INVIERNO,1,RIEGO,4.0,4.0,0.0,36.0,9.0,2200.0,79200.0
2011,25,SINALOA,133,LOS MOCHIS,3,EL CARRIZO,1,AHOME,11400,CHILE VERDE,200,JALAPEÑO,500,Tonelada,1,OTOÑO-INVIERNO,1,RIEGO,221.0,88.0,133.0,880.0,10.0,3000.0,2640000.0
2011,25,SINALOA,133,LOS MOCHIS,3,EL CARRIZO,1,AHOME,11400,CHILE VERDE,1200,BELL PEPPER,500,Tonelada,1,OTOÑO-INVIERNO,1,RIEGO,50.0,0.0,50.0,0.0,0.0,0.0,0.0
2011,25,SINALOA,133,LOS MOCHIS,3,EL CARRIZO,1,AHOME,12700,ELOTE,0,,500,Tonelada,1,OTOÑO-INVIERNO,1,RIEGO,18.0,0.0,18.0,0.0,0.0,0.0,0.0
2011,25,SINALOA,133,LOS MOCHIS,3,EL CARRIZO,1,AHOME,14200,FRIJOL,100,AZUFRADO,500,Tonelada,1,OTOÑO-INVIERNO,1,RIEGO,1116.0,334.0,782.0,367.0,1.1,12000.0,4404000.0
2011,25,SINALOA,133,LOS MOCHIS,3,EL CARRIZO,1,AHOME,14200,FRIJOL,500,MAYOCOBA,500,Tonelada,1,OTOÑO-INVIERNO,1,RIEGO,235.0,71.0,164.0,78.0,1.1,12000.0,936000.0
2011,25,SINALOA,133,LOS MOCHIS,3,EL CARRIZO,1,AHOME,14700,GARBANZO GRANO,100,BLANCO,500,Tonelada,1,OTOÑO-INVIERNO,1,RIEGO,5.0,0.0,5.0,0.0,0.0,0.0,0.0
2011,25,SINALOA,133,LOS MOCHIS,3,EL CARRIZO,1,AHOME,15000,GIRASOL,0,,500,Tonelada,1,OTOÑO-INVIERNO,1,RIEGO,115.0,0.0,115.0,0.0,0.0,0.0,0.0
2011,25,SINALOA,133,LOS MOCHIS,3,EL CARRIZO,1,AHOME,16930,HORTALIZAS,0,,500,Tonelada,1,OTOÑO-INVIERNO,1,RIEGO,17.0,0.0,17.0,0.0,0.0,0.0,0.0
2011,25,SINALOA,133,LOS MOCHIS,3,EL CARRIZO,1,AHOME,19700,MAIZ GRANO,100,AMARILLO,500,Tonelada,1,OTOÑO-INVIERNO,1,RIEGO,130.0,0.0,130.0,0.0,0.0,0.0,0.0
2011,25,SINALOA,133,LOS MOCHIS,3,EL CARRIZO,1,AHOME,19700,MAIZ GRANO,200,BLANCO,500,Tonelada,1,OTOÑO-INVIERNO,1,RIEGO,60392.0,21876.0,38516.0,155319.6,7.1,3710.0,576235716.0
2011,25,SINALOA,133,LOS MOCHIS,3,EL CARRIZO,1,AHOME,24400,PAPA,0,,500,Tonelada,1,OTOÑO-INVIERNO,1,RIEGO,0.0,0.0,0.0,0.0,0.0,0.0,0.0
2011,25,SINALOA,133,LOS MOCHIS,3,EL CARRIZO,1,AHOME,24800,PASTOS Y PRADERAS EN VERDE,0,,500,Tonelada,3,PERENNES,1,RIEGO,81.0,0.0,81.0,0.0,0.0,0.0,0.0
2011,25,SINALOA,133,LOS MOCHIS,3,EL CARRIZO,1,AHOME,24900,PEPINO,0,,500,Tonelada,1,OTOÑO-INVIERNO,1,RIEGO,8.0,0.0,8.0,0.0,0.0,0.0,0.0
2011,25,SINALOA,133,LOS MOCHIS,3,EL CARRIZO,1,AHOME,28700,SANDIA,200,CHARLESTON (GRAY),500,Tonelada,1,OTOÑO-INVIERNO,1,RIEGO,10.0,0.0,10.0,0.0,0.0,0.0,0.0
2011,25,SINALOA,133,LOS MOCHIS,3,EL CARRIZO,1,AHOME,29500,SORGO GRANO,0,,500,Tonelada,1,OTOÑO-INVIERNO,1,RIEGO,21869.0,21869.0,0.0,150896.1,6.9,3800.0,573405180.0
2011,25,SINALOA,133,LOS MOCHIS,3,EL CARRIZO,1,AHOME,30800,TOMATE ROJO (JITOMATE),800,SALADETTE,500,Tonelada,1,OTOÑO-INVIERNO,1,RIEGO,637.0,390.0,247.0,6240.0,16.0,2500.0,15600000.0
2011,25,SINALOA,133,LOS MOCHIS,3,EL CARRIZO,1,AHOME,31000,TOMATE VERDE,0,,500,Tonelada,1,OTOÑO-INVIERNO,1,RIEGO,3014.0,2655.0,359.0,27213.75,10.25,1350.0,36738562.5
2011,25,SINALOA,133,LOS MOCHIS,3,EL CARRIZO,1,AHOME,31500,TRIGO GRANO,100,CRISTALINO,500,Tonelada,1,OTOÑO-INVIERNO,1,RIEGO,3225.0,3225.0,0.0,15025.0,4.66,3725.0,55968125.0
2011,25,SINALOA,133,LOS MOCHIS,3,EL CARRIZO,1,AHOME,32250,VARIOS,0,,500,Tonelada,1,OTOÑO-INVIERNO,1,RIEGO,98.0,0.0,98.0,0.0,0.0,0.0,0.0
2011,25,SINALOA,133,LOS MOCHIS,3,EL CARRIZO,1,AHOME,32250,VARIOS,0,,500,Tonelada,2,PRIMAVERA-VERANO,1,RIEGO,41.0,41.0,0.0,312.0,7.61,3500.0,1092000.0
2011,25,SINALOA,133,LOS MOCHIS,4,SAN BLAS,10,EL FUERTE,1600,ALFALFA ACHICALADA,0,,500,Tonelada,3,PERENNES,1,RIEGO,108.0,108.0,0.0,1890.0,17.5,2250.0,4252500.0
2011,25,SINALOA,133,LOS MOCHIS,4,SAN BLAS,10,EL FUERTE,5800,CALABACITA,200,ITALIANA (Zucchini),500,Tonelada,1,OTOÑO-INVIERNO,1,RIEGO,487.0,300.0,187.0,4500.0,15.0,4000.0,18000000.0
2011,25,SINALOA,133,LOS MOCHIS,4,SAN BLAS,10,EL FUERTE,6900,CARTAMO,0,,500,Tonelada,1,OTOÑO-INVIERNO,2,TEMPORAL,4520.0,0.0,4520.0,0.0,0.0,0.0,0.0
2011,25,SINALOA,133,LOS MOCHIS,4,SAN BLAS,10,EL FUERTE,11400,CHILE VERDE,200,JALAPEÑO,500,Tonelada,1,OTOÑO-INVIERNO,1,RIEGO,222.0,180.0,42.0,3809.0,21.16,3500.0,13331500.0
2011,25,SINALOA,133,LOS MOCHIS,4,SAN BLAS,10,EL FUERTE,14200,FRIJOL,100,AZUFRADO,500,Tonelada,1,OTOÑO-INVIERNO,1,RIEGO,2948.0,2506.0,442.0,2631.0,1.05,11000.0,28941000.0
2011,25,SINALOA,133,LOS MOCHIS,4,SAN BLAS,10,EL FUERTE,14200,FRIJOL,500,MAYOCOBA,500,Tonelada,1,OTOÑO-INVIERNO,1,RIEGO,900.0,765.0,135.0,766.0,1.0,11000.0,8426000.0
2011,25,SINALOA,133,LOS MOCHIS,4,SAN BLAS,10,EL FUERTE,14700,GARBANZO GRANO,100,BLANCO,500,Tonelada,1,OTOÑO-INVIERNO,1,RIEGO,200.0,64.0,136.0,125.0,1.95,13500.0,1687500.0
2011,25,SINALOA,133,LOS MOCHIS,4,SAN BLAS,10,EL FUERTE,14700,GARBANZO GRANO,100,BLANCO,500,Tonelada,1,OTOÑO-INVIERNO,2,TEMPORAL,150.0,0.0,150.0,0.0,0.0,0.0,0.0
2011,25,SINALOA,133,LOS MOCHIS,4,SAN BLAS,10,EL FUERTE,16930,HORTALIZAS,0,,500,Tonelada,1,OTOÑO-INVIERNO,1,RIEGO,163.0,95.0,68.0,450.0,4.74,2500.0,1125000.0
2011,25,SINALOA,133,LOS MOCHIS,4,SAN BLAS,10,EL FUERTE,19700,MAIZ GRANO,100,AMARILLO,500,Tonelada,1,OTOÑO-INVIERNO,1,RIEGO,56.0,0.0,56.0,0.0,0.0,0.0,0.0
2011,25,SINALOA,133,LOS MOCHIS,4,SAN BLAS,10,EL FUERTE,19700,MAIZ GRANO,200,BLANCO,500,Tonelada,1,OTOÑO-INVIERNO,1,RIEGO,13783.88,3971.88,9812.0,28597.54,7.2,2187.5,62557118.75
2011,25,SINALOA,133,LOS MOCHIS,4,SAN BLAS,10,EL FUERTE,20400,MANGO,500,KENT,500,Tonelada,3,PERENNES,1,RIEGO,218.0,0.0,218.0,0.0,0.0,0.0,0.0
2011,25,SINALOA,133,LOS MOCHIS,4,SAN BLAS,10,EL FUERTE,24400,PAPA,100,ALPHA (Blanca),500,Tonelada,1,OTOÑO-INVIERNO,1,RIEGO,564.0,564.0,0.0,12972.0,23.0,5500.0,71346000.0
2011,25,SINALOA,133,LOS MOCHIS,4,SAN BLAS,10,EL FUERTE,24800,PASTOS Y PRADERAS EN VERDE,0,,500,Tonelada,3,PERENNES,1,RIEGO,46.0,0.0,46.0,0.0,0.0,0.0,0.0
2011,25,SINALOA,133,LOS MOCHIS,4,SAN BLAS,10,EL FUERTE,29500,SORGO GRANO,0,,500,Tonelada,1,OTOÑO-INVIERNO,1,RIEGO,5970.3,5970.3,0.0,46804.39,7.84,3500.0,163815365.0
2011,25,SINALOA,133,LOS MOCHIS,4,SAN BLAS,10,EL FUERTE,30800,TOMATE ROJO (JITOMATE),800,SALADETTE,500,Tonelada,1,OTOÑO-INVIERNO,1,RIEGO,224.0,136.0,88.0,2652.0,19.5,5447.06,14445603.12
2011,25,SINALOA,133,LOS MOCHIS,4,SAN BLAS,10,EL FUERTE,31000,TOMATE VERDE,0,,500,Tonelada,1,OTOÑO-INVIERNO,1,RIEGO,160.0,140.0,20.0,1190.0,8.5,1450.0,1725500.0
2011,25,SINALOA,133,LOS MOCHIS,5,HIGUERAS DE ZAR,1,AHOME,800,AJONJOLÍ,0,,500,Tonelada,2,PRIMAVERA-VERANO,2,TEMPORAL,9581.0,2309.0,7272.0,1039.05,0.45,16250.0,16884562.5
2011,25,SINALOA,133,LOS MOCHIS,5,HIGUERAS DE ZAR,1,AHOME,1600,ALFALFA ACHICALADA,0,,500,Tonelada,3,PERENNES,1,RIEGO,435.0,435.0,0.0,7786.5,17.9,2250.0,17519625.0
2011,25,SINALOA,133,LOS MOCHIS,5,HIGUERAS DE ZAR,1,AHOME,1800,ALGODÓN HUESO,0,,500,Tonelada,1,OTOÑO-INVIERNO,1,RIEGO,48.0,0.0,48.0,0.0,0.0,0.0,0.0
2011,25,SINALOA,133,LOS MOCHIS,5,HIGUERAS DE ZAR,1,AHOME,5800,CALABACITA,200,ITALIANA (Zucchini),500,Tonelada,1,OTOÑO-INVIERNO,1,RIEGO,188.0,0.0,188.0,0.0,0.0,0.0,0.0
2011,25,SINALOA,133,LOS MOCHIS,5,HIGUERAS DE ZAR,1,AHOME,6500,CAÑA DE AZUCAR,200,INDUSTRIAL,500,Tonelada,3,PERENNES,1,RIEGO,47.0,0.0,47.0,0.0,0.0,0.0,0.0
2011,25,SINALOA,133,LOS MOCHIS,5,HIGUERAS DE ZAR,1,AHOME,6900,CARTAMO,0,,500,Tonelada,1,OTOÑO-INVIERNO,1,RIEGO,7.0,3.0,4.0,3.0,1.0,6450.0,19350.0
2011,25,SINALOA,133,LOS MOCHIS,5,HIGUERAS DE ZAR,1,AHOME,6900,CARTAMO,0,,500,Tonelada,1,OTOÑO-INVIERNO,2,TEMPORAL,610.0,0.0,610.0,0.0,0.0,0.0,0.0
2011,25,SINALOA,133,LOS MOCHIS,5,HIGUERAS DE ZAR,1,AHOME,11400,CHILE VERDE,200,JALAPEÑO,500,Tonelada,1,OTOÑO-INVIERNO,1,RIEGO,154.0,24.0,130.0,294.0,12.25,3000.0,882000.0
2011,25,SINALOA,133,LOS MOCHIS,5,HIGUERAS DE ZAR,1,AHOME,12700,ELOTE,0,,500,Tonelada,1,OTOÑO-INVIERNO,1,RIEGO,221.0,41.0,180.0,352.0,8.59,2400.0,844800.0
2011,25,SINALOA,133,LOS MOCHIS,5,HIGUERAS DE ZAR,1,AHOME,14200,FRIJOL,100,AZUFRADO,500,Tonelada,1,OTOÑO-INVIERNO,1,RIEGO,5050.0,4293.0,757.0,5367.0,1.25,11998.32,64394983.44
2011,25,SINALOA,133,LOS MOCHIS,5,HIGUERAS DE ZAR,1,AHOME,14200,FRIJOL,500,MAYOCOBA,500,Tonelada,1,OTOÑO-INVIERNO,1,RIEGO,1307.0,1110.0,197.0,1387.0,1.25,12004.33,16650005.71
2011,25,SINALOA,133,LOS MOCHIS,5,HIGUERAS DE ZAR,1,AHOME,19700,MAIZ GRANO,100,AMARILLO,500,Tonelada,1,OTOÑO-INVIERNO,1,RIEGO,145.0,20.0,125.0,150.0,7.5,3900.0,585000.0
2011,25,SINALOA,133,LOS MOCHIS,5,HIGUERAS DE ZAR,1,AHOME,19700,MAIZ GRANO,200,BLANCO,500,Tonelada,1,OTOÑO-INVIERNO,1,RIEGO,22198.14,18619.14,3579.0,127485.25,6.85,3700.0,471695425.0
2011,25,SINALOA,133,LOS MOCHIS,5,HIGUERAS DE ZAR,1,AHOME,20400,MANGO,500,KENT,500,Tonelada,3,PERENNES,1,RIEGO,2000.0,1461.0,539.0,17948.0,12.29,5600.0,100508800.0
2011,25,SINALOA,133,LOS MOCHIS,5,HIGUERAS DE ZAR,1,AHOME,24800,PASTOS Y PRADERAS EN VERDE,0,,500,Tonelada,3,PERENNES,1,RIEGO,238.0,238.0,0.0,1773.1,7.45,630.0,1117053.0
2011,25,SINALOA,133,LOS MOCHIS,5,HIGUERAS DE ZAR,1,AHOME,28700,SANDIA,200,CHARLESTON (GRAY),500,Tonelada,1,OTOÑO-INVIERNO,2,TEMPORAL,1500.0,1500.0,0.0,7500.0,5.0,2000.0,15000000.0
2011,25,SINALOA,133,LOS MOCHIS,5,HIGUERAS DE ZAR,1,AHOME,29500,SORGO GRANO,0,,500,Tonelada,1,OTOÑO-INVIERNO,1,RIEGO,1774.75,1774.75,0.0,12425.25,7.0,3500.0,43488375.0
2011,25,SINALOA,133,LOS MOCHIS,5,HIGUERAS DE ZAR,1,AHOME,30800,TOMATE ROJO (JITOMATE),800,SALADETTE,500,Tonelada,1,OTOÑO-INVIERNO,1,RIEGO,209.0,149.0,60.0,2727.0,18.3,8848.84,24130786.68
2011,25,SINALOA,133,LOS MOCHIS,5,HIGUERAS DE ZAR,1,AHOME,31000,TOMATE VERDE,0,,500,Tonelada,1,OTOÑO-INVIERNO,1,RIEGO,531.0,531.0,0.0,5437.0,10.24,1500.0,8155500.0
2011,25,SINALOA,133,LOS MOCHIS,5,HIGUERAS DE ZAR,1,AHOME,31500,TRIGO GRANO,100,CRISTALINO,500,Tonelada,1,OTOÑO-INVIERNO,1,RIEGO,156.0,156.0,0.0,709.8,4.55,3700.0,2626260.0
2011,25,SINALOA,133,LOS MOCHIS,5,HIGUERAS DE ZAR,1,AHOME,32250,VARIOS,0,,500,Tonelada,1,OTOÑO-INVIERNO,1,RIEGO,27.0,0.0,27.0,0.0,0.0,0.0,0.0
2011,25,SINALOA,133,LOS MOCHIS,5,HIGUERAS DE ZAR,1,AHOME,32250,VARIOS,0,,500,Tonelada,2,PRIMAVERA-VERANO,1,RIEGO,27.0,27.0,0.0,205.0,7.59,3500.0,717500.0
2011,25,SINALOA,133,LOS MOCHIS,5,HIGUERAS DE ZAR,1,AHOME,32250,VARIOS,0,,500,Tonelada,2,PRIMAVERA-VERANO,2,TEMPORAL,738.0,738.0,0.0,608.85,0.83,10150.0,6179827.5
2011,25,SINALOA,133,LOS MOCHIS,6,AHOME,1,AHOME,1600,ALFALFA ACHICALADA,0,,500,Tonelada,3,PERENNES,1,RIEGO,195.0,195.0,0.0,3412.5,17.5,2250.0,7678125.0
2011,25,SINALOA,133,LOS MOCHIS,6,AHOME,1,AHOME,1800,ALGODÓN HUESO,0,,500,Tonelada,1,OTOÑO-INVIERNO,1,RIEGO,54.0,0.0,54.0,0.0,0.0,0.0,0.0
2011,25,SINALOA,133,LOS MOCHIS,6,AHOME,1,AHOME,5800,CALABACITA,200,ITALIANA (Zucchini),500,Tonelada,1,OTOÑO-INVIERNO,1,RIEGO,368.0,178.0,190.0,3204.0,18.0,3800.0,12175200.0
2011,25,SINALOA,133,LOS MOCHIS,6,AHOME,1,AHOME,6500,CAÑA DE AZUCAR,200,INDUSTRIAL,500,Tonelada,3,PERENNES,1,RIEGO,2968.0,987.0,1981.0,72051.0,73.0,390.0,28099890.0
2011,25,SINALOA,133,LOS MOCHIS,6,AHOME,1,AHOME,6900,CARTAMO,0,,500,Tonelada,1,OTOÑO-INVIERNO,1,RIEGO,12.0,12.0,0.0,12.0,1.0,6480.0,77760.0
2011,25,SINALOA,133,LOS MOCHIS,6,AHOME,1,AHOME,11400,CHILE VERDE,200,JALAPEÑO,500,Tonelada,1,OTOÑO-INVIERNO,1,RIEGO,54.0,35.0,19.0,546.0,15.6,3100.0,1692600.0
2011,25,SINALOA,133,LOS MOCHIS,6,AHOME,1,AHOME,12700,ELOTE,0,,500,Tonelada,1,OTOÑO-INVIERNO,1,RIEGO,370.0,370.0,0.0,3330.0,9.0,2500.0,8325000.0
2011,25,SINALOA,133,LOS MOCHIS,6,AHOME,1,AHOME,14200,FRIJOL,100,AZUFRADO,500,Tonelada,1,OTOÑO-INVIERNO,1,RIEGO,3625.0,2910.0,715.0,3201.0,1.1,12000.0,38412000.0
2011,25,SINALOA,133,LOS MOCHIS,6,AHOME,1,AHOME,14200,FRIJOL,500,MAYOCOBA,500,Tonelada,1,OTOÑO-INVIERNO,1,RIEGO,900.0,729.0,171.0,801.9,1.1,12000.0,9622800.0
2011,25,SINALOA,133,LOS MOCHIS,6,AHOME,1,AHOME,14700,GARBANZO GRANO,100,BLANCO,500,Tonelada,1,OTOÑO-INVIERNO,1,RIEGO,9.0,0.0,9.0,0.0,0.0,0.0,0.0
2011,25,SINALOA,133,LOS MOCHIS,6,AHOME,1,AHOME,19700,MAIZ GRANO,100,AMARILLO,500,Tonelada,1,OTOÑO-INVIERNO,1,RIEGO,252.0,0.0,252.0,0.0,0.0,0.0,0.0
2011,25,SINALOA,133,LOS MOCHIS,6,AHOME,1,AHOME,19700,MAIZ GRANO,200,BLANCO,500,Tonelada,1,OTOÑO-INVIERNO,1,RIEGO,32631.07,25637.07,6994.0,184586.9,7.2,3700.0,682971530.0
2011,25,SINALOA,133,LOS MOCHIS,6,AHOME,1,AHOME,20400,MANGO,500,KENT,500,Tonelada,3,PERENNES,1,RIEGO,1674.0,974.0,700.0,12761.0,13.1,5500.0,70185500.0
2011,25,SINALOA,133,LOS MOCHIS,6,AHOME,1,AHOME,24400,PAPA,100,ALPHA (Blanca),500,Tonelada,1,OTOÑO-INVIERNO,1,RIEGO,203.0,203.0,0.0,4364.0,21.5,5500.0,24002000.0
2011,25,SINALOA,133,LOS MOCHIS,6,AHOME,1,AHOME,24800,PASTOS Y PRADERAS EN VERDE,0,,500,Tonelada,3,PERENNES,1,RIEGO,278.0,225.0,53.0,1620.0,7.2,650.0,1053000.0
2011,25,SINALOA,133,LOS MOCHIS,6,AHOME,1,AHOME,24900,PEPINO,0,,500,Tonelada,1,OTOÑO-INVIERNO,1,RIEGO,14.0,4.0,10.0,72.0,18.0,1800.0,129600.0
2011,25,SINALOA,133,LOS MOCHIS,6,AHOME,1,AHOME,29500,SORGO GRANO,0,,500,Tonelada,1,OTOÑO-INVIERNO,1,RIEGO,5627.71,5598.71,29.0,40873.08,7.3,3800.0,155317704.0
2011,25,SINALOA,133,LOS MOCHIS,6,AHOME,1,AHOME,30800,TOMATE ROJO (JITOMATE),800,SALADETTE,500,Tonelada,1,OTOÑO-INVIERNO,1,RIEGO,92.0,12.0,80.0,216.0,18.0,8000.0,1728000.0
2011,25,SINALOA,133,LOS MOCHIS,6,AHOME,1,AHOME,31000,TOMATE VERDE,0,,500,Tonelada,1,OTOÑO-INVIERNO,1,RIEGO,121.0,75.0,46.0,1425.0,19.0,1500.0,2137500.0
2011,25,SINALOA,133,LOS MOCHIS,6,AHOME,1,AHOME,31500,TRIGO GRANO,100,CRISTALINO,500,Tonelada,1,OTOÑO-INVIERNO,1,RIEGO,177.0,177.0,0.0,828.0,4.68,3700.0,3063600.0
2011,25,SINALOA,133,LOS MOCHIS,6,AHOME,1,AHOME,32250,VARIOS,0,,500,Tonelada,1,OTOÑO-INVIERNO,1,RIEGO,12.0,0.0,12.0,0.0,0.0,0.0,0.0
2011,25,SINALOA,133,LOS MOCHIS,7,LOS MOCHIS,1,AHOME,500,AGAVE,200,TEQUILERO,500,Tonelada,3,PERENNES,1,RIEGO,36.0,0.0,36.0,0.0,0.0,0.0,0.0
2011,25,SINALOA,133,LOS MOCHIS,7,LOS MOCHIS,1,AHOME,1600,ALFALFA ACHICALADA,0,,500,Tonelada,3,PERENNES,1,RIEGO,460.0,460.0,0.0,8280.0,18.0,2250.0,18630000.0
2011,25,SINALOA,133,LOS MOCHIS,7,LOS MOCHIS,1,AHOME,5800,CALABACITA,200,ITALIANA (Zucchini),500,Tonelada,1,OTOÑO-INVIERNO,1,RIEGO,309.0,185.0,124.0,3700.0,20.0,3800.0,14060000.0
2011,25,SINALOA,133,LOS MOCHIS,7,LOS MOCHIS,1,AHOME,6500,CAÑA DE AZUCAR,200,INDUSTRIAL,500,Tonelada,3,PERENNES,1,RIEGO,4200.0,4123.0,77.0,276339.95,67.02,390.0,107772580.5
2011,25,SINALOA,133,LOS MOCHIS,7,LOS MOCHIS,1,AHOME,7400,CEBOLLA,100,BLANCA,500,Tonelada,1,OTOÑO-INVIERNO,1,RIEGO,181.0,181.0,0.0,2170.0,11.99,2500.0,5425000.0
2011,25,SINALOA,133,LOS MOCHIS,7,LOS MOCHIS,1,AHOME,11400,CHILE VERDE,200,JALAPEÑO,500,Tonelada,1,OTOÑO-INVIERNO,1,RIEGO,286.0,181.0,105.0,3200.0,17.68,3600.0,11520000.0
2011,25,SINALOA,133,LOS MOCHIS,7,LOS MOCHIS,1,AHOME,11400,CHILE VERDE,900,SERRANO,500,Tonelada,1,OTOÑO-INVIERNO,1,RIEGO,75.0,62.0,13.0,930.0,15.0,3200.0,2976000.0
2011,25,SINALOA,133,LOS MOCHIS,7,LOS MOCHIS,1,AHOME,11400,CHILE VERDE,1200,BELL PEPPER,500,Tonelada,1,OTOÑO-INVIERNO,1,RIEGO,30.0,10.0,20.0,190.0,19.0,3500.0,665000.0
2011,25,SINALOA,133,LOS MOCHIS,7,LOS MOCHIS,1,AHOME,14200,FRIJOL,100,AZUFRADO,500,Tonelada,1,OTOÑO-INVIERNO,1,RIEGO,4548.0,3866.0,682.0,4639.2,1.2,12000.0,55670400.0
2011,25,SINALOA,133,LOS MOCHIS,7,LOS MOCHIS,1,AHOME,14200,FRIJOL,500,MAYOCOBA,500,Tonelada,1,OTOÑO-INVIERNO,1,RIEGO,700.0,595.0,105.0,714.0,1.2,12000.0,8568000.0
2011,25,SINALOA,133,LOS MOCHIS,7,LOS MOCHIS,1,AHOME,14700,GARBANZO GRANO,100,BLANCO,500,Tonelada,1,OTOÑO-INVIERNO,1,RIEGO,597.0,277.0,320.0,396.0,1.43,14000.0,5544000.0
2011,25,SINALOA,133,LOS MOCHIS,7,LOS MOCHIS,1,AHOME,16930,HORTALIZAS,0,,500,Tonelada,1,OTOÑO-INVIERNO,1,RIEGO,258.0,20.0,238.0,90.0,4.5,2500.0,225000.0
2011,25,SINALOA,133,LOS MOCHIS,7,LOS MOCHIS,1,AHOME,19700,MAIZ GRANO,100,AMARILLO,500,Tonelada,1,OTOÑO-INVIERNO,1,RIEGO,125.0,24.0,101.0,180.0,7.5,2500.0,450000.0
2011,25,SINALOA,133,LOS MOCHIS,7,LOS MOCHIS,1,AHOME,19700,MAIZ GRANO,200,BLANCO,500,Tonelada,1,OTOÑO-INVIERNO,1,RIEGO,34652.78,21470.78,13182.0,154589.62,7.2,3650.0,564252113.0
2011,25,SINALOA,133,LOS MOCHIS,7,LOS MOCHIS,1,AHOME,20400,MANGO,500,KENT,500,Tonelada,3,PERENNES,1,RIEGO,99.0,0.0,99.0,0.0,0.0,0.0,0.0
2011,25,SINALOA,133,LOS MOCHIS,7,LOS MOCHIS,1,AHOME,24400,PAPA,100,ALPHA (Blanca),500,Tonelada,1,OTOÑO-INVIERNO,1,RIEGO,7291.0,7291.0,0.0,171669.0,23.55,5000.0,858345000.0
2011,25,SINALOA,133,LOS MOCHIS,7,LOS MOCHIS,1,AHOME,24800,PASTOS Y PRADERAS EN VERDE,0,,500,Tonelada,3,PERENNES,1,RIEGO,183.0,183.0,0.0,1427.4,7.8,700.0,999180.0
2011,25,SINALOA,133,LOS MOCHIS,7,LOS MOCHIS,1,AHOME,24900,PEPINO,0,,500,Tonelada,1,OTOÑO-INVIERNO,1,RIEGO,98.0,98.0,0.0,2058.0,21.0,2000.0,4116000.0
2011,25,SINALOA,133,LOS MOCHIS,7,LOS MOCHIS,1,AHOME,29500,SORGO GRANO,0,,500,Tonelada,1,OTOÑO-INVIERNO,1,RIEGO,16245.05,16245.05,0.0,131259.28,8.08,3500.0,459407480.0
2011,25,SINALOA,133,LOS MOCHIS,7,LOS MOCHIS,1,AHOME,30800,TOMATE ROJO (JITOMATE),800,SALADETTE,500,Tonelada,1,OTOÑO-INVIERNO,1,RIEGO,666.0,232.0,434.0,4756.0,20.5,2000.0,9512000.0
2011,25,SINALOA,133,LOS MOCHIS,7,LOS MOCHIS,1,AHOME,31000,TOMATE VERDE,0,,500,Tonelada,1,OTOÑO-INVIERNO,1,RIEGO,734.0,480.0,254.0,5088.0,10.6,1400.0,7123200.0
2011,25,SINALOA,133,LOS MOCHIS,7,LOS MOCHIS,1,AHOME,31500,TRIGO GRANO,100,CRISTALINO,500,Tonelada,1,OTOÑO-INVIERNO,1,RIEGO,8.0,8.0,0.0,37.0,4.63,3750.0,138750.0
2011,25,SINALOA,133,LOS MOCHIS,7,LOS MOCHIS,1,AHOME,32250,VARIOS,0,,500,Tonelada,1,OTOÑO-INVIERNO,1,RIEGO,24.0,0.0,24.0,0.0,0.0,0.0,0.0
2011,25,SINALOA,133,LOS MOCHIS,7,LOS MOCHIS,1,AHOME,32250,VARIOS,0,,500,Tonelada,2,PRIMAVERA-VERANO,1,RIEGO,461.0,461.0,0.0,3504.0,7.6,3500.0,12264000.0
2011,25,SINALOA,133,LOS MOCHIS,8,RUIZ CORTINEZ,11,GUASAVE,1600,ALFALFA ACHICALADA,0,,500,Tonelada,3,PERENNES,1,RIEGO,105.0,105.0,0.0,1884.75,17.95,2250.0,4240687.5
2011,25,SINALOA,133,LOS MOCHIS,8,RUIZ CORTINEZ,11,GUASAVE,1800,ALGODÓN HUESO,0,,500,Tonelada,1,OTOÑO-INVIERNO,1,RIEGO,512.0,0.0,512.0,0.0,0.0,0.0,0.0
2011,25,SINALOA,133,LOS MOCHIS,8,RUIZ CORTINEZ,11,GUASAVE,5800,CALABACITA,200,ITALIANA (Zucchini),500,Tonelada,1,OTOÑO-INVIERNO,1,RIEGO,115.0,115.0,0.0,2082.0,18.1,2435.16,5070003.12
2011,25,SINALOA,133,LOS MOCHIS,8,RUIZ CORTINEZ,11,GUASAVE,6500,CAÑA DE AZUCAR,200,INDUSTRIAL,500,Tonelada,3,PERENNES,1,RIEGO,248.0,124.0,124.0,9176.0,74.0,390.0,3578640.0
2011,25,SINALOA,133,LOS MOCHIS,8,RUIZ CORTINEZ,11,GUASAVE,6900,CARTAMO,0,,500,Tonelada,1,OTOÑO-INVIERNO,1,RIEGO,10.0,0.0,10.0,0.0,0.0,0.0,0.0
2011,25,SINALOA,133,LOS MOCHIS,8,RUIZ CORTINEZ,11,GUASAVE,7400,CEBOLLA,100,BLANCA,500,Tonelada,1,OTOÑO-INVIERNO,1,RIEGO,11.0,11.0,0.0,154.0,14.0,2255.0,347270.0
2011,25,SINALOA,133,LOS MOCHIS,8,RUIZ CORTINEZ,11,GUASAVE,11400,CHILE VERDE,200,JALAPEÑO,500,Tonelada,1,OTOÑO-INVIERNO,1,RIEGO,474.0,272.2,201.8,2110.8,7.76,3450.0,7282260.0
2011,25,SINALOA,133,LOS MOCHIS,8,RUIZ CORTINEZ,11,GUASAVE,11400,CHILE VERDE,900,SERRANO,500,Tonelada,1,OTOÑO-INVIERNO,1,RIEGO,156.0,0.0,156.0,0.0,0.0,0.0,0.0
2011,25,SINALOA,133,LOS MOCHIS,8,RUIZ CORTINEZ,11,GUASAVE,11400,CHILE VERDE,1200,BELL PEPPER,500,Tonelada,1,OTOÑO-INVIERNO,1,RIEGO,35.0,0.0,35.0,0.0,0.0,0.0,0.0
2011,25,SINALOA,133,LOS MOCHIS,8,RUIZ CORTINEZ,11,GUASAVE,11400,CHILE VERDE,3600,BELL PEPPER MALLA SOMBRA,500,Tonelada,1,OTOÑO-INVIERNO,1,RIEGO,200.0,114.0,86.0,1952.0,17.12,3500.0,6832000.0
2011,25,SINALOA,133,LOS MOCHIS,8,RUIZ CORTINEZ,11,GUASAVE,12600,EJOTE,0,,500,Tonelada,1,OTOÑO-INVIERNO,1,RIEGO,195.0,195.0,0.0,877.0,4.5,2000.0,1754000.0
2011,25,SINALOA,133,LOS MOCHIS,8,RUIZ CORTINEZ,11,GUASAVE,14200,FRIJOL,100,AZUFRADO,500,Tonelada,1,OTOÑO-INVIERNO,1,RIEGO,9771.0,7817.0,1954.0,8208.0,1.05,11999.78,98494194.24
2011,25,SINALOA,133,LOS MOCHIS,8,RUIZ CORTINEZ,11,GUASAVE,14200,FRIJOL,500,MAYOCOBA,500,Tonelada,1,OTOÑO-INVIERNO,1,RIEGO,1330.0,1064.0,266.0,1117.0,1.05,12002.15,13406401.55
2011,25,SINALOA,133,LOS MOCHIS,8,RUIZ CORTINEZ,11,GUASAVE,14700,GARBANZO GRANO,100,BLANCO,500,Tonelada,1,OTOÑO-INVIERNO,1,RIEGO,851.0,0.0,851.0,0.0,0.0,0.0,0.0
2011,25,SINALOA,133,LOS MOCHIS,8,RUIZ CORTINEZ,11,GUASAVE,16930,HORTALIZAS,0,,500,Tonelada,1,OTOÑO-INVIERNO,1,RIEGO,51.0,0.0,51.0,0.0,0.0,0.0,0.0
2011,25,SINALOA,133,LOS MOCHIS,8,RUIZ CORTINEZ,11,GUASAVE,19700,MAIZ GRANO,100,AMARILLO,500,Tonelada,1,OTOÑO-INVIERNO,1,RIEGO,124.0,0.0,124.0,0.0,0.0,0.0,0.0
2011,25,SINALOA,133,LOS MOCHIS,8,RUIZ CORTINEZ,11,GUASAVE,19700,MAIZ GRANO,200,BLANCO,500,Tonelada,1,OTOÑO-INVIERNO,1,RIEGO,51727.51,25397.51,26330.0,182862.07,7.2,3751.88,686076543.2
2011,25,SINALOA,133,LOS MOCHIS,8,RUIZ CORTINEZ,11,GUASAVE,22400,NARANJA,400,VALENCIA,500,Tonelada,3,PERENNES,1,RIEGO,231.0,178.0,53.0,2492.0,14.0,2450.0,6105400.0
2011,25,SINALOA,133,LOS MOCHIS,8,RUIZ CORTINEZ,11,GUASAVE,24400,PAPA,100,ALPHA (Blanca),500,Tonelada,1,OTOÑO-INVIERNO,1,RIEGO,3637.0,3637.0,0.0,81432.0,22.39,7000.0,570024000.0
2011,25,SINALOA,133,LOS MOCHIS,8,RUIZ CORTINEZ,11,GUASAVE,24800,PASTOS Y PRADERAS EN VERDE,0,,500,Tonelada,3,PERENNES,1,RIEGO,83.0,83.0,0.0,684.75,8.25,650.0,445087.5
2011,25,SINALOA,133,LOS MOCHIS,8,RUIZ CORTINEZ,11,GUASAVE,24900,PEPINO,0,,500,Tonelada,1,OTOÑO-INVIERNO,1,RIEGO,89.0,89.0,0.0,2225.0,25.0,3608.09,8028000.25
2011,25,SINALOA,133,LOS MOCHIS,8,RUIZ CORTINEZ,11,GUASAVE,29500,SORGO GRANO,0,,500,Tonelada,1,OTOÑO-INVIERNO,1,RIEGO,17018.0,17018.0,0.0,126443.74,7.43,3800.0,480486212.0
2011,25,SINALOA,133,LOS MOCHIS,8,RUIZ CORTINEZ,11,GUASAVE,30800,TOMATE ROJO (JITOMATE),800,SALADETTE,500,Tonelada,1,OTOÑO-INVIERNO,1,RIEGO,804.0,537.0,267.0,9995.6,18.61,3395.01,33935161.96
2011,25,SINALOA,133,LOS MOCHIS,8,RUIZ CORTINEZ,11,GUASAVE,30800,TOMATE ROJO (JITOMATE),1500,SALADETTE MALLA SOMBRA,500,Tonelada,1,OTOÑO-INVIERNO,1,RIEGO,250.0,167.0,83.0,5844.4,35.0,3402.0,19882648.8
2011,25,SINALOA,133,LOS MOCHIS,8,RUIZ CORTINEZ,11,GUASAVE,31000,TOMATE VERDE,0,,500,Tonelada,1,OTOÑO-INVIERNO,1,RIEGO,902.0,902.0,0.0,6855.2,7.6,1450.0,9940040.0
2011,25,SINALOA,133,LOS MOCHIS,8,RUIZ CORTINEZ,11,GUASAVE,31500,TRIGO GRANO,100,CRISTALINO,500,Tonelada,1,OTOÑO-INVIERNO,1,RIEGO,160.0,160.0,0.0,712.0,4.45,3700.0,2634400.0
2011,25,SINALOA,133,LOS MOCHIS,8,RUIZ CORTINEZ,11,GUASAVE,32250,VARIOS,0,,500,Tonelada,1,OTOÑO-INVIERNO,1,RIEGO,37.0,0.0,37.0,0.0,0.0,0.0,0.0
2011,25,SINALOA,133,LOS MOCHIS,8,RUIZ CORTINEZ,11,GUASAVE,32250,VARIOS,0,,500,Tonelada,2,PRIMAVERA-VERANO,1,RIEGO,237.0,237.0,0.0,1801.2,7.6,3500.0,6304200.0
2011,25,SINALOA,133,LOS MOCHIS,8,RUIZ CORTINEZ,17,SINALOA,1600,ALFALFA ACHICALADA,0,,500,Tonelada,3,PERENNES,1,RIEGO,108.0,108.0,0.0,1938.6,17.95,2250.0,4361850.0
2011,25,SINALOA,133,LOS MOCHIS,8,RUIZ CORTINEZ,17,SINALOA,1800,ALGODÓN HUESO,0,,500,Tonelada,1,OTOÑO-INVIERNO,1,RIEGO,58.0,0.0,58.0,0.0,0.0,0.0,0.0
2011,25,SINALOA,133,LOS MOCHIS,8,RUIZ CORTINEZ,17,SINALOA,6500,CAÑA DE AZUCAR,200,INDUSTRIAL,500,Tonelada,3,PERENNES,1,RIEGO,67.0,67.0,0.0,4824.0,72.0,390.0,1881360.0
2011,25,SINALOA,133,LOS MOCHIS,8,RUIZ CORTINEZ,17,SINALOA,6900,CARTAMO,0,,500,Tonelada,1,OTOÑO-INVIERNO,1,RIEGO,36.0,0.0,36.0,0.0,0.0,0.0,0.0
2011,25,SINALOA,133,LOS MOCHIS,8,RUIZ CORTINEZ,17,SINALOA,11400,CHILE VERDE,200,JALAPEÑO,500,Tonelada,1,OTOÑO-INVIERNO,1,RIEGO,170.0,100.0,70.0,950.0,9.5,2800.0,2660000.0
2011,25,SINALOA,133,LOS MOCHIS,8,RUIZ CORTINEZ,17,SINALOA,12600,EJOTE,0,,500,Tonelada,1,OTOÑO-INVIERNO,1,RIEGO,35.0,35.0,0.0,157.0,4.49,2000.0,314000.0
2011,25,SINALOA,133,LOS MOCHIS,8,RUIZ CORTINEZ,17,SINALOA,14200,FRIJOL,100,AZUFRADO,500,Tonelada,1,OTOÑO-INVIERNO,1,RIEGO,538.0,430.0,108.0,430.0,1.0,12000.0,5160000.0
2011,25,SINALOA,133,LOS MOCHIS,8,RUIZ CORTINEZ,17,SINALOA,14200,FRIJOL,500,MAYOCOBA,500,Tonelada,1,OTOÑO-INVIERNO,1,RIEGO,112.0,95.0,17.0,95.0,1.0,12000.0,1140000.0
2011,25,SINALOA,133,LOS MOCHIS,8,RUIZ CORTINEZ,17,SINALOA,14700,GARBANZO GRANO,100,BLANCO,500,Tonelada,1,OTOÑO-INVIERNO,1,RIEGO,290.0,0.0,290.0,0.0,0.0,0.0,0.0
2011,25,SINALOA,133,LOS MOCHIS,8,RUIZ CORTINEZ,17,SINALOA,16930,HORTALIZAS,0,,500,Tonelada,1,OTOÑO-INVIERNO,1,RIEGO,8.0,0.0,8.0,0.0,0.0,0.0,0.0
2011,25,SINALOA,133,LOS MOCHIS,8,RUIZ CORTINEZ,17,SINALOA,19700,MAIZ GRANO,200,BLANCO,500,Tonelada,1,OTOÑO-INVIERNO,1,RIEGO,10539.36,3884.36,6655.0,27967.39,7.2,3725.0,104178527.8
2011,25,SINALOA,133,LOS MOCHIS,8,RUIZ CORTINEZ,17,SINALOA,24800,PASTOS Y PRADERAS EN VERDE,0,,500,Tonelada,3,PERENNES,1,RIEGO,72.0,72.0,0.0,522.0,7.25,650.0,339300.0
2011,25,SINALOA,133,LOS MOCHIS,8,RUIZ CORTINEZ,17,SINALOA,24900,PEPINO,0,,500,Tonelada,1,OTOÑO-INVIERNO,1,RIEGO,9.0,9.0,0.0,225.0,25.0,1500.0,337500.0
2011,25,SINALOA,133,LOS MOCHIS,8,RUIZ CORTINEZ,17,SINALOA,29500,SORGO GRANO,0,,500,Tonelada,1,OTOÑO-INVIERNO,1,RIEGO,2298.71,2298.71,0.0,11437.98,4.98,3500.0,40032930.0
2011,25,SINALOA,133,LOS MOCHIS,8,RUIZ CORTINEZ,17,SINALOA,30800,TOMATE ROJO (JITOMATE),800,SALADETTE,500,Tonelada,1,OTOÑO-INVIERNO,1,RIEGO,148.0,130.0,18.0,2860.0,22.0,1800.0,5148000.0
2011,25,SINALOA,133,LOS MOCHIS,8,RUIZ CORTINEZ,17,SINALOA,31000,TOMATE VERDE,0,,500,Tonelada,1,OTOÑO-INVIERNO,1,RIEGO,72.0,72.0,0.0,525.0,7.29,1500.0,787500.0
2011,25,SINALOA,133,LOS MOCHIS,8,RUIZ CORTINEZ,17,SINALOA,31500,TRIGO GRANO,100,CRISTALINO,500,Tonelada,1,OTOÑO-INVIERNO,1,RIEGO,872.0,872.0,0.0,4054.0,4.65,3700.0,14999800.0
2011,25,SINALOA,133,LOS MOCHIS,8,RUIZ CORTINEZ,17,SINALOA,32250,VARIOS,0,,500,Tonelada,2,PRIMAVERA-VERANO,1,RIEGO,84.0,84.0,0.0,638.0,7.6,3500.0,2233000.0
2011,25,SINALOA,134,GUASAVE,1,OCORONI,17,SINALOA,800,AJONJOLÍ,0,,500,Tonelada,2,PRIMAVERA-VERANO,2,TEMPORAL,5243.13,2322.71,2920.42,580.68,0.25,11500.0,6677820.0
2011,25,SINALOA,134,GUASAVE,1,OCORONI,17,SINALOA,1600,ALFALFA ACHICALADA,0,,500,Tonelada,3,PERENNES,1,RIEGO,25.0,25.0,0.0,107.5,4.3,2000.0,215000.0
2011,25,SINALOA,134,GUASAVE,1,OCORONI,17,SINALOA,5300,CACAHUATE,0,,500,Tonelada,2,PRIMAVERA-VERANO,2,TEMPORAL,231.87,92.75,139.12,46.38,0.5,6200.0,287556.0
2011,25,SINALOA,134,GUASAVE,1,OCORONI,17,SINALOA,5800,CALABACITA,200,ITALIANA (Zucchini),500,Tonelada,1,OTOÑO-INVIERNO,1,RIEGO,5.4,0.0,5.4,0.0,0.0,0.0,0.0
2011,25,SINALOA,134,GUASAVE,1,OCORONI,17,SINALOA,6900,CARTAMO,0,,500,Tonelada,1,OTOÑO-INVIERNO,1,RIEGO,173.02,86.51,86.51,155.72,1.8,6500.0,1012180.0
2011,25,SINALOA,134,GUASAVE,1,OCORONI,17,SINALOA,11400,CHILE VERDE,1300,ANAHEIM,500,Tonelada,1,OTOÑO-INVIERNO,1,RIEGO,30.4,0.0,30.4,0.0,0.0,0.0,0.0
2011,25,SINALOA,134,GUASAVE,1,OCORONI,17,SINALOA,12600,EJOTE,0,,500,Tonelada,1,OTOÑO-INVIERNO,1,RIEGO,0.0,0.0,0.0,0.0,0.0,0.0,0.0
2011,25,SINALOA,134,GUASAVE,1,OCORONI,17,SINALOA,14200,FRIJOL,100,AZUFRADO,500,Tonelada,1,OTOÑO-INVIERNO,1,RIEGO,1162.0,371.0,791.0,408.0,1.1,12000.0,4896000.0
2011,25,SINALOA,134,GUASAVE,1,OCORONI,17,SINALOA,14700,GARBANZO GRANO,100,BLANCO,500,Tonelada,1,OTOÑO-INVIERNO,1,RIEGO,10143.41,0.0,10143.41,0.0,0.0,0.0,0.0
2011,25,SINALOA,134,GUASAVE,1,OCORONI,17,SINALOA,19700,MAIZ GRANO,200,BLANCO,500,Tonelada,1,OTOÑO-INVIERNO,1,RIEGO,1036.0,518.0,518.0,3677.8,7.1,3670.0,13497526.0
2011,25,SINALOA,134,GUASAVE,1,OCORONI,17,SINALOA,20300,MANDARINA,0,,500,Tonelada,3,PERENNES,1,RIEGO,20.0,0.0,20.0,0.0,0.0,0.0,0.0
2011,25,SINALOA,134,GUASAVE,1,OCORONI,17,SINALOA,20400,MANGO,300,HADEN,500,Tonelada,3,PERENNES,1,RIEGO,20.0,0.0,20.0,0.0,0.0,0.0,0.0
2011,25,SINALOA,134,GUASAVE,1,OCORONI,17,SINALOA,20400,MANGO,500,KENT,500,Tonelada,3,PERENNES,1,RIEGO,3.0,0.0,3.0,0.0,0.0,0.0,0.0
2011,25,SINALOA,134,GUASAVE,1,OCORONI,17,SINALOA,22400,NARANJA,400,VALENCIA,500,Tonelada,3,PERENNES,1,RIEGO,45.0,0.0,45.0,0.0,0.0,0.0,0.0
2011,25,SINALOA,134,GUASAVE,1,OCORONI,17,SINALOA,24800,PASTOS Y PRADERAS EN VERDE,0,,500,Tonelada,3,PERENNES,1,RIEGO,15.0,15.0,0.0,255.0,17.0,550.0,140250.0
2011,25,SINALOA,134,GUASAVE,1,OCORONI,17,SINALOA,24900,PEPINO,0,,500,Tonelada,1,OTOÑO-INVIERNO,1,RIEGO,2.35,0.0,2.35,0.0,0.0,0.0,0.0
2011,25,SINALOA,134,GUASAVE,1,OCORONI,17,SINALOA,28700,SANDIA,300,VERDE (JUBILIE),500,Tonelada,1,OTOÑO-INVIERNO,1,RIEGO,6.0,2.0,4.0,56.0,28.0,3500.0,196000.0
2011,25,SINALOA,134,GUASAVE,1,OCORONI,17,SINALOA,29500,SORGO GRANO,0,,500,Tonelada,1,OTOÑO-INVIERNO,1,RIEGO,1966.42,983.21,983.21,5800.94,5.9,3800.0,22043572.0
2011,25,SINALOA,134,GUASAVE,1,OCORONI,17,SINALOA,30800,TOMATE ROJO (JITOMATE),400,INDUSTRIAL,500,Tonelada,1,OTOÑO-INVIERNO,1,RIEGO,255.32,15.83,239.49,474.9,30.0,5500.0,2611950.0
2011,25,SINALOA,134,GUASAVE,1,OCORONI,17,SINALOA,31000,TOMATE VERDE,0,,500,Tonelada,1,OTOÑO-INVIERNO,1,RIEGO,304.4,0.0,304.4,0.0,0.0,0.0,0.0
2011,25,SINALOA,134,GUASAVE,1,OCORONI,17,SINALOA,31200,TORONJA (POMELO),0,,500,Tonelada,3,PERENNES,1,RIEGO,20.0,0.0,20.0,0.0,0.0,0.0,0.0
2011,25,SINALOA,134,GUASAVE,1,OCORONI,17,SINALOA,31500,TRIGO GRANO,400,SUAVE,500,Tonelada,1,OTOÑO-INVIERNO,1,RIEGO,3259.0,3259.0,0.0,12710.0,3.9,3800.0,48298000.0
2011,25,SINALOA,134,GUASAVE,2,SINALOA DE LEYVA,17,SINALOA,1600,ALFALFA ACHICALADA,0,,500,Tonelada,3,PERENNES,1,RIEGO,130.0,130.0,0.0,559.0,4.3,2000.0,1118000.0
2011,25,SINALOA,134,GUASAVE,2,SINALOA DE LEYVA,17,SINALOA,6900,CARTAMO,0,,500,Tonelada,1,OTOÑO-INVIERNO,1,RIEGO,0.0,0.0,0.0,0.0,0.0,0.0,0.0
2011,25,SINALOA,134,GUASAVE,2,SINALOA DE LEYVA,17,SINALOA,14200,FRIJOL,100,AZUFRADO,500,Tonelada,1,OTOÑO-INVIERNO,1,RIEGO,412.0,20.6,391.4,35.02,1.7,12000.0,420240.0
2011,25,SINALOA,134,GUASAVE,2,SINALOA DE LEYVA,17,SINALOA,14700,GARBANZO GRANO,100,BLANCO,500,Tonelada,1,OTOÑO-INVIERNO,1,RIEGO,378.0,256.0,122.0,563.2,2.2,9500.0,5350400.0
2011,25,SINALOA,134,GUASAVE,2,SINALOA DE LEYVA,17,SINALOA,19700,MAIZ GRANO,200,BLANCO,500,Tonelada,1,OTOÑO-INVIERNO,1,RIEGO,2130.0,1065.0,1065.0,7561.5,7.1,3750.0,28355625.0
2011,25,SINALOA,134,GUASAVE,2,SINALOA DE LEYVA,17,SINALOA,20300,MANDARINA,0,,500,Tonelada,3,PERENNES,1,RIEGO,3.0,0.0,3.0,0.0,0.0,0.0,0.0
2011,25,SINALOA,134,GUASAVE,2,SINALOA DE LEYVA,17,SINALOA,20400,MANGO,300,HADEN,500,Tonelada,3,PERENNES,1,RIEGO,5.0,0.0,5.0,0.0,0.0,0.0,0.0
2011,25,SINALOA,134,GUASAVE,2,SINALOA DE LEYVA,17,SINALOA,20400,MANGO,500,KENT,500,Tonelada,3,PERENNES,1,RIEGO,4.5,0.0,4.5,0.0,0.0,0.0,0.0
2011,25,SINALOA,134,GUASAVE,2,SINALOA DE LEYVA,17,SINALOA,22400,NARANJA,400,VALENCIA,500,Tonelada,3,PERENNES,1,RIEGO,28.0,0.0,28.0,0.0,0.0,0.0,0.0
2011,25,SINALOA,134,GUASAVE,2,SINALOA DE LEYVA,17,SINALOA,24800,PASTOS Y PRADERAS EN VERDE,0,,500,Tonelada,3,PERENNES,1,RIEGO,130.0,130.0,0.0,2210.0,17.0,500.0,1105000.0
2011,25,SINALOA,134,GUASAVE,2,SINALOA DE LEYVA,17,SINALOA,29500,SORGO GRANO,0,,500,Tonelada,1,OTOÑO-INVIERNO,1,RIEGO,1400.0,700.0,700.0,4130.0,5.9,3800.0,15694000.0
2011,25,SINALOA,134,GUASAVE,2,SINALOA DE LEYVA,17,SINALOA,31500,TRIGO GRANO,400,SUAVE,500,Tonelada,1,OTOÑO-INVIERNO,1,RIEGO,370.0,8.14,361.86,35.0,4.3,3900.0,136500.0
2011,25,SINALOA,134,GUASAVE,3,BACUBIRITO,17,SINALOA,800,AJONJOLÍ,0,,500,Tonelada,2,PRIMAVERA-VERANO,2,TEMPORAL,1615.6,823.96,791.64,164.79,0.2,11500.0,1895085.0
2011,25,SINALOA,134,GUASAVE,3,BACUBIRITO,17,SINALOA,5300,CACAHUATE,0,,500,Tonelada,2,PRIMAVERA-VERANO,2,TEMPORAL,388.82,202.19,186.63,90.99,0.45,6200.0,564138.0
2011,25,SINALOA,134,GUASAVE,4,LA TRINIDAD,11,GUASAVE,1600,ALFALFA ACHICALADA,0,,500,Tonelada,3,PERENNES,1,RIEGO,146.05,146.05,0.0,628.02,4.3,2000.0,1256040.0
2011,25,SINALOA,134,GUASAVE,4,LA TRINIDAD,11,GUASAVE,5800,CALABACITA,200,ITALIANA (Zucchini),500,Tonelada,1,OTOÑO-INVIERNO,1,RIEGO,25.35,0.0,25.35,0.0,0.0,0.0,0.0
2011,25,SINALOA,134,GUASAVE,4,LA TRINIDAD,11,GUASAVE,6900,CARTAMO,0,,500,Tonelada,1,OTOÑO-INVIERNO,1,RIEGO,75.58,37.79,37.79,68.02,1.8,6500.0,442130.0
2011,25,SINALOA,134,GUASAVE,4,LA TRINIDAD,11,GUASAVE,7400,CEBOLLA,100,BLANCA,500,Tonelada,1,OTOÑO-INVIERNO,1,RIEGO,0.0,0.0,0.0,0.0,0.0,0.0,0.0
2011,25,SINALOA,134,GUASAVE,4,LA TRINIDAD,11,GUASAVE,11400,CHILE VERDE,1300,ANAHEIM,500,Tonelada,1,OTOÑO-INVIERNO,1,RIEGO,76.39,0.0,76.39,0.0,0.0,0.0,0.0
2011,25,SINALOA,134,GUASAVE,4,LA TRINIDAD,11,GUASAVE,12600,EJOTE,0,,500,Tonelada,1,OTOÑO-INVIERNO,1,RIEGO,110.0,0.0,110.0,0.0,0.0,0.0,0.0
2011,25,SINALOA,134,GUASAVE,4,LA TRINIDAD,11,GUASAVE,14200,FRIJOL,100,AZUFRADO,500,Tonelada,1,OTOÑO-INVIERNO,1,RIEGO,5047.76,252.39,4795.37,429.06,1.7,12000.0,5148720.0
2011,25,SINALOA,134,GUASAVE,4,LA TRINIDAD,11,GUASAVE,14700,GARBANZO GRANO,100,BLANCO,500,Tonelada,1,OTOÑO-INVIERNO,1,RIEGO,246.89,0.0,246.89,0.0,0.0,0.0,0.0
2011,25,SINALOA,134,GUASAVE,4,LA TRINIDAD,11,GUASAVE,19000,LIMON,100,AGRIO (MEXICANO),500,Tonelada,3,PERENNES,1,RIEGO,25.0,0.0,25.0,0.0,0.0,0.0,0.0
2011,25,SINALOA,134,GUASAVE,4,LA TRINIDAD,11,GUASAVE,19700,MAIZ GRANO,200,BLANCO,500,Tonelada,1,OTOÑO-INVIERNO,1,RIEGO,18690.04,9345.02,9345.02,68218.65,7.3,3600.0,245587140.0
2011,25,SINALOA,134,GUASAVE,4,LA TRINIDAD,11,GUASAVE,20300,MANDARINA,0,,500,Tonelada,3,PERENNES,1,RIEGO,77.0,0.0,77.0,0.0,0.0,0.0,0.0
2011,25,SINALOA,134,GUASAVE,4,LA TRINIDAD,11,GUASAVE,20400,MANGO,300,HADEN,500,Tonelada,3,PERENNES,1,RIEGO,15.0,0.0,15.0,0.0,0.0,0.0,0.0
2011,25,SINALOA,134,GUASAVE,4,LA TRINIDAD,11,GUASAVE,20400,MANGO,500,KENT,500,Tonelada,3,PERENNES,1,RIEGO,45.0,0.0,45.0,0.0,0.0,0.0,0.0
2011,25,SINALOA,134,GUASAVE,4,LA TRINIDAD,11,GUASAVE,24800,PASTOS Y PRADERAS EN VERDE,0,,500,Tonelada,3,PERENNES,1,RIEGO,75.0,10.0,65.0,175.0,17.5,500.0,87500.0
2011,25,SINALOA,134,GUASAVE,4,LA TRINIDAD,11,GUASAVE,24900,PEPINO,0,,500,Tonelada,1,OTOÑO-INVIERNO,1,RIEGO,6.0,0.0,6.0,0.0,0.0,0.0,0.0
2011,25,SINALOA,134,GUASAVE,4,LA TRINIDAD,11,GUASAVE,29500,SORGO GRANO,0,,500,Tonelada,1,OTOÑO-INVIERNO,1,RIEGO,9891.0,9891.0,0.0,67258.8,6.8,3800.0,255583440.0
2011,25,SINALOA,134,GUASAVE,4,LA TRINIDAD,11,GUASAVE,30800,TOMATE ROJO (JITOMATE),400,INDUSTRIAL,500,Tonelada,1,OTOÑO-INVIERNO,1,RIEGO,561.6,34.82,526.78,1044.6,30.0,5500.0,5745300.0
2011,25,SINALOA,134,GUASAVE,4,LA TRINIDAD,11,GUASAVE,31000,TOMATE VERDE,0,,500,Tonelada,1,OTOÑO-INVIERNO,1,RIEGO,400.03,0.0,400.03,0.0,0.0,0.0,0.0
2011,25,SINALOA,134,GUASAVE,4,LA TRINIDAD,11,GUASAVE,31200,TORONJA (POMELO),0,,500,Tonelada,3,PERENNES,1,RIEGO,127.0,0.0,127.0,0.0,0.0,0.0,0.0
2011,25,SINALOA,134,GUASAVE,4,LA TRINIDAD,11,GUASAVE,31500,TRIGO GRANO,400,SUAVE,500,Tonelada,1,OTOÑO-INVIERNO,1,RIEGO,279.0,279.0,0.0,1088.0,3.9,3800.0,4134400.0
2011,25,SINALOA,134,GUASAVE,4,LA TRINIDAD,17,SINALOA,800,AJONJOLÍ,0,,500,Tonelada,2,PRIMAVERA-VERANO,2,TEMPORAL,101.0,46.0,55.0,11.5,0.25,11500.0,132250.0
2011,25,SINALOA,134,GUASAVE,4,LA TRINIDAD,17,SINALOA,1600,ALFALFA ACHICALADA,0,,500,Tonelada,3,PERENNES,1,RIEGO,93.28,93.28,0.0,525.0,5.63,2000.0,1050000.0
2011,25,SINALOA,134,GUASAVE,4,LA TRINIDAD,17,SINALOA,5300,CACAHUATE,0,,500,Tonelada,2,PRIMAVERA-VERANO,2,TEMPORAL,46.0,20.0,26.0,10.0,0.5,6200.0,62000.0
2011,25,SINALOA,134,GUASAVE,4,LA TRINIDAD,17,SINALOA,5800,CALABACITA,200,ITALIANA (Zucchini),500,Tonelada,1,OTOÑO-INVIERNO,1,RIEGO,5.4,0.0,5.4,0.0,0.0,0.0,0.0
2011,25,SINALOA,134,GUASAVE,4,LA TRINIDAD,17,SINALOA,6900,CARTAMO,0,,500,Tonelada,1,OTOÑO-INVIERNO,1,RIEGO,259.74,129.87,129.87,233.77,1.8,6500.0,1519505.0
2011,25,SINALOA,134,GUASAVE,4,LA TRINIDAD,17,SINALOA,7400,CEBOLLA,100,BLANCA,500,Tonelada,1,OTOÑO-INVIERNO,1,RIEGO,0.0,0.0,0.0,0.0,0.0,0.0,0.0
2011,25,SINALOA,134,GUASAVE,4,LA TRINIDAD,17,SINALOA,11400,CHILE VERDE,1300,ANAHEIM,500,Tonelada,1,OTOÑO-INVIERNO,1,RIEGO,30.4,0.0,30.4,0.0,0.0,0.0,0.0
2011,25,SINALOA,134,GUASAVE,4,LA TRINIDAD,17,SINALOA,14200,FRIJOL,100,AZUFRADO,500,Tonelada,1,OTOÑO-INVIERNO,1,RIEGO,8486.97,424.35,8062.62,721.4,1.7,12000.0,8656800.0
2011,25,SINALOA,134,GUASAVE,4,LA TRINIDAD,17,SINALOA,14700,GARBANZO GRANO,100,BLANCO,500,Tonelada,1,OTOÑO-INVIERNO,1,RIEGO,1834.69,0.0,1834.69,0.0,0.0,0.0,0.0
2011,25,SINALOA,134,GUASAVE,4,LA TRINIDAD,17,SINALOA,19000,LIMON,100,AGRIO (MEXICANO),500,Tonelada,3,PERENNES,1,RIEGO,20.0,0.0,20.0,0.0,0.0,0.0,0.0
2011,25,SINALOA,134,GUASAVE,4,LA TRINIDAD,17,SINALOA,19700,MAIZ GRANO,200,BLANCO,500,Tonelada,1,OTOÑO-INVIERNO,1,RIEGO,17320.2,8660.1,8660.1,61486.71,7.1,3700.0,227500827.0
2011,25,SINALOA,134,GUASAVE,4,LA TRINIDAD,17,SINALOA,20400,MANGO,300,HADEN,500,Tonelada,3,PERENNES,1,RIEGO,35.0,0.0,35.0,0.0,0.0,0.0,0.0
2011,25,SINALOA,134,GUASAVE,4,LA TRINIDAD,17,SINALOA,24400,PAPA,100,ALPHA (Blanca),500,Tonelada,1,OTOÑO-INVIERNO,1,RIEGO,0.0,0.0,0.0,0.0,0.0,0.0,0.0
2011,25,SINALOA,134,GUASAVE,4,LA TRINIDAD,17,SINALOA,29500,SORGO GRANO,0,,500,Tonelada,1,OTOÑO-INVIERNO,1,RIEGO,14354.0,14354.0,0.0,97607.2,6.8,3800.0,370907360.0
2011,25,SINALOA,134,GUASAVE,4,LA TRINIDAD,17,SINALOA,30800,TOMATE ROJO (JITOMATE),400,INDUSTRIAL,500,Tonelada,1,OTOÑO-INVIERNO,1,RIEGO,255.32,15.83,239.49,474.9,30.0,5500.0,2611950.0
2011,25,SINALOA,134,GUASAVE,4,LA TRINIDAD,17,SINALOA,31000,TOMATE VERDE,0,,500,Tonelada,1,OTOÑO-INVIERNO,1,RIEGO,304.0,0.0,304.0,0.0,0.0,0.0,0.0
2011,25,SINALOA,134,GUASAVE,4,LA TRINIDAD,17,SINALOA,31500,TRIGO GRANO,400,SUAVE,500,Tonelada,1,OTOÑO-INVIERNO,1,RIEGO,829.0,829.0,0.0,3235.0,3.9,3800.0,12293000.0
2011,25,SINALOA,134,GUASAVE,5,EL BURRION,11,GUASAVE,800,AJONJOLÍ,0,,500,Tonelada,2,PRIMAVERA-VERANO,2,TEMPORAL,38.4,38.4,0.0,10.0,0.26,11500.0,115000.0
2011,25,SINALOA,134,GUASAVE,5,EL BURRION,11,GUASAVE,1600,ALFALFA ACHICALADA,0,,500,Tonelada,3,PERENNES,1,RIEGO,507.22,507.22,0.0,2130.32,4.2,2000.0,4260640.0
2011,25,SINALOA,134,GUASAVE,5,EL BURRION,11,GUASAVE,5800,CALABACITA,200,ITALIANA (Zucchini),500,Tonelada,1,OTOÑO-INVIERNO,1,RIEGO,423.71,0.0,423.71,0.0,0.0,0.0,0.0
2011,25,SINALOA,134,GUASAVE,5,EL BURRION,11,GUASAVE,6900,CARTAMO,0,,500,Tonelada,1,OTOÑO-INVIERNO,1,RIEGO,10.0,5.0,5.0,9.0,1.8,6500.0,58500.0
2011,25,SINALOA,134,GUASAVE,5,EL BURRION,11,GUASAVE,11400,CHILE VERDE,1300,ANAHEIM,500,Tonelada,1,OTOÑO-INVIERNO,1,RIEGO,200.0,0.0,200.0,0.0,0.0,0.0,0.0
2011,25,SINALOA,134,GUASAVE,5,EL BURRION,11,GUASAVE,11400,CHILE VERDE,3600,BELL PEPPER MALLA SOMBRA,500,Tonelada,1,OTOÑO-INVIERNO,1,RIEGO,124.5,0.0,124.5,0.0,0.0,0.0,0.0
2011,25,SINALOA,134,GUASAVE,5,EL BURRION,11,GUASAVE,12600,EJOTE,0,,500,Tonelada,1,OTOÑO-INVIERNO,1,RIEGO,423.95,0.0,423.95,0.0,0.0,0.0,0.0
2011,25,SINALOA,134,GUASAVE,5,EL BURRION,11,GUASAVE,14200,FRIJOL,100,AZUFRADO,500,Tonelada,1,OTOÑO-INVIERNO,1,RIEGO,12001.59,600.08,11401.51,1020.14,1.7,12000.0,12241680.0
2011,25,SINALOA,134,GUASAVE,5,EL BURRION,11,GUASAVE,14700,GARBANZO GRANO,100,BLANCO,500,Tonelada,1,OTOÑO-INVIERNO,1,RIEGO,5468.29,0.0,5468.29,0.0,0.0,0.0,0.0
2011,25,SINALOA,134,GUASAVE,5,EL BURRION,11,GUASAVE,16930,HORTALIZAS,0,,500,Tonelada,1,OTOÑO-INVIERNO,1,RIEGO,35.0,0.0,35.0,0.0,0.0,0.0,0.0
2011,25,SINALOA,134,GUASAVE,5,EL BURRION,11,GUASAVE,19000,LIMON,100,AGRIO (MEXICANO),500,Tonelada,3,PERENNES,1,RIEGO,20.0,17.0,3.0,238.0,14.0,2200.0,523600.0
2011,25,SINALOA,134,GUASAVE,5,EL BURRION,11,GUASAVE,19700,MAIZ GRANO,200,BLANCO,500,Tonelada,1,OTOÑO-INVIERNO,1,RIEGO,41870.0,20935.0,20935.0,152825.5,7.3,3650.0,557813075.0
2011,25,SINALOA,134,GUASAVE,5,EL BURRION,11,GUASAVE,20400,MANGO,300,HADEN,500,Tonelada,3,PERENNES,1,RIEGO,45.0,0.0,45.0,0.0,0.0,0.0,0.0
2011,25,SINALOA,134,GUASAVE,5,EL BURRION,11,GUASAVE,20400,MANGO,500,KENT,500,Tonelada,3,PERENNES,1,RIEGO,25.0,0.0,25.0,0.0,0.0,0.0,0.0
2011,25,SINALOA,134,GUASAVE,5,EL BURRION,11,GUASAVE,21200,MELON,0,,500,Tonelada,1,OTOÑO-INVIERNO,1,RIEGO,0.0,0.0,0.0,0.0,0.0,0.0,0.0
2011,25,SINALOA,134,GUASAVE,5,EL BURRION,11,GUASAVE,22400,NARANJA,400,VALENCIA,500,Tonelada,3,PERENNES,1,RIEGO,40.0,0.0,40.0,0.0,0.0,0.0,0.0
2011,25,SINALOA,134,GUASAVE,5,EL BURRION,11,GUASAVE,24400,PAPA,100,ALPHA (Blanca),500,Tonelada,1,OTOÑO-INVIERNO,1,RIEGO,1650.38,0.0,1650.38,0.0,0.0,0.0,0.0
2011,25,SINALOA,134,GUASAVE,5,EL BURRION,11,GUASAVE,24800,PASTOS Y PRADERAS EN VERDE,0,,500,Tonelada,3,PERENNES,1,RIEGO,40.0,40.0,0.0,720.0,18.0,550.0,396000.0
2011,25,SINALOA,134,GUASAVE,5,EL BURRION,11,GUASAVE,24900,PEPINO,0,,500,Tonelada,1,OTOÑO-INVIERNO,1,RIEGO,83.63,0.0,83.63,0.0,0.0,0.0,0.0
2011,25,SINALOA,134,GUASAVE,5,EL BURRION,11,GUASAVE,28700,SANDIA,0,,500,Tonelada,1,OTOÑO-INVIERNO,1,RIEGO,233.09,0.0,233.09,0.0,0.0,0.0,0.0
2011,25,SINALOA,134,GUASAVE,5,EL BURRION,11,GUASAVE,29500,SORGO GRANO,0,,500,Tonelada,1,OTOÑO-INVIERNO,1,RIEGO,15481.0,15481.0,0.0,105270.8,6.8,3800.0,400029040.0
2011,25,SINALOA,134,GUASAVE,5,EL BURRION,11,GUASAVE,30800,TOMATE ROJO (JITOMATE),400,INDUSTRIAL,500,Tonelada,1,OTOÑO-INVIERNO,1,RIEGO,513.26,31.82,481.44,954.6,30.0,5500.0,5250300.0
2011,25,SINALOA,134,GUASAVE,5,EL BURRION,11,GUASAVE,31000,TOMATE VERDE,0,,500,Tonelada,1,OTOÑO-INVIERNO,1,RIEGO,339.33,0.0,339.33,0.0,0.0,0.0,0.0
2011,25,SINALOA,134,GUASAVE,5,EL BURRION,11,GUASAVE,31200,TORONJA (POMELO),0,,500,Tonelada,3,PERENNES,1,RIEGO,25.0,0.0,25.0,0.0,0.0,0.0,0.0
2011,25,SINALOA,134,GUASAVE,5,EL BURRION,11,GUASAVE,31500,TRIGO GRANO,400,SUAVE,500,Tonelada,1,OTOÑO-INVIERNO,1,RIEGO,401.0,9.0,392.0,36.0,4.0,3107.32,111863.52
2011,25,SINALOA,134,GUASAVE,5,EL BURRION,17,SINALOA,1600,ALFALFA ACHICALADA,0,,500,Tonelada,3,PERENNES,1,RIEGO,11.0,11.0,0.0,50.6,4.6,2000.0,101200.0
2011,25,SINALOA,134,GUASAVE,5,EL BURRION,17,SINALOA,6900,CARTAMO,0,,500,Tonelada,1,OTOÑO-INVIERNO,1,RIEGO,20.0,10.0,10.0,18.0,1.8,6500.0,117000.0
2011,25,SINALOA,134,GUASAVE,5,EL BURRION,17,SINALOA,7400,CEBOLLA,100,BLANCA,500,Tonelada,1,OTOÑO-INVIERNO,1,RIEGO,7.0,0.0,7.0,0.0,0.0,0.0,0.0
2011,25,SINALOA,134,GUASAVE,5,EL BURRION,17,SINALOA,11400,CHILE VERDE,1300,ANAHEIM,500,Tonelada,1,OTOÑO-INVIERNO,1,RIEGO,82.33,0.0,82.33,0.0,0.0,0.0,0.0
2011,25,SINALOA,134,GUASAVE,5,EL BURRION,17,SINALOA,12600,EJOTE,0,,500,Tonelada,1,OTOÑO-INVIERNO,1,RIEGO,35.0,0.0,35.0,0.0,0.0,0.0,0.0
2011,25,SINALOA,134,GUASAVE,5,EL BURRION,17,SINALOA,14200,FRIJOL,100,AZUFRADO,500,Tonelada,1,OTOÑO-INVIERNO,1,RIEGO,1979.35,98.97,1880.38,168.25,1.7,12000.0,2019000.0
2011,25,SINALOA,134,GUASAVE,5,EL BURRION,17,SINALOA,14700,GARBANZO GRANO,100,BLANCO,500,Tonelada,1,OTOÑO-INVIERNO,1,RIEGO,1868.23,0.0,1868.23,0.0,0.0,0.0,0.0
2011,25,SINALOA,134,GUASAVE,5,EL BURRION,17,SINALOA,19000,LIMON,100,AGRIO (MEXICANO),500,Tonelada,3,PERENNES,1,RIEGO,10.0,0.0,10.0,0.0,0.0,0.0,0.0
2011,25,SINALOA,134,GUASAVE,5,EL BURRION,17,SINALOA,19700,MAIZ GRANO,200,BLANCO,500,Tonelada,1,OTOÑO-INVIERNO,1,RIEGO,16501.72,8250.86,8250.86,58581.11,7.1,3700.0,216750107.0
2011,25,SINALOA,134,GUASAVE,5,EL BURRION,17,SINALOA,20300,MANDARINA,0,,500,Tonelada,3,PERENNES,1,RIEGO,20.0,20.0,0.0,260.0,13.0,1900.0,494000.0
2011,25,SINALOA,134,GUASAVE,5,EL BURRION,17,SINALOA,20400,MANGO,300,HADEN,500,Tonelada,3,PERENNES,1,RIEGO,30.0,30.0,0.0,750.0,25.0,2100.0,1575000.0
2011,25,SINALOA,134,GUASAVE,5,EL BURRION,17,SINALOA,24800,PASTOS Y PRADERAS EN VERDE,0,,500,Tonelada,3,PERENNES,1,RIEGO,10.0,10.0,0.0,130.0,13.0,500.0,65000.0
2011,25,SINALOA,134,GUASAVE,5,EL BURRION,17,SINALOA,29500,SORGO GRANO,0,,500,Tonelada,1,OTOÑO-INVIERNO,1,RIEGO,6371.0,6371.0,0.0,43959.9,6.9,3800.0,167047620.0
2011,25,SINALOA,134,GUASAVE,5,EL BURRION,17,SINALOA,30800,TOMATE ROJO (JITOMATE),400,INDUSTRIAL,500,Tonelada,1,OTOÑO-INVIERNO,1,RIEGO,356.79,12.84,343.95,385.2,30.0,5500.0,2118600.0
2011,25,SINALOA,134,GUASAVE,5,EL BURRION,17,SINALOA,31000,TOMATE VERDE,0,,500,Tonelada,1,OTOÑO-INVIERNO,1,RIEGO,52.37,0.0,52.37,0.0,0.0,0.0,0.0
2011,25,SINALOA,134,GUASAVE,5,EL BURRION,17,SINALOA,31200,TORONJA (POMELO),0,,500,Tonelada,3,PERENNES,1,RIEGO,10.0,10.0,0.0,180.0,18.0,1800.0,324000.0
2011,25,SINALOA,134,GUASAVE,5,EL BURRION,17,SINALOA,31500,TRIGO GRANO,400,SUAVE,500,Tonelada,1,OTOÑO-INVIERNO,1,RIEGO,40.0,1.0,39.0,4.0,4.0,3800.0,15200.0
2011,25,SINALOA,134,GUASAVE,6,PETATLAN,11,GUASAVE,1600,ALFALFA ACHICALADA,0,,500,Tonelada,3,PERENNES,1,RIEGO,382.63,382.63,0.0,1643.0,4.29,2000.0,3286000.0
2011,25,SINALOA,134,GUASAVE,6,PETATLAN,11,GUASAVE,5800,CALABACITA,200,ITALIANA (Zucchini),500,Tonelada,1,OTOÑO-INVIERNO,1,RIEGO,171.54,0.0,171.54,0.0,0.0,0.0,0.0
2011,25,SINALOA,134,GUASAVE,6,PETATLAN,11,GUASAVE,11400,CHILE VERDE,1200,BELL PEPPER,500,Tonelada,1,OTOÑO-INVIERNO,1,RIEGO,420.0,0.0,420.0,0.0,0.0,0.0,0.0
2011,25,SINALOA,134,GUASAVE,6,PETATLAN,11,GUASAVE,11400,CHILE VERDE,3600,BELL PEPPER MALLA SOMBRA,500,Tonelada,1,OTOÑO-INVIERNO,1,RIEGO,126.0,0.0,126.0,0.0,0.0,0.0,0.0
2011,25,SINALOA,134,GUASAVE,6,PETATLAN,11,GUASAVE,14200,FRIJOL,100,AZUFRADO,500,Tonelada,1,OTOÑO-INVIERNO,1,RIEGO,6186.83,309.34,5877.49,525.88,1.7,12000.0,6310560.0
2011,25,SINALOA,134,GUASAVE,6,PETATLAN,11,GUASAVE,16930,HORTALIZAS,0,,500,Tonelada,1,OTOÑO-INVIERNO,1,RIEGO,125.17,0.0,125.17,0.0,0.0,0.0,0.0
2011,25,SINALOA,134,GUASAVE,6,PETATLAN,11,GUASAVE,19000,LIMON,100,AGRIO (MEXICANO),500,Tonelada,3,PERENNES,1,RIEGO,25.0,0.0,25.0,0.0,0.0,0.0,0.0
2011,25,SINALOA,134,GUASAVE,6,PETATLAN,11,GUASAVE,19700,MAIZ GRANO,200,BLANCO,500,Tonelada,1,OTOÑO-INVIERNO,1,RIEGO,57837.16,28918.58,28918.58,211105.63,7.3,3700.0,781090831.0
2011,25,SINALOA,134,GUASAVE,6,PETATLAN,11,GUASAVE,20300,MANDARINA,0,,500,Tonelada,3,PERENNES,1,RIEGO,15.0,0.0,15.0,0.0,0.0,0.0,0.0
2011,25,SINALOA,134,GUASAVE,6,PETATLAN,11,GUASAVE,20400,MANGO,300,HADEN,500,Tonelada,3,PERENNES,1,RIEGO,16.0,0.0,16.0,0.0,0.0,0.0,0.0
2011,25,SINALOA,134,GUASAVE,6,PETATLAN,11,GUASAVE,20400,MANGO,500,KENT,500,Tonelada,3,PERENNES,1,RIEGO,100.0,0.0,100.0,0.0,0.0,0.0,0.0
2011,25,SINALOA,134,GUASAVE,6,PETATLAN,11,GUASAVE,21200,MELON,100,CANTALOUPE,500,Tonelada,1,OTOÑO-INVIERNO,1,RIEGO,0.0,0.0,0.0,0.0,0.0,0.0,0.0
2011,25,SINALOA,134,GUASAVE,6,PETATLAN,11,GUASAVE,22400,NARANJA,400,VALENCIA,500,Tonelada,3,PERENNES,1,RIEGO,20.0,0.0,20.0,0.0,0.0,0.0,0.0
2011,25,SINALOA,134,GUASAVE,6,PETATLAN,11,GUASAVE,24800,PASTOS Y PRADERAS EN VERDE,0,,500,Tonelada,3,PERENNES,1,RIEGO,15.0,15.0,0.0,255.0,17.0,500.0,127500.0
2011,25,SINALOA,134,GUASAVE,6,PETATLAN,11,GUASAVE,24900,PEPINO,0,,500,Tonelada,1,OTOÑO-INVIERNO,1,RIEGO,57.5,0.0,57.5,0.0,0.0,0.0,0.0
2011,25,SINALOA,134,GUASAVE,6,PETATLAN,11,GUASAVE,28700,SANDIA,0,,500,Tonelada,1,OTOÑO-INVIERNO,1,RIEGO,4.0,2.5,1.5,70.0,28.0,3500.0,245000.0
2011,25,SINALOA,134,GUASAVE,6,PETATLAN,11,GUASAVE,28700,SANDIA,300,VERDE (JUBILIE),500,Tonelada,1,OTOÑO-INVIERNO,1,RIEGO,0.0,0.0,0.0,0.0,0.0,0.0,0.0
2011,25,SINALOA,134,GUASAVE,6,PETATLAN,11,GUASAVE,29500,SORGO GRANO,0,,500,Tonelada,1,OTOÑO-INVIERNO,1,RIEGO,13993.76,6996.88,6996.88,41981.28,6.0,3800.0,159528864.0
2011,25,SINALOA,134,GUASAVE,6,PETATLAN,11,GUASAVE,30800,TOMATE ROJO (JITOMATE),800,SALADETTE,500,Tonelada,1,OTOÑO-INVIERNO,1,RIEGO,500.0,48.62,451.38,1361.36,28.0,5500.0,7487480.0
2011,25,SINALOA,134,GUASAVE,6,PETATLAN,11,GUASAVE,30800,TOMATE ROJO (JITOMATE),1500,SALADETTE MALLA SOMBRA,500,Tonelada,1,OTOÑO-INVIERNO,1,RIEGO,284.14,0.0,284.14,0.0,0.0,0.0,0.0
2011,25,SINALOA,134,GUASAVE,6,PETATLAN,11,GUASAVE,31000,TOMATE VERDE,0,,500,Tonelada,1,OTOÑO-INVIERNO,1,RIEGO,150.79,0.0,150.79,0.0,0.0,0.0,0.0
2011,25,SINALOA,134,GUASAVE,6,PETATLAN,11,GUASAVE,31200,TORONJA (POMELO),0,,500,Tonelada,3,PERENNES,1,RIEGO,15.0,0.0,15.0,0.0,0.0,0.0,0.0
2011,25,SINALOA,134,GUASAVE,6,PETATLAN,11,GUASAVE,31500,TRIGO GRANO,400,SUAVE,500,Tonelada,1,OTOÑO-INVIERNO,1,RIEGO,1008.0,22.0,986.0,88.0,4.0,3800.0,334400.0
2011,25,SINALOA,135,GUAMUCHIL,2,MOCORITO,13,MOCORITO,800,AJONJOLÍ,0,,500,Tonelada,2,PRIMAVERA-VERANO,2,TEMPORAL,13238.0,5248.04,7989.96,1574.41,0.3,12000.0,18892920.0
2011,25,SINALOA,135,GUAMUCHIL,2,MOCORITO,13,MOCORITO,5300,CACAHUATE,0,,500,Tonelada,2,PRIMAVERA-VERANO,2,TEMPORAL,10310.5,9071.7,1238.8,5896.61,0.65,9000.0,53069490.0
2011,25,SINALOA,135,GUAMUCHIL,2,MOCORITO,13,MOCORITO,6900,CARTAMO,0,,500,Tonelada,1,OTOÑO-INVIERNO,2,TEMPORAL,5138.0,0.0,5138.0,0.0,0.0,0.0,0.0
2011,25,SINALOA,135,GUAMUCHIL,2,MOCORITO,13,MOCORITO,14200,FRIJOL,100,AZUFRADO,500,Tonelada,1,OTOÑO-INVIERNO,2,TEMPORAL,338.0,338.0,0.0,139.0,0.41,10000.0,1390000.0
2011,25,SINALOA,135,GUAMUCHIL,2,MOCORITO,13,MOCORITO,14700,GARBANZO GRANO,100,BLANCO,500,Tonelada,1,OTOÑO-INVIERNO,2,TEMPORAL,4159.0,2080.0,2079.0,1477.0,0.71,7000.0,10339000.0
2011,25,SINALOA,135,GUAMUCHIL,2,MOCORITO,13,MOCORITO,19700,MAIZ GRANO,200,BLANCO,500,Tonelada,1,OTOÑO-INVIERNO,2,TEMPORAL,200.0,200.0,0.0,160.0,0.8,3700.0,592000.0
2011,25,SINALOA,135,GUAMUCHIL,2,MOCORITO,13,MOCORITO,19700,MAIZ GRANO,200,BLANCO,500,Tonelada,2,PRIMAVERA-VERANO,2,TEMPORAL,1589.0,1589.0,0.0,1589.0,1.0,4000.0,6356000.0
2011,25,SINALOA,135,GUAMUCHIL,2,MOCORITO,13,MOCORITO,28700,SANDIA,0,,500,Tonelada,1,OTOÑO-INVIERNO,2,TEMPORAL,345.0,345.0,0.0,2811.0,8.15,3800.0,10681800.0
2011,25,SINALOA,135,GUAMUCHIL,2,MOCORITO,13,MOCORITO,28700,SANDIA,0,,500,Tonelada,2,PRIMAVERA-VERANO,2,TEMPORAL,1100.0,1100.0,0.0,17600.0,16.0,6000.0,105600000.0
2011,25,SINALOA,135,GUAMUCHIL,2,MOCORITO,13,MOCORITO,29500,SORGO GRANO,0,,500,Tonelada,1,OTOÑO-INVIERNO,2,TEMPORAL,105.0,53.0,52.0,50.0,0.94,2100.0,105000.0
2011,25,SINALOA,135,GUAMUCHIL,2,MOCORITO,13,MOCORITO,29500,SORGO GRANO,0,,500,Tonelada,2,PRIMAVERA-VERANO,2,TEMPORAL,23019.0,18336.0,4683.0,22003.2,1.2,3800.0,83612160.0
2011,25,SINALOA,135,GUAMUCHIL,3,GUAMUCHIL,2,ANGOSTURA,1600,ALFALFA ACHICALADA,0,,500,Tonelada,3,PERENNES,1,RIEGO,155.0,155.0,0.0,3100.0,20.0,3000.0,9300000.0
2011,25,SINALOA,135,GUAMUCHIL,3,GUAMUCHIL,2,ANGOSTURA,5800,CALABACITA,200,ITALIANA (Zucchini),500,Tonelada,1,OTOÑO-INVIERNO,1,RIEGO,121.0,0.0,121.0,0.0,0.0,0.0,0.0
2011,25,SINALOA,135,GUAMUCHIL,3,GUAMUCHIL,2,ANGOSTURA,6900,CARTAMO,0,,500,Tonelada,1,OTOÑO-INVIERNO,1,RIEGO,109.0,0.0,109.0,0.0,0.0,0.0,0.0
2011,25,SINALOA,135,GUAMUCHIL,3,GUAMUCHIL,2,ANGOSTURA,7400,CEBOLLA,100,BLANCA,500,Tonelada,1,OTOÑO-INVIERNO,1,RIEGO,12.0,0.0,12.0,0.0,0.0,0.0,0.0
2011,25,SINALOA,135,GUAMUCHIL,3,GUAMUCHIL,2,ANGOSTURA,14200,FRIJOL,100,AZUFRADO,500,Tonelada,1,OTOÑO-INVIERNO,1,RIEGO,1486.0,0.0,1486.0,0.0,0.0,0.0,0.0
2011,25,SINALOA,135,GUAMUCHIL,3,GUAMUCHIL,2,ANGOSTURA,14700,GARBANZO GRANO,100,BLANCO,500,Tonelada,1,OTOÑO-INVIERNO,1,RIEGO,218.0,0.0,218.0,0.0,0.0,0.0,0.0
2011,25,SINALOA,135,GUAMUCHIL,3,GUAMUCHIL,2,ANGOSTURA,19700,MAIZ GRANO,100,AMARILLO,500,Tonelada,1,OTOÑO-INVIERNO,1,RIEGO,491.0,0.0,491.0,0.0,0.0,0.0,0.0
2011,25,SINALOA,135,GUAMUCHIL,3,GUAMUCHIL,2,ANGOSTURA,19700,MAIZ GRANO,200,BLANCO,500,Tonelada,1,OTOÑO-INVIERNO,1,RIEGO,28841.0,12000.0,16841.0,91200.0,7.6,3700.0,337440000.0
2011,25,SINALOA,135,GUAMUCHIL,3,GUAMUCHIL,2,ANGOSTURA,20400,MANGO,300,HADEN,500,Tonelada,3,PERENNES,1,RIEGO,30.0,0.0,30.0,0.0,0.0,0.0,0.0
2011,25,SINALOA,135,GUAMUCHIL,3,GUAMUCHIL,2,ANGOSTURA,22400,NARANJA,0,,500,Tonelada,3,PERENNES,1,RIEGO,5.0,5.0,0.0,90.0,18.0,1850.0,166500.0
2011,25,SINALOA,135,GUAMUCHIL,3,GUAMUCHIL,2,ANGOSTURA,24800,PASTOS Y PRADERAS EN VERDE,0,,500,Tonelada,3,PERENNES,1,RIEGO,15.0,15.0,0.0,195.0,13.0,700.0,136500.0
2011,25,SINALOA,135,GUAMUCHIL,3,GUAMUCHIL,2,ANGOSTURA,29500,SORGO GRANO,0,,500,Tonelada,1,OTOÑO-INVIERNO,1,RIEGO,1743.0,1743.0,0.0,10458.0,6.0,2940.0,30746520.0
2011,25,SINALOA,135,GUAMUCHIL,3,GUAMUCHIL,2,ANGOSTURA,31000,TOMATE VERDE,0,,500,Tonelada,1,OTOÑO-INVIERNO,1,RIEGO,83.0,0.0,83.0,0.0,0.0,0.0,0.0
2011,25,SINALOA,135,GUAMUCHIL,3,GUAMUCHIL,2,ANGOSTURA,31500,TRIGO GRANO,400,SUAVE,500,Tonelada,1,OTOÑO-INVIERNO,1,RIEGO,1179.0,0.0,1179.0,0.0,0.0,0.0,0.0
2011,25,SINALOA,135,GUAMUCHIL,3,GUAMUCHIL,11,GUASAVE,1600,ALFALFA ACHICALADA,0,,500,Tonelada,3,PERENNES,1,RIEGO,30.0,30.0,0.0,540.0,18.0,3000.0,1620000.0
2011,25,SINALOA,135,GUAMUCHIL,3,GUAMUCHIL,11,GUASAVE,5800,CALABACITA,200,ITALIANA (Zucchini),500,Tonelada,1,OTOÑO-INVIERNO,1,RIEGO,10.0,10.0,0.0,212.0,21.2,3600.0,763200.0
2011,25,SINALOA,135,GUAMUCHIL,3,GUAMUCHIL,11,GUASAVE,7400,CEBOLLA,100,BLANCA,500,Tonelada,1,OTOÑO-INVIERNO,1,RIEGO,10.0,10.0,0.0,216.0,21.6,5300.0,1144800.0
2011,25,SINALOA,135,GUAMUCHIL,3,GUAMUCHIL,11,GUASAVE,11400,CHILE VERDE,0,,500,Tonelada,1,OTOÑO-INVIERNO,1,RIEGO,10.0,0.0,10.0,0.0,0.0,0.0,0.0
2011,25,SINALOA,135,GUAMUCHIL,3,GUAMUCHIL,11,GUASAVE,14200,FRIJOL,100,AZUFRADO,500,Tonelada,1,OTOÑO-INVIERNO,1,RIEGO,766.0,153.0,613.0,222.0,1.45,10500.0,2331000.0
2011,25,SINALOA,135,GUAMUCHIL,3,GUAMUCHIL,11,GUASAVE,14700,GARBANZO GRANO,100,BLANCO,500,Tonelada,1,OTOÑO-INVIERNO,1,RIEGO,2418.0,0.0,2418.0,0.0,0.0,0.0,0.0
2011,25,SINALOA,135,GUAMUCHIL,3,GUAMUCHIL,11,GUASAVE,14700,GARBANZO GRANO,100,BLANCO,500,Tonelada,2,PRIMAVERA-VERANO,1,RIEGO,50.0,50.0,0.0,75.0,1.5,12000.0,900000.0
2011,25,SINALOA,135,GUAMUCHIL,3,GUAMUCHIL,11,GUASAVE,24800,PASTOS Y PRADERAS EN VERDE,0,,500,Tonelada,3,PERENNES,1,RIEGO,35.0,35.0,0.0,455.0,13.0,700.0,318500.0
2011,25,SINALOA,135,GUAMUCHIL,3,GUAMUCHIL,11,GUASAVE,29500,SORGO GRANO,0,,500,Tonelada,1,OTOÑO-INVIERNO,1,RIEGO,92.0,0.0,92.0,0.0,0.0,0.0,0.0
2011,25,SINALOA,135,GUAMUCHIL,3,GUAMUCHIL,11,GUASAVE,31000,TOMATE VERDE,0,,500,Tonelada,1,OTOÑO-INVIERNO,1,RIEGO,75.0,0.0,75.0,0.0,0.0,0.0,0.0
2011,25,SINALOA,135,GUAMUCHIL,3,GUAMUCHIL,11,GUASAVE,31500,TRIGO GRANO,400,SUAVE,500,Tonelada,1,OTOÑO-INVIERNO,1,RIEGO,1442.0,1442.0,0.0,6777.0,4.7,4000.0,27108000.0
2011,25,SINALOA,135,GUAMUCHIL,3,GUAMUCHIL,15,SALVADOR ALVARADO,800,AJONJOLÍ,0,,500,Tonelada,2,PRIMAVERA-VERANO,2,TEMPORAL,4722.4,1888.96,2833.44,566.0,0.3,12000.0,6792000.0
2011,25,SINALOA,135,GUAMUCHIL,3,GUAMUCHIL,15,SALVADOR ALVARADO,1600,ALFALFA ACHICALADA,0,,500,Tonelada,3,PERENNES,1,RIEGO,55.0,55.0,0.0,935.0,17.0,3000.0,2805000.0
2011,25,SINALOA,135,GUAMUCHIL,3,GUAMUCHIL,15,SALVADOR ALVARADO,5300,CACAHUATE,0,,500,Tonelada,2,PRIMAVERA-VERANO,2,TEMPORAL,50.2,0.0,50.2,0.0,0.0,0.0,0.0
2011,25,SINALOA,135,GUAMUCHIL,3,GUAMUCHIL,15,SALVADOR ALVARADO,6900,CARTAMO,0,,500,Tonelada,1,OTOÑO-INVIERNO,1,RIEGO,43.0,0.0,43.0,0.0,0.0,0.0,0.0
2011,25,SINALOA,135,GUAMUCHIL,3,GUAMUCHIL,15,SALVADOR ALVARADO,6900,CARTAMO,0,,500,Tonelada,1,OTOÑO-INVIERNO,2,TEMPORAL,11197.0,0.0,11197.0,0.0,0.0,0.0,0.0
2011,25,SINALOA,135,GUAMUCHIL,3,GUAMUCHIL,15,SALVADOR ALVARADO,7400,CEBOLLA,100,BLANCA,500,Tonelada,1,OTOÑO-INVIERNO,1,RIEGO,177.0,157.0,20.0,3148.0,20.05,2000.0,6296000.0
2011,25,SINALOA,135,GUAMUCHIL,3,GUAMUCHIL,15,SALVADOR ALVARADO,11400,CHILE VERDE,0,,500,Tonelada,1,OTOÑO-INVIERNO,1,RIEGO,15.0,0.0,15.0,0.0,0.0,0.0,0.0
2011,25,SINALOA,135,GUAMUCHIL,3,GUAMUCHIL,15,SALVADOR ALVARADO,14200,FRIJOL,100,AZUFRADO,500,Tonelada,1,OTOÑO-INVIERNO,1,RIEGO,536.0,138.0,398.0,126.0,0.91,12000.0,1512000.0
2011,25,SINALOA,135,GUAMUCHIL,3,GUAMUCHIL,15,SALVADOR ALVARADO,14200,FRIJOL,100,AZUFRADO,500,Tonelada,1,OTOÑO-INVIERNO,2,TEMPORAL,182.0,182.0,0.0,73.0,0.4,10000.0,730000.0
2011,25,SINALOA,135,GUAMUCHIL,3,GUAMUCHIL,15,SALVADOR ALVARADO,14700,GARBANZO GRANO,100,BLANCO,500,Tonelada,1,OTOÑO-INVIERNO,1,RIEGO,2219.0,0.0,2219.0,0.0,0.0,0.0,0.0
2011,25,SINALOA,135,GUAMUCHIL,3,GUAMUCHIL,15,SALVADOR ALVARADO,14700,GARBANZO GRANO,100,BLANCO,500,Tonelada,1,OTOÑO-INVIERNO,2,TEMPORAL,3650.0,1825.0,1825.0,1277.0,0.7,7000.0,8939000.0
2011,25,SINALOA,135,GUAMUCHIL,3,GUAMUCHIL,15,SALVADOR ALVARADO,14700,GARBANZO GRANO,100,BLANCO,500,Tonelada,2,PRIMAVERA-VERANO,1,RIEGO,117.0,117.0,0.0,180.0,1.54,5200.0,936000.0
2011,25,SINALOA,135,GUAMUCHIL,3,GUAMUCHIL,15,SALVADOR ALVARADO,19700,MAIZ GRANO,100,AMARILLO,500,Tonelada,1,OTOÑO-INVIERNO,1,RIEGO,459.0,0.0,459.0,0.0,0.0,0.0,0.0
2011,25,SINALOA,135,GUAMUCHIL,3,GUAMUCHIL,15,SALVADOR ALVARADO,19700,MAIZ GRANO,200,BLANCO,500,Tonelada,1,OTOÑO-INVIERNO,2,TEMPORAL,100.0,100.0,0.0,75.0,0.75,3650.0,273750.0
2011,25,SINALOA,135,GUAMUCHIL,3,GUAMUCHIL,15,SALVADOR ALVARADO,19700,MAIZ GRANO,200,BLANCO,500,Tonelada,2,PRIMAVERA-VERANO,2,TEMPORAL,175.0,175.0,0.0,175.0,1.0,4300.0,752500.0
2011,25,SINALOA,135,GUAMUCHIL,3,GUAMUCHIL,15,SALVADOR ALVARADO,20400,MANGO,300,HADEN,500,Tonelada,3,PERENNES,1,RIEGO,29.0,0.0,29.0,0.0,0.0,0.0,0.0
2011,25,SINALOA,135,GUAMUCHIL,3,GUAMUCHIL,15,SALVADOR ALVARADO,24800,PASTOS Y PRADERAS EN VERDE,0,,500,Tonelada,3,PERENNES,1,RIEGO,295.0,295.0,0.0,4130.0,14.0,700.0,2891000.0
2011,25,SINALOA,135,GUAMUCHIL,3,GUAMUCHIL,15,SALVADOR ALVARADO,24900,PEPINO,200,CHINO,500,Tonelada,1,OTOÑO-INVIERNO,1,RIEGO,4.0,0.0,4.0,0.0,0.0,0.0,0.0
2011,25,SINALOA,135,GUAMUCHIL,3,GUAMUCHIL,15,SALVADOR ALVARADO,28700,SANDIA,0,,500,Tonelada,1,OTOÑO-INVIERNO,2,TEMPORAL,145.0,145.0,0.0,899.0,6.2,3800.0,3416200.0
2011,25,SINALOA,135,GUAMUCHIL,3,GUAMUCHIL,15,SALVADOR ALVARADO,28700,SANDIA,0,,500,Tonelada,2,PRIMAVERA-VERANO,2,TEMPORAL,215.0,215.0,0.0,3870.0,18.0,4100.0,15867000.0
2011,25,SINALOA,135,GUAMUCHIL,3,GUAMUCHIL,15,SALVADOR ALVARADO,29500,SORGO GRANO,0,,500,Tonelada,1,OTOÑO-INVIERNO,1,RIEGO,15.0,0.0,15.0,0.0,0.0,0.0,0.0
2011,25,SINALOA,135,GUAMUCHIL,3,GUAMUCHIL,15,SALVADOR ALVARADO,29500,SORGO GRANO,0,,500,Tonelada,1,OTOÑO-INVIERNO,2,TEMPORAL,57.0,32.0,25.0,26.0,0.81,2100.0,54600.0
2011,25,SINALOA,135,GUAMUCHIL,3,GUAMUCHIL,15,SALVADOR ALVARADO,29500,SORGO GRANO,0,,500,Tonelada,2,PRIMAVERA-VERANO,2,TEMPORAL,27015.0,19448.0,7567.0,23337.6,1.2,3440.3,80288345.28
2011,25,SINALOA,135,GUAMUCHIL,3,GUAMUCHIL,15,SALVADOR ALVARADO,31000,TOMATE VERDE,0,,500,Tonelada,1,OTOÑO-INVIERNO,1,RIEGO,161.2,0.0,161.2,0.0,0.0,0.0,0.0
2011,25,SINALOA,135,GUAMUCHIL,3,GUAMUCHIL,15,SALVADOR ALVARADO,31500,TRIGO GRANO,400,SUAVE,500,Tonelada,1,OTOÑO-INVIERNO,1,RIEGO,1190.7,1087.7,103.0,5112.0,4.7,4000.0,20448000.0
2011,25,SINALOA,135,GUAMUCHIL,6,ANGOSTURA,2,ANGOSTURA,800,AJONJOLÍ,0,,500,Tonelada,2,PRIMAVERA-VERANO,2,TEMPORAL,240.0,143.0,97.0,42.9,0.3,12000.0,514800.0
2011,25,SINALOA,135,GUAMUCHIL,6,ANGOSTURA,2,ANGOSTURA,1600,ALFALFA ACHICALADA,0,,500,Tonelada,3,PERENNES,1,RIEGO,125.0,125.0,0.0,2125.0,17.0,3000.0,6375000.0
2011,25,SINALOA,135,GUAMUCHIL,6,ANGOSTURA,2,ANGOSTURA,4600,BERENJENA,0,,500,Tonelada,1,OTOÑO-INVIERNO,1,RIEGO,23.0,0.0,23.0,0.0,0.0,0.0,0.0
2011,25,SINALOA,135,GUAMUCHIL,6,ANGOSTURA,2,ANGOSTURA,5300,CACAHUATE,0,,500,Tonelada,2,PRIMAVERA-VERANO,2,TEMPORAL,1146.8,1050.0,96.8,682.5,0.65,9000.0,6142500.0
2011,25,SINALOA,135,GUAMUCHIL,6,ANGOSTURA,2,ANGOSTURA,5800,CALABACITA,200,ITALIANA (Zucchini),500,Tonelada,1,OTOÑO-INVIERNO,1,RIEGO,1737.5,800.5,937.0,17498.8,21.86,3600.0,62995680.0
2011,25,SINALOA,135,GUAMUCHIL,6,ANGOSTURA,2,ANGOSTURA,5800,CALABACITA,200,ITALIANA (Zucchini),500,Tonelada,2,PRIMAVERA-VERANO,1,RIEGO,176.0,114.0,62.0,1870.96,16.41,5009.0,9371638.64
2011,25,SINALOA,135,GUAMUCHIL,6,ANGOSTURA,2,ANGOSTURA,6900,CARTAMO,0,,500,Tonelada,1,OTOÑO-INVIERNO,1,RIEGO,474.0,363.5,110.5,436.2,1.2,6500.0,2835300.0
2011,25,SINALOA,135,GUAMUCHIL,6,ANGOSTURA,2,ANGOSTURA,6900,CARTAMO,0,,500,Tonelada,1,OTOÑO-INVIERNO,2,TEMPORAL,590.0,0.0,590.0,0.0,0.0,0.0,0.0
2011,25,SINALOA,135,GUAMUCHIL,6,ANGOSTURA,2,ANGOSTURA,7400,CEBOLLA,100,BLANCA,500,Tonelada,1,OTOÑO-INVIERNO,1,RIEGO,194.0,185.0,9.0,4507.0,24.36,5400.0,24337800.0
2011,25,SINALOA,135,GUAMUCHIL,6,ANGOSTURA,2,ANGOSTURA,11400,CHILE VERDE,0,,500,Tonelada,1,OTOÑO-INVIERNO,1,RIEGO,68.0,16.1,51.9,679.36,42.2,6000.0,4076160.0
2011,25,SINALOA,135,GUAMUCHIL,6,ANGOSTURA,2,ANGOSTURA,12600,EJOTE,0,,500,Tonelada,1,OTOÑO-INVIERNO,1,RIEGO,134.0,30.0,104.0,270.0,9.0,3200.0,864000.0
2011,25,SINALOA,135,GUAMUCHIL,6,ANGOSTURA,2,ANGOSTURA,12600,EJOTE,0,,500,Tonelada,2,PRIMAVERA-VERANO,1,RIEGO,26.0,1.0,25.0,5.0,5.0,9500.0,47500.0
2011,25,SINALOA,135,GUAMUCHIL,6,ANGOSTURA,2,ANGOSTURA,12700,ELOTE,0,,500,Tonelada,1,OTOÑO-INVIERNO,1,RIEGO,31.0,0.0,31.0,0.0,0.0,0.0,0.0
2011,25,SINALOA,135,GUAMUCHIL,6,ANGOSTURA,2,ANGOSTURA,14200,FRIJOL,100,AZUFRADO,500,Tonelada,1,OTOÑO-INVIERNO,1,RIEGO,4128.3,1818.7,2309.6,2964.48,1.63,10500.0,31127040.0
2011,25,SINALOA,135,GUAMUCHIL,6,ANGOSTURA,2,ANGOSTURA,14200,FRIJOL,100,AZUFRADO,500,Tonelada,1,OTOÑO-INVIERNO,2,TEMPORAL,535.0,535.0,0.0,209.0,0.39,10000.0,2090000.0
2011,25,SINALOA,135,GUAMUCHIL,6,ANGOSTURA,2,ANGOSTURA,14700,GARBANZO GRANO,100,BLANCO,500,Tonelada,1,OTOÑO-INVIERNO,1,RIEGO,4128.0,283.6,3844.4,552.82,1.95,14000.0,7739480.0
2011,25,SINALOA,135,GUAMUCHIL,6,ANGOSTURA,2,ANGOSTURA,14700,GARBANZO GRANO,100,BLANCO,500,Tonelada,1,OTOÑO-INVIERNO,2,TEMPORAL,425.0,213.0,212.0,147.0,0.69,7000.0,1029000.0
2011,25,SINALOA,135,GUAMUCHIL,6,ANGOSTURA,2,ANGOSTURA,14700,GARBANZO GRANO,100,BLANCO,500,Tonelada,2,PRIMAVERA-VERANO,1,RIEGO,1032.0,1032.0,0.0,1548.0,1.5,14000.0,21672000.0
2011,25,SINALOA,135,GUAMUCHIL,6,ANGOSTURA,2,ANGOSTURA,16930,HORTALIZAS,0,,500,Tonelada,1,OTOÑO-INVIERNO,1,RIEGO,91.0,0.0,91.0,0.0,0.0,0.0,0.0
2011,25,SINALOA,135,GUAMUCHIL,6,ANGOSTURA,2,ANGOSTURA,19000,LIMON,100,AGRIO (MEXICANO),500,Tonelada,3,PERENNES,1,RIEGO,49.0,49.0,0.0,637.0,13.0,2200.0,1401400.0
2011,25,SINALOA,135,GUAMUCHIL,6,ANGOSTURA,2,ANGOSTURA,19700,MAIZ GRANO,100,AMARILLO,500,Tonelada,1,OTOÑO-INVIERNO,1,RIEGO,6507.0,0.0,6507.0,0.0,0.0,0.0,0.0
2011,25,SINALOA,135,GUAMUCHIL,6,ANGOSTURA,2,ANGOSTURA,19700,MAIZ GRANO,200,BLANCO,500,Tonelada,1,OTOÑO-INVIERNO,1,RIEGO,49936.0,20581.0,29355.0,160552.38,7.8,3710.0,595649329.8
2011,25,SINALOA,135,GUAMUCHIL,6,ANGOSTURA,2,ANGOSTURA,19700,MAIZ GRANO,200,BLANCO,500,Tonelada,1,OTOÑO-INVIERNO,2,TEMPORAL,28.0,28.0,0.0,21.0,0.75,3700.0,77700.0
2011,25,SINALOA,135,GUAMUCHIL,6,ANGOSTURA,2,ANGOSTURA,19700,MAIZ GRANO,200,BLANCO,500,Tonelada,2,PRIMAVERA-VERANO,2,TEMPORAL,60.0,60.0,0.0,60.0,1.0,4000.0,240000.0
2011,25,SINALOA,135,GUAMUCHIL,6,ANGOSTURA,2,ANGOSTURA,20400,MANGO,300,HADEN,500,Tonelada,3,PERENNES,1,RIEGO,12.0,0.0,12.0,0.0,0.0,0.0,0.0
2011,25,SINALOA,135,GUAMUCHIL,6,ANGOSTURA,2,ANGOSTURA,21200,MELON,100,CANTALOUPE,500,Tonelada,2,PRIMAVERA-VERANO,1,RIEGO,10.0,10.0,0.0,200.0,20.0,5000.0,1000000.0
2011,25,SINALOA,135,GUAMUCHIL,6,ANGOSTURA,2,ANGOSTURA,22400,NARANJA,0,,500,Tonelada,3,PERENNES,1,RIEGO,30.0,30.0,0.0,510.0,17.0,1800.0,918000.0
2011,25,SINALOA,135,GUAMUCHIL,6,ANGOSTURA,2,ANGOSTURA,24400,PAPA,0,,500,Tonelada,1,OTOÑO-INVIERNO,1,RIEGO,33.0,33.0,0.0,789.0,23.91,4100.0,3234900.0
2011,25,SINALOA,135,GUAMUCHIL,6,ANGOSTURA,2,ANGOSTURA,24900,PEPINO,0,,500,Tonelada,1,OTOÑO-INVIERNO,1,RIEGO,3.0,0.0,3.0,0.0,0.0,0.0,0.0
2011,25,SINALOA,135,GUAMUCHIL,6,ANGOSTURA,2,ANGOSTURA,24900,PEPINO,200,CHINO,500,Tonelada,1,OTOÑO-INVIERNO,1,RIEGO,75.0,9.0,66.0,698.22,77.58,4000.0,2792880.0
2011,25,SINALOA,135,GUAMUCHIL,6,ANGOSTURA,2,ANGOSTURA,24900,PEPINO,200,CHINO,500,Tonelada,2,PRIMAVERA-VERANO,1,RIEGO,35.0,35.0,0.0,700.0,20.0,8900.0,6230000.0
2011,25,SINALOA,135,GUAMUCHIL,6,ANGOSTURA,2,ANGOSTURA,24900,PEPINO,400,MALLA SOMBRA,500,Tonelada,1,OTOÑO-INVIERNO,1,RIEGO,34.0,9.0,25.0,770.0,85.56,3850.0,2964500.0
2011,25,SINALOA,135,GUAMUCHIL,6,ANGOSTURA,2,ANGOSTURA,28700,SANDIA,0,,500,Tonelada,1,OTOÑO-INVIERNO,1,RIEGO,12.0,12.0,0.0,160.56,13.38,3000.0,481680.0
2011,25,SINALOA,135,GUAMUCHIL,6,ANGOSTURA,2,ANGOSTURA,28700,SANDIA,0,,500,Tonelada,1,OTOÑO-INVIERNO,2,TEMPORAL,83.0,83.0,0.0,506.0,6.1,3800.0,1922800.0
2011,25,SINALOA,135,GUAMUCHIL,6,ANGOSTURA,2,ANGOSTURA,29500,SORGO GRANO,0,,500,Tonelada,1,OTOÑO-INVIERNO,1,RIEGO,13141.0,13046.0,95.0,78276.0,6.0,3200.0,250483200.0
2011,25,SINALOA,135,GUAMUCHIL,6,ANGOSTURA,2,ANGOSTURA,29500,SORGO GRANO,0,,500,Tonelada,2,PRIMAVERA-VERANO,2,TEMPORAL,256.0,256.0,0.0,307.2,1.2,3800.0,1167360.0
2011,25,SINALOA,135,GUAMUCHIL,6,ANGOSTURA,2,ANGOSTURA,30800,TOMATE ROJO (JITOMATE),800,SALADETTE,500,Tonelada,1,OTOÑO-INVIERNO,1,RIEGO,107.0,0.0,107.0,0.0,0.0,0.0,0.0
2011,25,SINALOA,135,GUAMUCHIL,6,ANGOSTURA,2,ANGOSTURA,30800,TOMATE ROJO (JITOMATE),800,SALADETTE,500,Tonelada,2,PRIMAVERA-VERANO,1,RIEGO,11.0,11.0,0.0,165.0,15.0,6000.0,990000.0
2011,25,SINALOA,135,GUAMUCHIL,6,ANGOSTURA,2,ANGOSTURA,31500,TRIGO GRANO,400,SUAVE,500,Tonelada,1,OTOÑO-INVIERNO,1,RIEGO,1774.8,889.5,885.3,3558.0,4.0,3500.0,12453000.0
2011,25,SINALOA,135,GUAMUCHIL,6,ANGOSTURA,13,MOCORITO,1600,ALFALFA ACHICALADA,0,,500,Tonelada,3,PERENNES,1,RIEGO,10.0,10.0,0.0,180.0,18.0,3000.0,540000.0
2011,25,SINALOA,135,GUAMUCHIL,6,ANGOSTURA,13,MOCORITO,6900,CARTAMO,0,,500,Tonelada,1,OTOÑO-INVIERNO,1,RIEGO,37.0,0.0,37.0,0.0,0.0,0.0,0.0
2011,25,SINALOA,135,GUAMUCHIL,6,ANGOSTURA,13,MOCORITO,7400,CEBOLLA,100,BLANCA,500,Tonelada,1,OTOÑO-INVIERNO,1,RIEGO,29.0,29.0,0.0,693.1,23.9,5100.0,3534810.0
2011,25,SINALOA,135,GUAMUCHIL,6,ANGOSTURA,13,MOCORITO,14200,FRIJOL,100,AZUFRADO,500,Tonelada,1,OTOÑO-INVIERNO,1,RIEGO,1370.0,212.0,1158.0,424.0,2.0,10500.0,4452000.0
2011,25,SINALOA,135,GUAMUCHIL,6,ANGOSTURA,13,MOCORITO,14700,GARBANZO GRANO,100,BLANCO,500,Tonelada,1,OTOÑO-INVIERNO,1,RIEGO,738.0,20.0,718.0,40.0,2.0,14000.0,560000.0
2011,25,SINALOA,135,GUAMUCHIL,6,ANGOSTURA,13,MOCORITO,16930,HORTALIZAS,0,,500,Tonelada,1,OTOÑO-INVIERNO,1,RIEGO,1.0,1.0,0.0,1.5,1.5,3500.0,5250.0
2011,25,SINALOA,135,GUAMUCHIL,6,ANGOSTURA,13,MOCORITO,19700,MAIZ GRANO,200,BLANCO,500,Tonelada,1,OTOÑO-INVIERNO,1,RIEGO,7460.0,2826.0,4634.0,22608.0,8.0,3600.0,81388800.0
2011,25,SINALOA,135,GUAMUCHIL,6,ANGOSTURA,13,MOCORITO,22400,NARANJA,0,,500,Tonelada,3,PERENNES,1,RIEGO,10.0,10.0,0.0,170.0,17.0,1650.0,280500.0
2011,25,SINALOA,135,GUAMUCHIL,6,ANGOSTURA,13,MOCORITO,29500,SORGO GRANO,0,,500,Tonelada,1,OTOÑO-INVIERNO,1,RIEGO,3198.0,3198.0,0.0,19188.0,6.0,2940.0,56412720.0
2011,25,SINALOA,135,GUAMUCHIL,6,ANGOSTURA,13,MOCORITO,30800,TOMATE ROJO (JITOMATE),800,SALADETTE,500,Tonelada,1,OTOÑO-INVIERNO,1,RIEGO,28.0,0.0,28.0,0.0,0.0,0.0,0.0
2011,25,SINALOA,135,GUAMUCHIL,6,ANGOSTURA,13,MOCORITO,31500,TRIGO GRANO,400,SUAVE,500,Tonelada,1,OTOÑO-INVIERNO,1,RIEGO,86.0,86.0,0.0,258.0,3.0,4000.0,1032000.0
2011,25,SINALOA,135,GUAMUCHIL,6,ANGOSTURA,13,MOCORITO,32800,ZACATE,600,SUDAN,500,Tonelada,3,PERENNES,1,RIEGO,3.0,3.0,0.0,48.0,16.0,1300.0,62400.0
2011,25,SINALOA,135,GUAMUCHIL,6,ANGOSTURA,15,SALVADOR ALVARADO,5800,CALABACITA,200,ITALIANA (Zucchini),500,Tonelada,1,OTOÑO-INVIERNO,1,RIEGO,38.0,0.0,38.0,0.0,0.0,0.0,0.0
2011,25,SINALOA,135,GUAMUCHIL,6,ANGOSTURA,15,SALVADOR ALVARADO,6900,CARTAMO,0,,500,Tonelada,1,OTOÑO-INVIERNO,1,RIEGO,6.0,0.0,6.0,0.0,0.0,0.0,0.0
2011,25,SINALOA,135,GUAMUCHIL,6,ANGOSTURA,15,SALVADOR ALVARADO,14200,FRIJOL,100,AZUFRADO,500,Tonelada,1,OTOÑO-INVIERNO,1,RIEGO,51.0,0.0,51.0,0.0,0.0,0.0,0.0
2011,25,SINALOA,135,GUAMUCHIL,6,ANGOSTURA,15,SALVADOR ALVARADO,14700,GARBANZO GRANO,100,BLANCO,500,Tonelada,1,OTOÑO-INVIERNO,1,RIEGO,54.0,0.0,54.0,0.0,0.0,0.0,0.0
2011,25,SINALOA,135,GUAMUCHIL,6,ANGOSTURA,15,SALVADOR ALVARADO,19700,MAIZ GRANO,100,AMARILLO,500,Tonelada,1,OTOÑO-INVIERNO,1,RIEGO,533.0,0.0,533.0,0.0,0.0,0.0,0.0
2011,25,SINALOA,135,GUAMUCHIL,6,ANGOSTURA,15,SALVADOR ALVARADO,19700,MAIZ GRANO,200,BLANCO,500,Tonelada,1,OTOÑO-INVIERNO,1,RIEGO,237.0,70.0,167.0,490.0,7.0,3720.0,1822800.0
2011,25,SINALOA,135,GUAMUCHIL,6,ANGOSTURA,15,SALVADOR ALVARADO,22400,NARANJA,0,,500,Tonelada,3,PERENNES,1,RIEGO,5.0,5.0,0.0,100.0,20.0,3000.0,300000.0
2011,25,SINALOA,135,GUAMUCHIL,6,ANGOSTURA,15,SALVADOR ALVARADO,23000,NOPALITOS,0,,500,Tonelada,3,PERENNES,1,RIEGO,3.0,3.0,0.0,9.0,3.0,8000.0,72000.0
2011,25,SINALOA,135,GUAMUCHIL,6,ANGOSTURA,15,SALVADOR ALVARADO,24900,PEPINO,200,CHINO,500,Tonelada,1,OTOÑO-INVIERNO,1,RIEGO,52.0,30.0,22.0,2205.0,73.5,4000.0,8820000.0
2011,25,SINALOA,135,GUAMUCHIL,6,ANGOSTURA,15,SALVADOR ALVARADO,29500,SORGO GRANO,0,,500,Tonelada,1,OTOÑO-INVIERNO,1,RIEGO,98.0,78.0,20.0,470.96,6.04,2940.0,1384622.4
2011,25,SINALOA,135,GUAMUCHIL,6,ANGOSTURA,18,NAVOLATO,14200,FRIJOL,100,AZUFRADO,500,Tonelada,1,OTOÑO-INVIERNO,1,RIEGO,121.0,0.0,121.0,0.0,0.0,0.0,0.0
2011,25,SINALOA,135,GUAMUCHIL,6,ANGOSTURA,18,NAVOLATO,14700,GARBANZO GRANO,100,BLANCO,500,Tonelada,1,OTOÑO-INVIERNO,1,RIEGO,44.0,17.0,27.0,26.0,1.53,14000.0,364000.0
2011,25,SINALOA,135,GUAMUCHIL,6,ANGOSTURA,18,NAVOLATO,19700,MAIZ GRANO,100,AMARILLO,500,Tonelada,1,OTOÑO-INVIERNO,1,RIEGO,466.0,0.0,466.0,0.0,0.0,0.0,0.0
2011,25,SINALOA,135,GUAMUCHIL,6,ANGOSTURA,18,NAVOLATO,19700,MAIZ GRANO,200,BLANCO,500,Tonelada,1,OTOÑO-INVIERNO,1,RIEGO,3868.0,1311.0,2557.0,11799.0,9.0,3650.0,43066350.0
2011,25,SINALOA,135,GUAMUCHIL,6,ANGOSTURA,18,NAVOLATO,24800,PASTOS Y PRADERAS EN VERDE,0,,500,Tonelada,3,PERENNES,1,RIEGO,0.0,0.0,0.0,0.0,0.0,0.0,0.0
2011,25,SINALOA,135,GUAMUCHIL,6,ANGOSTURA,18,NAVOLATO,29500,SORGO GRANO,0,,500,Tonelada,1,OTOÑO-INVIERNO,1,RIEGO,128.0,128.0,0.0,771.0,6.02,2940.0,2266740.0
2011,25,SINALOA,135,GUAMUCHIL,6,ANGOSTURA,18,NAVOLATO,30800,TOMATE ROJO (JITOMATE),800,SALADETTE,500,Tonelada,1,OTOÑO-INVIERNO,1,RIEGO,2.0,0.0,2.0,0.0,0.0,0.0,0.0
2011,25,SINALOA,135,GUAMUCHIL,6,ANGOSTURA,18,NAVOLATO,32800,ZACATE,200,BERMUDA,500,Tonelada,3,PERENNES,1,RIEGO,0.0,0.0,0.0,0.0,0.0,0.0,0.0
2011,25,SINALOA,136,CULIACAN,1,CULIACAN ALTOS,6,CULIACAN,800,AJONJOLÍ,0,,500,Tonelada,2,PRIMAVERA-VERANO,2,TEMPORAL,320.0,256.67,63.33,105.75,0.41,11000.0,1163250.0
2011,25,SINALOA,136,CULIACAN,1,CULIACAN ALTOS,6,CULIACAN,4600,BERENJENA,0,,500,Tonelada,1,OTOÑO-INVIERNO,1,RIEGO,27.0,0.0,27.0,0.0,0.0,0.0,0.0
2011,25,SINALOA,136,CULIACAN,1,CULIACAN ALTOS,6,CULIACAN,5300,CACAHUATE,0,,500,Tonelada,2,PRIMAVERA-VERANO,2,TEMPORAL,90.0,72.09,17.91,38.93,0.54,9300.0,362049.0
2011,25,SINALOA,136,CULIACAN,1,CULIACAN ALTOS,6,CULIACAN,6500,CAÑA DE AZUCAR,200,INDUSTRIAL,500,Tonelada,3,PERENNES,1,RIEGO,205.0,205.0,0.0,17425.0,85.0,598.0,10420150.0
2011,25,SINALOA,136,CULIACAN,1,CULIACAN ALTOS,6,CULIACAN,6900,CARTAMO,0,,500,Tonelada,1,OTOÑO-INVIERNO,2,TEMPORAL,1710.0,1710.0,0.0,583.11,0.34,6200.0,3615282.0
2011,25,SINALOA,136,CULIACAN,1,CULIACAN ALTOS,6,CULIACAN,12600,EJOTE,0,,500,Tonelada,1,OTOÑO-INVIERNO,1,RIEGO,30.0,11.0,19.0,115.0,10.46,7200.0,828000.0
2011,25,SINALOA,136,CULIACAN,1,CULIACAN ALTOS,6,CULIACAN,14200,FRIJOL,500,MAYOCOBA,500,Tonelada,1,OTOÑO-INVIERNO,2,TEMPORAL,180.0,180.0,0.0,95.4,0.53,8100.0,772740.0
2011,25,SINALOA,136,CULIACAN,1,CULIACAN ALTOS,6,CULIACAN,14700,GARBANZO GRANO,100,BLANCO,500,Tonelada,1,OTOÑO-INVIERNO,2,TEMPORAL,293.0,293.0,0.0,200.0,0.68,6300.0,1260000.0
2011,25,SINALOA,136,CULIACAN,1,CULIACAN ALTOS,6,CULIACAN,16930,HORTALIZAS,0,,500,Tonelada,1,OTOÑO-INVIERNO,1,RIEGO,27.0,0.0,27.0,0.0,0.0,0.0,0.0
2011,25,SINALOA,136,CULIACAN,1,CULIACAN ALTOS,6,CULIACAN,19000,LIMON,100,AGRIO (MEXICANO),500,Tonelada,3,PERENNES,1,RIEGO,61.0,61.0,0.0,528.0,8.66,2100.0,1108800.0
2011,25,SINALOA,136,CULIACAN,1,CULIACAN ALTOS,6,CULIACAN,19300,LITCHI,0,,500,Tonelada,3,PERENNES,1,RIEGO,12.0,0.0,12.0,0.0,0.0,0.0,0.0
2011,25,SINALOA,136,CULIACAN,1,CULIACAN ALTOS,6,CULIACAN,19700,MAIZ GRANO,200,BLANCO,500,Tonelada,1,OTOÑO-INVIERNO,1,RIEGO,1115.0,0.0,1115.0,0.0,0.0,0.0,0.0
2011,25,SINALOA,136,CULIACAN,1,CULIACAN ALTOS,6,CULIACAN,19700,MAIZ GRANO,200,BLANCO,500,Tonelada,1,OTOÑO-INVIERNO,2,TEMPORAL,210.0,210.0,0.0,114.03,0.54,3500.0,399105.0
2011,25,SINALOA,136,CULIACAN,1,CULIACAN ALTOS,6,CULIACAN,19700,MAIZ GRANO,200,BLANCO,500,Tonelada,2,PRIMAVERA-VERANO,2,TEMPORAL,8553.0,6854.37,1698.63,4249.71,0.62,2200.0,9349362.0
2011,25,SINALOA,136,CULIACAN,1,CULIACAN ALTOS,6,CULIACAN,20300,MANDARINA,0,,500,Tonelada,3,PERENNES,1,RIEGO,8.0,8.0,0.0,52.0,6.5,1500.0,78000.0
2011,25,SINALOA,136,CULIACAN,1,CULIACAN ALTOS,6,CULIACAN,20400,MANGO,500,KENT,500,Tonelada,3,PERENNES,1,RIEGO,148.0,101.0,47.0,717.0,7.1,4600.0,3298200.0
2011,25,SINALOA,136,CULIACAN,1,CULIACAN ALTOS,6,CULIACAN,22400,NARANJA,400,VALENCIA,500,Tonelada,3,PERENNES,1,RIEGO,115.0,115.0,0.0,460.0,4.0,1750.0,805000.0
2011,25,SINALOA,136,CULIACAN,1,CULIACAN ALTOS,6,CULIACAN,24800,PASTOS Y PRADERAS EN VERDE,0,,500,Tonelada,3,PERENNES,1,RIEGO,76.0,76.0,0.0,549.0,7.22,514.21,282301.29
2011,25,SINALOA,136,CULIACAN,1,CULIACAN ALTOS,6,CULIACAN,29500,SORGO GRANO,0,,500,Tonelada,2,PRIMAVERA-VERANO,2,TEMPORAL,43590.0,35055.07,8534.93,42066.08,1.2,2000.0,84132160.0
2011,25,SINALOA,136,CULIACAN,1,CULIACAN ALTOS,6,CULIACAN,30800,TOMATE ROJO (JITOMATE),800,SALADETTE,500,Tonelada,1,OTOÑO-INVIERNO,1,RIEGO,40.0,7.0,33.0,268.0,38.29,2900.0,777200.0
2011,25,SINALOA,136,CULIACAN,1,CULIACAN ALTOS,6,CULIACAN,31200,TORONJA (POMELO),0,,500,Tonelada,3,PERENNES,1,RIEGO,16.0,16.0,0.0,171.0,10.69,1500.0,256500.0
2011,25,SINALOA,136,CULIACAN,2,EL TAMARINDO,6,CULIACAN,1600,ALFALFA ACHICALADA,0,,500,Tonelada,3,PERENNES,1,RIEGO,44.0,44.0,0.0,748.0,17.0,3700.0,2767600.0
2011,25,SINALOA,136,CULIACAN,2,EL TAMARINDO,6,CULIACAN,6500,CAÑA DE AZUCAR,200,INDUSTRIAL,500,Tonelada,3,PERENNES,1,RIEGO,180.0,180.0,0.0,14538.0,80.77,598.0,8693724.0
2011,25,SINALOA,136,CULIACAN,2,EL TAMARINDO,6,CULIACAN,6900,CARTAMO,0,,500,Tonelada,1,OTOÑO-INVIERNO,1,RIEGO,14.0,0.0,14.0,0.0,0.0,0.0,0.0
2011,25,SINALOA,136,CULIACAN,2,EL TAMARINDO,6,CULIACAN,7400,CEBOLLA,100,BLANCA,500,Tonelada,1,OTOÑO-INVIERNO,1,RIEGO,18.0,0.0,18.0,0.0,0.0,0.0,0.0
2011,25,SINALOA,136,CULIACAN,2,EL TAMARINDO,6,CULIACAN,11400,CHILE VERDE,1200,BELL PEPPER,500,Tonelada,1,OTOÑO-INVIERNO,1,RIEGO,272.0,162.0,110.0,11340.0,70.0,5800.0,65772000.0
2011,25,SINALOA,136,CULIACAN,2,EL TAMARINDO,6,CULIACAN,11400,CHILE VERDE,1300,ANAHEIM,500,Tonelada,1,OTOÑO-INVIERNO,1,RIEGO,79.0,37.0,42.0,1480.0,40.0,6200.0,9176000.0
2011,25,SINALOA,136,CULIACAN,2,EL TAMARINDO,6,CULIACAN,11400,CHILE VERDE,3500,BELL PEPPER INVERNADERO,500,Tonelada,1,OTOÑO-INVIERNO,1,RIEGO,15.0,15.0,0.0,1420.01,94.67,5800.0,8236058.0
2011,25,SINALOA,136,CULIACAN,2,EL TAMARINDO,6,CULIACAN,11400,CHILE VERDE,3600,BELL PEPPER MALLA SOMBRA,500,Tonelada,1,OTOÑO-INVIERNO,1,RIEGO,98.0,83.0,15.0,6703.08,80.76,5800.0,38877864.0
2011,25,SINALOA,136,CULIACAN,2,EL TAMARINDO,6,CULIACAN,14200,FRIJOL,500,MAYOCOBA,500,Tonelada,1,OTOÑO-INVIERNO,1,RIEGO,633.0,0.0,633.0,0.0,0.0,0.0,0.0
2011,25,SINALOA,136,CULIACAN,2,EL TAMARINDO,6,CULIACAN,14700,GARBANZO GRANO,100,BLANCO,500,Tonelada,1,OTOÑO-INVIERNO,1,RIEGO,688.0,0.0,688.0,0.0,0.0,0.0,0.0
2011,25,SINALOA,136,CULIACAN,2,EL TAMARINDO,6,CULIACAN,16930,HORTALIZAS,0,,500,Tonelada,1,OTOÑO-INVIERNO,1,RIEGO,57.0,0.0,57.0,0.0,0.0,0.0,0.0
2011,25,SINALOA,136,CULIACAN,2,EL TAMARINDO,6,CULIACAN,19000,LIMON,100,AGRIO (MEXICANO),500,Tonelada,3,PERENNES,1,RIEGO,15.0,15.0,0.0,72.0,4.8,2200.0,158400.0
2011,25,SINALOA,136,CULIACAN,2,EL TAMARINDO,6,CULIACAN,19700,MAIZ GRANO,100,AMARILLO,500,Tonelada,1,OTOÑO-INVIERNO,1,RIEGO,1065.0,90.0,975.0,625.5,6.95,3200.0,2001600.0
2011,25,SINALOA,136,CULIACAN,2,EL TAMARINDO,6,CULIACAN,19700,MAIZ GRANO,200,BLANCO,500,Tonelada,1,OTOÑO-INVIERNO,1,RIEGO,13444.0,1167.0,12277.0,10503.0,9.0,3500.0,36760500.0
2011,25,SINALOA,136,CULIACAN,2,EL TAMARINDO,6,CULIACAN,20300,MANDARINA,0,,500,Tonelada,3,PERENNES,1,RIEGO,6.0,6.0,0.0,39.0,6.5,1650.0,64350.0
2011,25,SINALOA,136,CULIACAN,2,EL TAMARINDO,6,CULIACAN,22400,NARANJA,400,VALENCIA,500,Tonelada,3,PERENNES,1,RIEGO,351.0,300.0,51.0,6300.0,21.0,1250.0,7875000.0
2011,25,SINALOA,136,CULIACAN,2,EL TAMARINDO,6,CULIACAN,24800,PASTOS Y PRADERAS EN VERDE,0,,500,Tonelada,3,PERENNES,1,RIEGO,366.0,366.0,0.0,7942.0,21.7,50.0,397100.0
2011,25,SINALOA,136,CULIACAN,2,EL TAMARINDO,6,CULIACAN,24900,PEPINO,0,,500,Tonelada,1,OTOÑO-INVIERNO,1,RIEGO,66.0,19.0,47.0,1107.0,58.26,3400.0,3763800.0
2011,25,SINALOA,136,CULIACAN,2,EL TAMARINDO,6,CULIACAN,24900,PEPINO,300,INVERNADERO,500,Tonelada,1,OTOÑO-INVIERNO,1,RIEGO,17.0,17.0,0.0,1548.55,91.09,3300.0,5110215.0
2011,25,SINALOA,136,CULIACAN,2,EL TAMARINDO,6,CULIACAN,24900,PEPINO,400,MALLA SOMBRA,500,Tonelada,1,OTOÑO-INVIERNO,1,RIEGO,52.0,44.0,8.0,3338.72,75.88,3300.0,11017776.0
2011,25,SINALOA,136,CULIACAN,2,EL TAMARINDO,6,CULIACAN,30800,TOMATE ROJO (JITOMATE),800,SALADETTE,500,Tonelada,1,OTOÑO-INVIERNO,1,RIEGO,419.0,182.0,237.0,8554.0,47.0,3000.0,25662000.0
2011,25,SINALOA,136,CULIACAN,2,EL TAMARINDO,6,CULIACAN,30800,TOMATE ROJO (JITOMATE),1100,BOLA,500,Tonelada,1,OTOÑO-INVIERNO,1,RIEGO,92.0,38.0,54.0,2204.0,58.0,3500.0,7714000.0
2011,25,SINALOA,136,CULIACAN,2,EL TAMARINDO,6,CULIACAN,31200,TORONJA (POMELO),0,,500,Tonelada,3,PERENNES,1,RIEGO,18.0,18.0,0.0,157.0,8.72,1650.0,259050.0
2011,25,SINALOA,136,CULIACAN,2,EL TAMARINDO,13,MOCORITO,6900,CARTAMO,0,,500,Tonelada,1,OTOÑO-INVIERNO,1,RIEGO,27.0,0.0,27.0,0.0,0.0,0.0,0.0
2011,25,SINALOA,136,CULIACAN,2,EL TAMARINDO,13,MOCORITO,11400,CHILE VERDE,1300,ANAHEIM,500,Tonelada,1,OTOÑO-INVIERNO,1,RIEGO,25.0,0.0,25.0,0.0,0.0,0.0,0.0
2011,25,SINALOA,136,CULIACAN,2,EL TAMARINDO,13,MOCORITO,11400,CHILE VERDE,3500,BELL PEPPER INVERNADERO,500,Tonelada,1,OTOÑO-INVIERNO,1,RIEGO,42.0,12.0,30.0,1020.0,85.0,5700.0,5814000.0
2011,25,SINALOA,136,CULIACAN,2,EL TAMARINDO,13,MOCORITO,11400,CHILE VERDE,3600,BELL PEPPER MALLA SOMBRA,500,Tonelada,1,OTOÑO-INVIERNO,1,RIEGO,11.0,6.0,5.0,408.0,68.0,5700.0,2325600.0
2011,25,SINALOA,136,CULIACAN,2,EL TAMARINDO,13,MOCORITO,14200,FRIJOL,500,MAYOCOBA,500,Tonelada,1,OTOÑO-INVIERNO,1,RIEGO,521.0,17.0,504.0,32.0,1.88,11000.0,352000.0
2011,25,SINALOA,136,CULIACAN,2,EL TAMARINDO,13,MOCORITO,14700,GARBANZO GRANO,100,BLANCO,500,Tonelada,1,OTOÑO-INVIERNO,1,RIEGO,710.0,161.0,549.0,306.0,1.9,12000.0,3672000.0
2011,25,SINALOA,136,CULIACAN,2,EL TAMARINDO,13,MOCORITO,19000,LIMON,100,AGRIO (MEXICANO),500,Tonelada,3,PERENNES,1,RIEGO,2.0,2.0,0.0,8.0,4.0,2200.0,17600.0
2011,25,SINALOA,136,CULIACAN,2,EL TAMARINDO,13,MOCORITO,19700,MAIZ GRANO,100,AMARILLO,500,Tonelada,1,OTOÑO-INVIERNO,1,RIEGO,458.0,51.0,407.0,484.5,9.5,3500.0,1695750.0
2011,25,SINALOA,136,CULIACAN,2,EL TAMARINDO,13,MOCORITO,19700,MAIZ GRANO,200,BLANCO,500,Tonelada,1,OTOÑO-INVIERNO,1,RIEGO,17126.0,8729.0,8397.0,56739.0,6.5,3500.0,198586500.0
2011,25,SINALOA,136,CULIACAN,2,EL TAMARINDO,13,MOCORITO,20300,MANDARINA,0,,500,Tonelada,3,PERENNES,1,RIEGO,3.0,3.0,0.0,17.0,5.67,2200.0,37400.0
2011,25,SINALOA,136,CULIACAN,2,EL TAMARINDO,13,MOCORITO,22400,NARANJA,400,VALENCIA,500,Tonelada,3,PERENNES,1,RIEGO,535.0,415.0,120.0,3320.0,8.0,1250.0,4150000.0
2011,25,SINALOA,136,CULIACAN,2,EL TAMARINDO,13,MOCORITO,24800,PASTOS Y PRADERAS EN VERDE,0,,500,Tonelada,3,PERENNES,1,RIEGO,198.0,198.0,0.0,4439.0,22.42,410.0,1819990.0
2011,25,SINALOA,136,CULIACAN,2,EL TAMARINDO,13,MOCORITO,24900,PEPINO,0,,500,Tonelada,1,OTOÑO-INVIERNO,1,RIEGO,46.0,8.0,38.0,437.0,54.63,3300.0,1442100.0
2011,25,SINALOA,136,CULIACAN,2,EL TAMARINDO,13,MOCORITO,28700,SANDIA,300,VERDE (JUBILIE),500,Tonelada,1,OTOÑO-INVIERNO,1,RIEGO,24.0,0.0,24.0,0.0,0.0,0.0,0.0
2011,25,SINALOA,136,CULIACAN,2,EL TAMARINDO,13,MOCORITO,29500,SORGO GRANO,0,,500,Tonelada,1,OTOÑO-INVIERNO,1,RIEGO,716.0,716.0,0.0,5012.0,7.0,3200.0,16038400.0
2011,25,SINALOA,136,CULIACAN,2,EL TAMARINDO,13,MOCORITO,30800,TOMATE ROJO (JITOMATE),800,SALADETTE,500,Tonelada,1,OTOÑO-INVIERNO,1,RIEGO,292.0,204.0,88.0,5304.0,26.0,3050.0,16177200.0
2011,25,SINALOA,136,CULIACAN,2,EL TAMARINDO,13,MOCORITO,30800,TOMATE ROJO (JITOMATE),1400,SALADETTE INVERNADERO,500,Tonelada,1,OTOÑO-INVIERNO,1,RIEGO,91.0,49.0,42.0,8085.0,165.0,3050.0,24659250.0
2011,25,SINALOA,136,CULIACAN,2,EL TAMARINDO,13,MOCORITO,30800,TOMATE ROJO (JITOMATE),1500,SALADETTE MALLA SOMBRA,500,Tonelada,1,OTOÑO-INVIERNO,1,RIEGO,52.0,44.0,8.0,3080.0,70.0,3050.0,9394000.0
2011,25,SINALOA,136,CULIACAN,2,EL TAMARINDO,13,MOCORITO,30800,TOMATE ROJO (JITOMATE),1600,BOLA INVERNADERO,500,Tonelada,1,OTOÑO-INVIERNO,1,RIEGO,34.0,18.0,16.0,2520.0,140.0,3400.0,8568000.0
2011,25,SINALOA,136,CULIACAN,2,EL TAMARINDO,13,MOCORITO,30800,TOMATE ROJO (JITOMATE),1700,BOLA MALLA SOMBRA,500,Tonelada,1,OTOÑO-INVIERNO,1,RIEGO,21.0,19.0,2.0,1615.0,85.0,3400.0,5491000.0
2011,25,SINALOA,136,CULIACAN,2,EL TAMARINDO,13,MOCORITO,31200,TORONJA (POMELO),0,,500,Tonelada,3,PERENNES,1,RIEGO,5.0,5.0,0.0,46.0,9.2,1650.0,75900.0
2011,25,SINALOA,136,CULIACAN,2,EL TAMARINDO,18,NAVOLATO,5800,CALABACITA,200,ITALIANA (Zucchini),500,Tonelada,1,OTOÑO-INVIERNO,1,RIEGO,5.0,2.0,3.0,16.0,8.0,7200.0,115200.0
2011,25,SINALOA,136,CULIACAN,2,EL TAMARINDO,18,NAVOLATO,6500,CAÑA DE AZUCAR,200,INDUSTRIAL,500,Tonelada,3,PERENNES,1,RIEGO,542.0,542.0,0.0,45642.0,84.21,600.0,27385200.0
2011,25,SINALOA,136,CULIACAN,2,EL TAMARINDO,18,NAVOLATO,6900,CARTAMO,0,,500,Tonelada,1,OTOÑO-INVIERNO,1,RIEGO,15.0,0.0,15.0,0.0,0.0,0.0,0.0
2011,25,SINALOA,136,CULIACAN,2,EL TAMARINDO,18,NAVOLATO,11400,CHILE VERDE,1300,ANAHEIM,500,Tonelada,1,OTOÑO-INVIERNO,1,RIEGO,48.0,4.0,44.0,260.0,65.0,5800.0,1508000.0
2011,25,SINALOA,136,CULIACAN,2,EL TAMARINDO,18,NAVOLATO,11400,CHILE VERDE,3600,BELL PEPPER MALLA SOMBRA,500,Tonelada,1,OTOÑO-INVIERNO,1,RIEGO,6.0,4.0,2.0,286.0,71.5,5800.0,1658800.0
2011,25,SINALOA,136,CULIACAN,2,EL TAMARINDO,18,NAVOLATO,14200,FRIJOL,500,MAYOCOBA,500,Tonelada,1,OTOÑO-INVIERNO,1,RIEGO,1050.0,86.0,964.0,153.0,1.78,11000.0,1683000.0
2011,25,SINALOA,136,CULIACAN,2,EL TAMARINDO,18,NAVOLATO,14700,GARBANZO GRANO,100,BLANCO,500,Tonelada,1,OTOÑO-INVIERNO,1,RIEGO,552.0,0.0,552.0,0.0,0.0,0.0,0.0
2011,25,SINALOA,136,CULIACAN,2,EL TAMARINDO,18,NAVOLATO,16930,HORTALIZAS,0,,500,Tonelada,1,OTOÑO-INVIERNO,1,RIEGO,15.0,0.0,15.0,0.0,0.0,0.0,0.0
2011,25,SINALOA,136,CULIACAN,2,EL TAMARINDO,18,NAVOLATO,19700,MAIZ GRANO,100,AMARILLO,500,Tonelada,1,OTOÑO-INVIERNO,1,RIEGO,660.0,37.0,623.0,240.5,6.5,3500.0,841750.0
2011,25,SINALOA,136,CULIACAN,2,EL TAMARINDO,18,NAVOLATO,19700,MAIZ GRANO,200,BLANCO,500,Tonelada,1,OTOÑO-INVIERNO,1,RIEGO,14060.0,536.0,13524.0,3484.0,6.5,3500.0,12194000.0
2011,25,SINALOA,136,CULIACAN,2,EL TAMARINDO,18,NAVOLATO,24800,PASTOS Y PRADERAS EN VERDE,0,,500,Tonelada,3,PERENNES,1,RIEGO,305.0,305.0,0.0,5652.0,18.53,410.0,2317320.0
2011,25,SINALOA,136,CULIACAN,2,EL TAMARINDO,18,NAVOLATO,24900,PEPINO,0,,500,Tonelada,1,OTOÑO-INVIERNO,1,RIEGO,83.0,19.0,64.0,1070.0,56.32,3200.0,3424000.0
2011,25,SINALOA,136,CULIACAN,2,EL TAMARINDO,18,NAVOLATO,29500,SORGO GRANO,0,,500,Tonelada,1,OTOÑO-INVIERNO,1,RIEGO,8712.0,8665.0,47.0,60655.0,7.0,3250.0,197128750.0
2011,25,SINALOA,136,CULIACAN,2,EL TAMARINDO,18,NAVOLATO,30800,TOMATE ROJO (JITOMATE),800,SALADETTE,500,Tonelada,1,OTOÑO-INVIERNO,1,RIEGO,681.0,297.0,384.0,7722.0,26.0,2950.0,22779900.0
2011,25,SINALOA,136,CULIACAN,2,EL TAMARINDO,18,NAVOLATO,30800,TOMATE ROJO (JITOMATE),1600,BOLA INVERNADERO,500,Tonelada,1,OTOÑO-INVIERNO,1,RIEGO,114.0,68.0,46.0,9520.0,140.0,3450.0,32844000.0
2011,25,SINALOA,136,CULIACAN,3,NAVOLATO,18,NAVOLATO,600,AGUACATE,300,CRIOLLO,500,Tonelada,3,PERENNES,1,RIEGO,12.0,0.0,12.0,0.0,0.0,0.0,0.0
2011,25,SINALOA,136,CULIACAN,3,NAVOLATO,18,NAVOLATO,1600,ALFALFA ACHICALADA,0,,500,Tonelada,3,PERENNES,1,RIEGO,58.0,58.0,0.0,1102.0,19.0,3700.0,4077400.0
2011,25,SINALOA,136,CULIACAN,3,NAVOLATO,18,NAVOLATO,4600,BERENJENA,0,,500,Tonelada,1,OTOÑO-INVIERNO,1,RIEGO,48.0,0.0,48.0,0.0,0.0,0.0,0.0
2011,25,SINALOA,136,CULIACAN,3,NAVOLATO,18,NAVOLATO,5800,CALABACITA,200,ITALIANA (Zucchini),500,Tonelada,1,OTOÑO-INVIERNO,1,RIEGO,200.0,88.0,112.0,1142.0,12.98,7400.0,8450800.0
2011,25,SINALOA,136,CULIACAN,3,NAVOLATO,18,NAVOLATO,6500,CAÑA DE AZUCAR,200,INDUSTRIAL,500,Tonelada,3,PERENNES,1,RIEGO,1954.0,1554.0,400.0,132634.0,85.35,598.0,79315132.0
2011,25,SINALOA,136,CULIACAN,3,NAVOLATO,18,NAVOLATO,6900,CARTAMO,0,,500,Tonelada,1,OTOÑO-INVIERNO,1,RIEGO,12.0,0.0,12.0,0.0,0.0,0.0,0.0
2011,25,SINALOA,136,CULIACAN,3,NAVOLATO,18,NAVOLATO,11400,CHILE VERDE,1200,BELL PEPPER,500,Tonelada,1,OTOÑO-INVIERNO,1,RIEGO,305.0,112.0,193.0,8736.0,78.0,5600.0,48921600.0
2011,25,SINALOA,136,CULIACAN,3,NAVOLATO,18,NAVOLATO,11400,CHILE VERDE,1300,ANAHEIM,500,Tonelada,1,OTOÑO-INVIERNO,1,RIEGO,108.0,21.0,87.0,1240.0,59.05,3900.0,4836000.0
2011,25,SINALOA,136,CULIACAN,3,NAVOLATO,18,NAVOLATO,11400,CHILE VERDE,3500,BELL PEPPER INVERNADERO,500,Tonelada,1,OTOÑO-INVIERNO,1,RIEGO,12.0,12.0,0.0,1207.5,100.63,5600.0,6762000.0
2011,25,SINALOA,136,CULIACAN,3,NAVOLATO,18,NAVOLATO,11400,CHILE VERDE,3600,BELL PEPPER MALLA SOMBRA,500,Tonelada,1,OTOÑO-INVIERNO,1,RIEGO,17.0,11.0,6.0,797.5,72.5,5600.0,4466000.0
2011,25,SINALOA,136,CULIACAN,3,NAVOLATO,18,NAVOLATO,12600,EJOTE,0,,500,Tonelada,1,OTOÑO-INVIERNO,1,RIEGO,171.0,67.0,104.0,983.0,14.67,6050.0,5947150.0
2011,25,SINALOA,136,CULIACAN,3,NAVOLATO,18,NAVOLATO,14200,FRIJOL,500,MAYOCOBA,500,Tonelada,1,OTOÑO-INVIERNO,1,RIEGO,912.0,567.0,345.0,688.0,1.21,11000.0,7568000.0
2011,25,SINALOA,136,CULIACAN,3,NAVOLATO,18,NAVOLATO,14700,GARBANZO GRANO,100,BLANCO,500,Tonelada,1,OTOÑO-INVIERNO,1,RIEGO,8.0,0.0,8.0,0.0,0.0,0.0,0.0
2011,25,SINALOA,136,CULIACAN,3,NAVOLATO,18,NAVOLATO,16930,HORTALIZAS,0,,500,Tonelada,1,OTOÑO-INVIERNO,1,RIEGO,110.0,0.0,110.0,0.0,0.0,0.0,0.0
2011,25,SINALOA,136,CULIACAN,3,NAVOLATO,18,NAVOLATO,19000,LIMON,100,AGRIO (MEXICANO),500,Tonelada,3,PERENNES,1,RIEGO,3.0,3.0,0.0,12.0,4.0,2200.0,26400.0
2011,25,SINALOA,136,CULIACAN,3,NAVOLATO,18,NAVOLATO,19300,LITCHI,0,,500,Tonelada,3,PERENNES,1,RIEGO,29.0,29.0,0.0,61.0,2.1,16000.0,976000.0
2011,25,SINALOA,136,CULIACAN,3,NAVOLATO,18,NAVOLATO,19700,MAIZ GRANO,100,AMARILLO,500,Tonelada,1,OTOÑO-INVIERNO,1,RIEGO,1723.0,55.0,1668.0,330.0,6.0,3500.0,1155000.0
2011,25,SINALOA,136,CULIACAN,3,NAVOLATO,18,NAVOLATO,19700,MAIZ GRANO,200,BLANCO,500,Tonelada,1,OTOÑO-INVIERNO,1,RIEGO,33604.0,1074.0,32530.0,3387.0,3.15,3900.0,13209300.0
2011,25,SINALOA,136,CULIACAN,3,NAVOLATO,18,NAVOLATO,20400,MANGO,500,KENT,500,Tonelada,3,PERENNES,1,RIEGO,65.0,30.0,35.0,210.0,7.0,4600.0,966000.0
2011,25,SINALOA,136,CULIACAN,3,NAVOLATO,18,NAVOLATO,24800,PASTOS Y PRADERAS EN VERDE,0,,500,Tonelada,3,PERENNES,1,RIEGO,104.0,0.0,104.0,0.0,0.0,0.0,0.0
2011,25,SINALOA,136,CULIACAN,3,NAVOLATO,18,NAVOLATO,24900,PEPINO,0,,500,Tonelada,1,OTOÑO-INVIERNO,1,RIEGO,117.0,61.0,56.0,3755.4,61.56,3250.0,12205050.0
2011,25,SINALOA,136,CULIACAN,3,NAVOLATO,18,NAVOLATO,24900,PEPINO,300,INVERNADERO,500,Tonelada,1,OTOÑO-INVIERNO,1,RIEGO,15.0,15.0,0.0,1185.0,79.0,3250.0,3851250.0
2011,25,SINALOA,136,CULIACAN,3,NAVOLATO,18,NAVOLATO,24900,PEPINO,400,MALLA SOMBRA,500,Tonelada,1,OTOÑO-INVIERNO,1,RIEGO,25.0,23.0,2.0,1454.75,63.25,3250.0,4727937.5
2011,25,SINALOA,136,CULIACAN,3,NAVOLATO,18,NAVOLATO,29400,SORGO ESCOBERO,0,,500,Tonelada,2,PRIMAVERA-VERANO,1,RIEGO,449.0,449.0,0.0,306.67,0.68,9800.0,3005366.0
2011,25,SINALOA,136,CULIACAN,3,NAVOLATO,18,NAVOLATO,29500,SORGO GRANO,0,,500,Tonelada,1,OTOÑO-INVIERNO,1,RIEGO,5900.0,5818.0,82.0,34908.0,6.0,3200.0,111705600.0
2011,25,SINALOA,136,CULIACAN,3,NAVOLATO,18,NAVOLATO,30800,TOMATE ROJO (JITOMATE),800,SALADETTE,500,Tonelada,1,OTOÑO-INVIERNO,1,RIEGO,823.0,301.0,522.0,15652.0,52.0,2900.0,45390800.0
2011,25,SINALOA,136,CULIACAN,3,NAVOLATO,18,NAVOLATO,30800,TOMATE ROJO (JITOMATE),1400,SALADETTE INVERNADERO,500,Tonelada,1,OTOÑO-INVIERNO,1,RIEGO,27.0,27.0,0.0,5205.95,192.81,2900.0,15097255.0
2011,25,SINALOA,136,CULIACAN,3,NAVOLATO,18,NAVOLATO,30800,TOMATE ROJO (JITOMATE),1500,SALADETTE MALLA SOMBRA,500,Tonelada,1,OTOÑO-INVIERNO,1,RIEGO,42.0,34.0,8.0,5632.78,165.67,2900.0,16335062.0
2011,25,SINALOA,136,CULIACAN,3,NAVOLATO,18,NAVOLATO,30800,TOMATE ROJO (JITOMATE),1600,BOLA INVERNADERO,500,Tonelada,1,OTOÑO-INVIERNO,1,RIEGO,30.0,30.0,0.0,5601.42,186.71,3400.0,19044828.0
2011,25,SINALOA,136,CULIACAN,3,NAVOLATO,18,NAVOLATO,30800,TOMATE ROJO (JITOMATE),1700,BOLA MALLA SOMBRA,500,Tonelada,1,OTOÑO-INVIERNO,1,RIEGO,289.0,111.0,178.0,9396.0,84.65,3400.0,31946400.0
2011,25,SINALOA,136,CULIACAN,4,CULIACAN,6,CULIACAN,4600,BERENJENA,0,,500,Tonelada,1,OTOÑO-INVIERNO,1,RIEGO,428.0,0.0,428.0,0.0,0.0,0.0,0.0
2011,25,SINALOA,136,CULIACAN,4,CULIACAN,6,CULIACAN,5800,CALABACITA,200,ITALIANA (Zucchini),500,Tonelada,1,OTOÑO-INVIERNO,1,RIEGO,86.0,36.0,50.0,485.0,13.47,7200.0,3492000.0
2011,25,SINALOA,136,CULIACAN,4,CULIACAN,6,CULIACAN,6500,CAÑA DE AZUCAR,200,INDUSTRIAL,500,Tonelada,3,PERENNES,1,RIEGO,416.0,416.0,0.0,33972.0,81.66,598.0,20315256.0
2011,25,SINALOA,136,CULIACAN,4,CULIACAN,6,CULIACAN,11400,CHILE VERDE,1200,BELL PEPPER,500,Tonelada,1,OTOÑO-INVIERNO,1,RIEGO,1866.0,605.0,1261.0,31460.0,52.0,5900.0,185614000.0
2011,25,SINALOA,136,CULIACAN,4,CULIACAN,6,CULIACAN,11400,CHILE VERDE,1300,ANAHEIM,500,Tonelada,1,OTOÑO-INVIERNO,1,RIEGO,414.0,82.0,332.0,4670.0,56.95,3900.0,18213000.0
2011,25,SINALOA,136,CULIACAN,4,CULIACAN,6,CULIACAN,11400,CHILE VERDE,3600,BELL PEPPER MALLA SOMBRA,500,Tonelada,1,OTOÑO-INVIERNO,1,RIEGO,297.0,253.0,44.0,19475.94,76.98,5900.0,114908046.0
2011,25,SINALOA,136,CULIACAN,4,CULIACAN,6,CULIACAN,12600,EJOTE,0,,500,Tonelada,1,OTOÑO-INVIERNO,1,RIEGO,546.0,202.0,344.0,2953.0,14.62,6100.0,18013300.0
2011,25,SINALOA,136,CULIACAN,4,CULIACAN,6,CULIACAN,14200,FRIJOL,500,MAYOCOBA,500,Tonelada,1,OTOÑO-INVIERNO,1,RIEGO,988.0,60.0,928.0,110.0,1.83,10000.0,1100000.0
2011,25,SINALOA,136,CULIACAN,4,CULIACAN,6,CULIACAN,14700,GARBANZO GRANO,100,BLANCO,500,Tonelada,1,OTOÑO-INVIERNO,1,RIEGO,526.0,68.0,458.0,114.0,1.68,12000.0,1368000.0
2011,25,SINALOA,136,CULIACAN,4,CULIACAN,6,CULIACAN,16930,HORTALIZAS,0,,500,Tonelada,1,OTOÑO-INVIERNO,1,RIEGO,1901.0,0.0,1901.0,0.0,0.0,0.0,0.0
2011,25,SINALOA,136,CULIACAN,4,CULIACAN,6,CULIACAN,19000,LIMON,100,AGRIO (MEXICANO),500,Tonelada,3,PERENNES,1,RIEGO,22.0,22.0,0.0,198.0,9.0,2100.0,415800.0
2011,25,SINALOA,136,CULIACAN,4,CULIACAN,6,CULIACAN,19300,LITCHI,0,,500,Tonelada,3,PERENNES,1,RIEGO,20.0,20.0,0.0,45.0,2.25,16000.0,720000.0
2011,25,SINALOA,136,CULIACAN,4,CULIACAN,6,CULIACAN,19700,MAIZ GRANO,100,AMARILLO,500,Tonelada,1,OTOÑO-INVIERNO,1,RIEGO,3048.0,213.0,2835.0,1384.5,6.5,3500.0,4845750.0
2011,25,SINALOA,136,CULIACAN,4,CULIACAN,6,CULIACAN,19700,MAIZ GRANO,200,BLANCO,500,Tonelada,1,OTOÑO-INVIERNO,1,RIEGO,58178.0,36495.0,21683.0,298146.0,8.17,3747.0,1117153062.0
2011,25,SINALOA,136,CULIACAN,4,CULIACAN,6,CULIACAN,20400,MANGO,600,MANILA,500,Tonelada,3,PERENNES,1,RIEGO,4.0,0.0,4.0,0.0,0.0,0.0,0.0
2011,25,SINALOA,136,CULIACAN,4,CULIACAN,6,CULIACAN,22400,NARANJA,400,VALENCIA,500,Tonelada,3,PERENNES,1,RIEGO,37.0,37.0,0.0,148.0,4.0,1650.0,244200.0
2011,25,SINALOA,136,CULIACAN,4,CULIACAN,6,CULIACAN,24800,PASTOS Y PRADERAS EN VERDE,0,,500,Tonelada,3,PERENNES,1,RIEGO,68.0,0.0,68.0,0.0,0.0,0.0,0.0
2011,25,SINALOA,136,CULIACAN,4,CULIACAN,6,CULIACAN,24900,PEPINO,200,CHINO,500,Tonelada,1,OTOÑO-INVIERNO,1,RIEGO,753.0,328.0,425.0,21363.95,65.13,3000.0,64091850.0
2011,25,SINALOA,136,CULIACAN,4,CULIACAN,6,CULIACAN,24900,PEPINO,300,INVERNADERO,500,Tonelada,1,OTOÑO-INVIERNO,1,RIEGO,55.0,55.0,0.0,4950.0,90.0,3500.0,17325000.0
2011,25,SINALOA,136,CULIACAN,4,CULIACAN,6,CULIACAN,24900,PEPINO,400,MALLA SOMBRA,500,Tonelada,1,OTOÑO-INVIERNO,1,RIEGO,80.0,63.0,17.0,4484.34,71.18,3100.0,13901454.0
2011,25,SINALOA,136,CULIACAN,4,CULIACAN,6,CULIACAN,29400,SORGO ESCOBERO,0,,500,Tonelada,2,PRIMAVERA-VERANO,1,RIEGO,43.0,0.0,43.0,0.0,0.0,0.0,0.0
2011,25,SINALOA,136,CULIACAN,4,CULIACAN,6,CULIACAN,29500,SORGO GRANO,0,,500,Tonelada,1,OTOÑO-INVIERNO,1,RIEGO,5274.0,5264.0,10.0,36848.0,7.0,3200.0,117913600.0
2011,25,SINALOA,136,CULIACAN,4,CULIACAN,6,CULIACAN,30800,TOMATE ROJO (JITOMATE),800,SALADETTE,500,Tonelada,1,OTOÑO-INVIERNO,1,RIEGO,809.0,273.0,536.0,14742.0,54.0,3050.0,44963100.0
2011,25,SINALOA,136,CULIACAN,4,CULIACAN,6,CULIACAN,30800,TOMATE ROJO (JITOMATE),1400,SALADETTE INVERNADERO,500,Tonelada,1,OTOÑO-INVIERNO,1,RIEGO,920.0,910.0,10.0,39600.0,43.52,3050.0,120780000.0
2011,25,SINALOA,136,CULIACAN,4,CULIACAN,6,CULIACAN,30800,TOMATE ROJO (JITOMATE),1500,SALADETTE MALLA SOMBRA,500,Tonelada,1,OTOÑO-INVIERNO,1,RIEGO,52.0,41.0,11.0,6689.97,163.17,3050.0,20404408.5
2011,25,SINALOA,136,CULIACAN,4,CULIACAN,6,CULIACAN,30800,TOMATE ROJO (JITOMATE),1600,BOLA INVERNADERO,500,Tonelada,1,OTOÑO-INVIERNO,1,RIEGO,30.0,30.0,0.0,4305.0,143.5,3500.0,15067500.0
2011,25,SINALOA,136,CULIACAN,4,CULIACAN,6,CULIACAN,30800,TOMATE ROJO (JITOMATE),1700,BOLA MALLA SOMBRA,500,Tonelada,1,OTOÑO-INVIERNO,1,RIEGO,515.0,515.0,0.0,37560.0,72.93,3500.0,131460000.0
2011,25,SINALOA,136,CULIACAN,4,CULIACAN,6,CULIACAN,31500,TRIGO GRANO,200,FUERTE,500,Tonelada,1,OTOÑO-INVIERNO,1,RIEGO,8.0,0.0,8.0,0.0,0.0,0.0,0.0
2011,25,SINALOA,136,CULIACAN,4,CULIACAN,18,NAVOLATO,600,AGUACATE,300,CRIOLLO,500,Tonelada,3,PERENNES,1,RIEGO,6.0,0.0,6.0,0.0,0.0,0.0,0.0
2011,25,SINALOA,136,CULIACAN,4,CULIACAN,18,NAVOLATO,1600,ALFALFA ACHICALADA,0,,500,Tonelada,3,PERENNES,1,RIEGO,13.0,13.0,0.0,273.0,21.0,3700.0,1010100.0
2011,25,SINALOA,136,CULIACAN,4,CULIACAN,18,NAVOLATO,4600,BERENJENA,300,INVERNADERO,500,Tonelada,1,OTOÑO-INVIERNO,1,RIEGO,238.0,15.0,223.0,1179.0,78.6,6500.0,7663500.0
2011,25,SINALOA,136,CULIACAN,4,CULIACAN,18,NAVOLATO,5800,CALABACITA,200,ITALIANA (Zucchini),500,Tonelada,1,OTOÑO-INVIERNO,1,RIEGO,38.0,17.0,21.0,159.0,9.35,7200.0,1144800.0
2011,25,SINALOA,136,CULIACAN,4,CULIACAN,18,NAVOLATO,6500,CAÑA DE AZUCAR,200,INDUSTRIAL,500,Tonelada,3,PERENNES,1,RIEGO,1400.0,1400.0,0.0,118692.0,84.78,598.0,70977816.0
2011,25,SINALOA,136,CULIACAN,4,CULIACAN,18,NAVOLATO,11400,CHILE VERDE,1200,BELL PEPPER,500,Tonelada,1,OTOÑO-INVIERNO,1,RIEGO,625.0,226.0,399.0,4294.0,19.0,5900.0,25334600.0
2011,25,SINALOA,136,CULIACAN,4,CULIACAN,18,NAVOLATO,11400,CHILE VERDE,1300,ANAHEIM,500,Tonelada,1,OTOÑO-INVIERNO,1,RIEGO,222.0,68.0,154.0,3954.0,58.15,3900.0,15420600.0
2011,25,SINALOA,136,CULIACAN,4,CULIACAN,18,NAVOLATO,12600,EJOTE,0,,500,Tonelada,1,OTOÑO-INVIERNO,1,RIEGO,35.0,22.0,13.0,238.0,10.82,6100.0,1451800.0
2011,25,SINALOA,136,CULIACAN,4,CULIACAN,18,NAVOLATO,14200,FRIJOL,500,MAYOCOBA,500,Tonelada,1,OTOÑO-INVIERNO,1,RIEGO,884.0,647.0,237.0,1154.0,1.78,10000.0,11540000.0
2011,25,SINALOA,136,CULIACAN,4,CULIACAN,18,NAVOLATO,14700,GARBANZO GRANO,100,BLANCO,500,Tonelada,1,OTOÑO-INVIERNO,1,RIEGO,364.0,73.0,291.0,126.29,1.73,12000.0,1515480.0
2011,25,SINALOA,136,CULIACAN,4,CULIACAN,18,NAVOLATO,16000,GUAYABA,0,,500,Tonelada,3,PERENNES,1,RIEGO,3.0,0.0,3.0,0.0,0.0,0.0,0.0
2011,25,SINALOA,136,CULIACAN,4,CULIACAN,18,NAVOLATO,16930,HORTALIZAS,0,,500,Tonelada,1,OTOÑO-INVIERNO,1,RIEGO,401.0,0.0,401.0,0.0,0.0,0.0,0.0
2011,25,SINALOA,136,CULIACAN,4,CULIACAN,18,NAVOLATO,19000,LIMON,100,AGRIO (MEXICANO),500,Tonelada,3,PERENNES,1,RIEGO,3.0,3.0,0.0,15.0,5.0,2200.0,33000.0
2011,25,SINALOA,136,CULIACAN,4,CULIACAN,18,NAVOLATO,19300,LITCHI,0,,500,Tonelada,3,PERENNES,1,RIEGO,32.0,32.0,0.0,60.0,1.88,16000.0,960000.0
2011,25,SINALOA,136,CULIACAN,4,CULIACAN,18,NAVOLATO,19700,MAIZ GRANO,100,AMARILLO,500,Tonelada,1,OTOÑO-INVIERNO,1,RIEGO,1230.0,0.0,1230.0,0.0,0.0,0.0,0.0
2011,25,SINALOA,136,CULIACAN,4,CULIACAN,18,NAVOLATO,19700,MAIZ GRANO,200,BLANCO,500,Tonelada,1,OTOÑO-INVIERNO,1,RIEGO,74288.0,48923.0,25365.0,405640.0,8.29,3799.0,1541026360.0
2011,25,SINALOA,136,CULIACAN,4,CULIACAN,18,NAVOLATO,20400,MANGO,500,KENT,500,Tonelada,3,PERENNES,1,RIEGO,162.0,110.0,52.0,770.0,7.0,4600.0,3542000.0
2011,25,SINALOA,136,CULIACAN,4,CULIACAN,18,NAVOLATO,22400,NARANJA,400,VALENCIA,500,Tonelada,3,PERENNES,1,RIEGO,89.0,89.0,0.0,356.0,4.0,1250.0,445000.0
2011,25,SINALOA,136,CULIACAN,4,CULIACAN,18,NAVOLATO,24800,PASTOS Y PRADERAS EN VERDE,0,,500,Tonelada,3,PERENNES,1,RIEGO,24.0,0.0,24.0,0.0,0.0,0.0,0.0
2011,25,SINALOA,136,CULIACAN,4,CULIACAN,18,NAVOLATO,24900,PEPINO,0,,500,Tonelada,1,OTOÑO-INVIERNO,1,RIEGO,198.0,65.0,133.0,3986.0,61.32,3300.0,13153800.0
2011,25,SINALOA,136,CULIACAN,4,CULIACAN,18,NAVOLATO,29400,SORGO ESCOBERO,0,,500,Tonelada,2,PRIMAVERA-VERANO,1,RIEGO,110.0,72.0,38.0,93.6,1.3,8500.0,795600.0
2011,25,SINALOA,136,CULIACAN,4,CULIACAN,18,NAVOLATO,30800,TOMATE ROJO (JITOMATE),800,SALADETTE,500,Tonelada,1,OTOÑO-INVIERNO,1,RIEGO,897.0,306.0,591.0,13464.0,44.0,3050.0,41065200.0
2011,25,SINALOA,136,CULIACAN,4,CULIACAN,18,NAVOLATO,30800,TOMATE ROJO (JITOMATE),1500,SALADETTE MALLA SOMBRA,500,Tonelada,1,OTOÑO-INVIERNO,1,RIEGO,12.0,10.0,2.0,1637.5,163.75,3050.0,4994375.0
2011,25,SINALOA,136,CULIACAN,4,CULIACAN,18,NAVOLATO,30800,TOMATE ROJO (JITOMATE),1600,BOLA INVERNADERO,500,Tonelada,1,OTOÑO-INVIERNO,1,RIEGO,281.0,105.0,176.0,18270.0,174.0,3500.0,63945000.0
2011,25,SINALOA,136,CULIACAN,4,CULIACAN,18,NAVOLATO,30800,TOMATE ROJO (JITOMATE),1700,BOLA MALLA SOMBRA,500,Tonelada,1,OTOÑO-INVIERNO,1,RIEGO,33.0,28.0,5.0,2933.84,104.78,3500.0,10268440.0
2011,25,SINALOA,136,CULIACAN,5,ELDORADO,6,CULIACAN,1600,ALFALFA ACHICALADA,0,,500,Tonelada,3,PERENNES,1,RIEGO,32.0,32.0,0.0,544.0,17.0,3700.0,2012800.0
2011,25,SINALOA,136,CULIACAN,5,ELDORADO,6,CULIACAN,6500,CAÑA DE AZUCAR,200,INDUSTRIAL,500,Tonelada,3,PERENNES,1,RIEGO,6610.0,5058.0,1552.0,497745.0,98.41,590.41,293873625.5
2011,25,SINALOA,136,CULIACAN,5,ELDORADO,6,CULIACAN,14200,FRIJOL,500,MAYOCOBA,500,Tonelada,1,OTOÑO-INVIERNO,1,RIEGO,661.0,639.0,22.0,1142.0,1.79,14500.0,16559000.0
2011,25,SINALOA,136,CULIACAN,5,ELDORADO,6,CULIACAN,14700,GARBANZO GRANO,100,BLANCO,500,Tonelada,1,OTOÑO-INVIERNO,1,RIEGO,280.0,70.0,210.0,119.0,1.7,13800.0,1642200.0
2011,25,SINALOA,136,CULIACAN,5,ELDORADO,6,CULIACAN,16930,HORTALIZAS,0,,500,Tonelada,1,OTOÑO-INVIERNO,1,RIEGO,115.0,0.0,115.0,0.0,0.0,0.0,0.0
2011,25,SINALOA,136,CULIACAN,5,ELDORADO,6,CULIACAN,19300,LITCHI,0,,500,Tonelada,3,PERENNES,1,RIEGO,392.0,296.0,96.0,675.0,2.28,18000.0,12150000.0
2011,25,SINALOA,136,CULIACAN,5,ELDORADO,6,CULIACAN,19700,MAIZ GRANO,100,AMARILLO,500,Tonelada,1,OTOÑO-INVIERNO,1,RIEGO,970.0,0.0,970.0,0.0,0.0,0.0,0.0
2011,25,SINALOA,136,CULIACAN,5,ELDORADO,6,CULIACAN,19700,MAIZ GRANO,200,BLANCO,500,Tonelada,1,OTOÑO-INVIERNO,1,RIEGO,23794.0,4647.0,19147.0,37176.0,8.0,3500.0,130116000.0
2011,25,SINALOA,136,CULIACAN,5,ELDORADO,6,CULIACAN,20400,MANGO,500,KENT,500,Tonelada,3,PERENNES,1,RIEGO,46.0,28.0,18.0,168.0,6.0,4600.0,772800.0
2011,25,SINALOA,136,CULIACAN,5,ELDORADO,6,CULIACAN,22400,NARANJA,400,VALENCIA,500,Tonelada,3,PERENNES,1,RIEGO,21.0,21.0,0.0,84.0,4.0,1250.0,105000.0
2011,25,SINALOA,136,CULIACAN,5,ELDORADO,6,CULIACAN,24800,PASTOS Y PRADERAS EN VERDE,0,,500,Tonelada,3,PERENNES,1,RIEGO,129.0,83.0,46.0,664.0,8.0,420.0,278880.0
2011,25,SINALOA,136,CULIACAN,5,ELDORADO,6,CULIACAN,29500,SORGO GRANO,0,,500,Tonelada,1,OTOÑO-INVIERNO,1,RIEGO,5.0,0.0,5.0,0.0,0.0,0.0,0.0
2011,25,SINALOA,136,CULIACAN,5,ELDORADO,6,CULIACAN,30800,TOMATE ROJO (JITOMATE),800,SALADETTE,500,Tonelada,1,OTOÑO-INVIERNO,1,RIEGO,90.0,36.0,54.0,1728.0,48.0,3100.0,5356800.0
2011,25,SINALOA,136,CULIACAN,6,BADIRAGUATO,3,BADIRAGUATO,800,AJONJOLÍ,0,,500,Tonelada,2,PRIMAVERA-VERANO,2,TEMPORAL,467.0,467.0,0.0,249.38,0.53,11600.0,2892808.0
2011,25,SINALOA,136,CULIACAN,6,BADIRAGUATO,3,BADIRAGUATO,6900,CARTAMO,0,,500,Tonelada,1,OTOÑO-INVIERNO,2,TEMPORAL,250.0,0.0,250.0,0.0,0.0,0.0,0.0
2011,25,SINALOA,136,CULIACAN,6,BADIRAGUATO,3,BADIRAGUATO,14200,FRIJOL,500,MAYOCOBA,500,Tonelada,1,OTOÑO-INVIERNO,2,TEMPORAL,374.0,374.0,0.0,146.78,0.39,8500.0,1247630.0
2011,25,SINALOA,136,CULIACAN,6,BADIRAGUATO,3,BADIRAGUATO,14700,GARBANZO GRANO,100,BLANCO,500,Tonelada,1,OTOÑO-INVIERNO,2,TEMPORAL,250.0,250.0,0.0,187.75,0.75,8700.0,1633425.0
2011,25,SINALOA,136,CULIACAN,6,BADIRAGUATO,3,BADIRAGUATO,19700,MAIZ GRANO,200,BLANCO,500,Tonelada,1,OTOÑO-INVIERNO,2,TEMPORAL,120.0,120.0,0.0,53.16,0.44,3500.0,186060.0
2011,25,SINALOA,136,CULIACAN,6,BADIRAGUATO,3,BADIRAGUATO,19700,MAIZ GRANO,200,BLANCO,500,Tonelada,2,PRIMAVERA-VERANO,2,TEMPORAL,3850.0,3850.0,0.0,1705.55,0.44,2300.0,3922765.0
2011,25,SINALOA,136,CULIACAN,6,BADIRAGUATO,3,BADIRAGUATO,29500,SORGO GRANO,0,,500,Tonelada,1,OTOÑO-INVIERNO,2,TEMPORAL,200.0,200.0,0.0,126.8,0.63,2100.0,266280.0
2011,25,SINALOA,136,CULIACAN,6,BADIRAGUATO,3,BADIRAGUATO,29500,SORGO GRANO,0,,500,Tonelada,2,PRIMAVERA-VERANO,2,TEMPORAL,4980.0,4980.0,0.0,5976.0,1.2,2100.0,12549600.0
2011,25,SINALOA,136,CULIACAN,6,BADIRAGUATO,13,MOCORITO,800,AJONJOLÍ,0,,500,Tonelada,2,PRIMAVERA-VERANO,2,TEMPORAL,1510.0,1510.0,0.0,951.3,0.63,11500.0,10939950.0
2011,25,SINALOA,136,CULIACAN,6,BADIRAGUATO,13,MOCORITO,5300,CACAHUATE,0,,500,Tonelada,2,PRIMAVERA-VERANO,2,TEMPORAL,45.0,45.0,0.0,25.51,0.57,9200.0,234692.0
2011,25,SINALOA,136,CULIACAN,6,BADIRAGUATO,13,MOCORITO,6900,CARTAMO,0,,500,Tonelada,1,OTOÑO-INVIERNO,2,TEMPORAL,3375.0,0.0,3375.0,0.0,0.0,0.0,0.0
2011,25,SINALOA,136,CULIACAN,6,BADIRAGUATO,13,MOCORITO,11400,CHILE VERDE,1300,ANAHEIM,500,Tonelada,1,OTOÑO-INVIERNO,1,RIEGO,25.0,5.0,20.0,223.0,44.6,3800.0,847400.0
2011,25,SINALOA,136,CULIACAN,6,BADIRAGUATO,13,MOCORITO,14200,FRIJOL,500,MAYOCOBA,500,Tonelada,1,OTOÑO-INVIERNO,2,TEMPORAL,690.0,546.48,143.52,350.84,0.64,8000.0,2806720.0
2011,25,SINALOA,136,CULIACAN,6,BADIRAGUATO,13,MOCORITO,14700,GARBANZO GRANO,100,BLANCO,500,Tonelada,1,OTOÑO-INVIERNO,2,TEMPORAL,1110.0,888.23,221.77,872.23,0.98,7400.0,6454502.0
2011,25,SINALOA,136,CULIACAN,6,BADIRAGUATO,13,MOCORITO,19700,MAIZ GRANO,200,BLANCO,500,Tonelada,1,OTOÑO-INVIERNO,2,TEMPORAL,266.0,213.44,52.56,182.27,0.85,3400.0,619718.0
2011,25,SINALOA,136,CULIACAN,6,BADIRAGUATO,13,MOCORITO,19700,MAIZ GRANO,200,BLANCO,500,Tonelada,2,PRIMAVERA-VERANO,2,TEMPORAL,1635.0,1635.0,0.0,1177.2,0.72,2100.0,2472120.0
2011,25,SINALOA,136,CULIACAN,6,BADIRAGUATO,13,MOCORITO,29500,SORGO GRANO,0,,500,Tonelada,1,OTOÑO-INVIERNO,2,TEMPORAL,366.0,297.34,68.66,206.05,0.69,2000.0,412100.0
2011,25,SINALOA,136,CULIACAN,6,BADIRAGUATO,13,MOCORITO,29500,SORGO GRANO,0,,500,Tonelada,2,PRIMAVERA-VERANO,2,TEMPORAL,7158.0,7158.0,0.0,8661.18,1.21,2000.0,17322360.0
2011,25,SINALOA,136,CULIACAN,6,BADIRAGUATO,13,MOCORITO,30800,TOMATE ROJO (JITOMATE),800,SALADETTE,500,Tonelada,1,OTOÑO-INVIERNO,1,RIEGO,68.0,28.0,40.0,287.0,10.25,2900.0,832300.0
2011,25,SINALOA,137,LA CRUZ,1,PUEBLOS UNIDOS,6,CULIACAN,800,AJONJOLÍ,0,,500,Tonelada,2,PRIMAVERA-VERANO,2,TEMPORAL,775.26,705.0,70.26,303.35,0.43,13000.0,3943550.0
2011,25,SINALOA,137,LA CRUZ,1,PUEBLOS UNIDOS,6,CULIACAN,4600,BERENJENA,0,,500,Tonelada,1,OTOÑO-INVIERNO,1,RIEGO,50.0,20.0,30.0,1300.0,65.0,6500.0,8450000.0
2011,25,SINALOA,137,LA CRUZ,1,PUEBLOS UNIDOS,6,CULIACAN,5300,CACAHUATE,0,,500,Tonelada,2,PRIMAVERA-VERANO,2,TEMPORAL,511.37,461.0,50.37,543.98,1.18,5000.0,2719900.0
2011,25,SINALOA,137,LA CRUZ,1,PUEBLOS UNIDOS,6,CULIACAN,6500,CAÑA DE AZUCAR,100,FRUTA,500,Tonelada,3,PERENNES,1,RIEGO,3304.0,3243.5,60.5,358941.93,110.67,583.0,209263145.2
2011,25,SINALOA,137,LA CRUZ,1,PUEBLOS UNIDOS,6,CULIACAN,6900,CARTAMO,0,,500,Tonelada,1,OTOÑO-INVIERNO,1,RIEGO,25.0,0.0,25.0,0.0,0.0,0.0,0.0
2011,25,SINALOA,137,LA CRUZ,1,PUEBLOS UNIDOS,6,CULIACAN,6900,CARTAMO,0,,500,Tonelada,1,OTOÑO-INVIERNO,2,TEMPORAL,455.37,0.0,455.37,0.0,0.0,0.0,0.0
2011,25,SINALOA,137,LA CRUZ,1,PUEBLOS UNIDOS,6,CULIACAN,12600,EJOTE,0,,500,Tonelada,1,OTOÑO-INVIERNO,1,RIEGO,144.0,15.0,129.0,33.0,2.2,3500.0,115500.0
2011,25,SINALOA,137,LA CRUZ,1,PUEBLOS UNIDOS,6,CULIACAN,14200,FRIJOL,100,AZUFRADO,500,Tonelada,1,OTOÑO-INVIERNO,1,RIEGO,1115.0,669.0,446.0,906.25,1.36,20000.0,18125000.0
2011,25,SINALOA,137,LA CRUZ,1,PUEBLOS UNIDOS,6,CULIACAN,14700,GARBANZO GRANO,100,BLANCO,500,Tonelada,1,OTOÑO-INVIERNO,1,RIEGO,70.0,20.0,50.0,10.0,0.5,11500.0,115000.0
2011,25,SINALOA,137,LA CRUZ,1,PUEBLOS UNIDOS,6,CULIACAN,16930,HORTALIZAS,0,,500,Tonelada,1,OTOÑO-INVIERNO,1,RIEGO,131.0,0.0,131.0,0.0,0.0,0.0,0.0
2011,25,SINALOA,137,LA CRUZ,1,PUEBLOS UNIDOS,6,CULIACAN,19300,LITCHI,0,,500,Tonelada,3,PERENNES,1,RIEGO,36.0,36.0,0.0,142.0,3.94,25000.0,3550000.0
2011,25,SINALOA,137,LA CRUZ,1,PUEBLOS UNIDOS,6,CULIACAN,19700,MAIZ GRANO,100,AMARILLO,500,Tonelada,1,OTOÑO-INVIERNO,1,RIEGO,1241.0,401.0,840.0,2734.42,6.82,3700.0,10117354.0
2011,25,SINALOA,137,LA CRUZ,1,PUEBLOS UNIDOS,6,CULIACAN,19700,MAIZ GRANO,200,BLANCO,500,Tonelada,1,OTOÑO-INVIERNO,1,RIEGO,39692.0,27117.0,12575.0,207716.22,7.66,3700.0,768550014.0
2011,25,SINALOA,137,LA CRUZ,1,PUEBLOS UNIDOS,6,CULIACAN,20400,MANGO,500,KENT,500,Tonelada,3,PERENNES,1,RIEGO,25.0,25.0,0.0,295.0,11.8,2150.0,634250.0
2011,25,SINALOA,137,LA CRUZ,1,PUEBLOS UNIDOS,6,CULIACAN,23000,NOPALITOS,0,,500,Tonelada,3,PERENNES,1,RIEGO,3.0,3.0,0.0,14.7,4.9,2000.0,29400.0
2011,25,SINALOA,137,LA CRUZ,1,PUEBLOS UNIDOS,6,CULIACAN,24700,PAPAYA,100,AMARILLA,500,Tonelada,3,PERENNES,1,RIEGO,20.0,20.0,0.0,169.0,8.45,3200.0,540800.0
2011,25,SINALOA,137,LA CRUZ,1,PUEBLOS UNIDOS,6,CULIACAN,24700,PAPAYA,100,AMARILLA,500,Tonelada,3,PERENNES,2,TEMPORAL,10.0,10.0,0.0,42.5,4.25,3000.0,127500.0
2011,25,SINALOA,137,LA CRUZ,1,PUEBLOS UNIDOS,6,CULIACAN,28700,SANDIA,300,VERDE (JUBILIE),500,Tonelada,1,OTOÑO-INVIERNO,1,RIEGO,80.0,0.0,80.0,0.0,0.0,0.0,0.0
2011,25,SINALOA,137,LA CRUZ,1,PUEBLOS UNIDOS,6,CULIACAN,29300,SORGO FORRAJERO EN VERDE,0,,500,Tonelada,2,PRIMAVERA-VERANO,2,TEMPORAL,500.0,489.0,11.0,4122.94,8.43,550.0,2267617.0
2011,25,SINALOA,137,LA CRUZ,1,PUEBLOS UNIDOS,6,CULIACAN,29500,SORGO GRANO,0,,500,Tonelada,1,OTOÑO-INVIERNO,1,RIEGO,504.4,295.4,209.0,1766.49,5.98,3800.0,6712662.0
2011,25,SINALOA,137,LA CRUZ,1,PUEBLOS UNIDOS,6,CULIACAN,29500,SORGO GRANO,0,,500,Tonelada,1,OTOÑO-INVIERNO,2,TEMPORAL,1828.7,990.6,838.1,1337.31,1.35,3800.0,5081778.0
2011,25,SINALOA,137,LA CRUZ,1,PUEBLOS UNIDOS,6,CULIACAN,31000,TOMATE VERDE,0,,500,Tonelada,1,OTOÑO-INVIERNO,1,RIEGO,30.0,0.0,30.0,0.0,0.0,0.0,0.0
2011,25,SINALOA,137,LA CRUZ,1,PUEBLOS UNIDOS,6,CULIACAN,32800,ZACATE,400,BUFFEL,500,Tonelada,3,PERENNES,2,TEMPORAL,182.0,182.0,0.0,1319.0,7.25,550.0,725450.0
2011,25,SINALOA,137,LA CRUZ,1,PUEBLOS UNIDOS,6,CULIACAN,32800,ZACATE,600,SUDAN,500,Tonelada,3,PERENNES,1,RIEGO,132.0,132.0,0.0,2032.8,15.4,550.0,1118040.0
2011,25,SINALOA,137,LA CRUZ,2,ELOTA-COSALA,5,COSALA,500,AGAVE,100,MEZCALERO,500,Tonelada,3,PERENNES,2,TEMPORAL,3.7,0.0,3.7,0.0,0.0,0.0,0.0
2011,25,SINALOA,137,LA CRUZ,2,ELOTA-COSALA,5,COSALA,800,AJONJOLÍ,0,,500,Tonelada,2,PRIMAVERA-VERANO,2,TEMPORAL,2.0,2.0,0.0,1.2,0.6,13000.0,15600.0
2011,25,SINALOA,137,LA CRUZ,2,ELOTA-COSALA,5,COSALA,5300,CACAHUATE,0,,500,Tonelada,2,PRIMAVERA-VERANO,2,TEMPORAL,2.0,2.0,0.0,1.6,0.8,5000.0,8000.0
2011,25,SINALOA,137,LA CRUZ,2,ELOTA-COSALA,5,COSALA,6500,CAÑA DE AZUCAR,200,INDUSTRIAL,500,Tonelada,3,PERENNES,1,RIEGO,18.0,0.0,18.0,0.0,0.0,0.0,0.0
2011,25,SINALOA,137,LA CRUZ,2,ELOTA-COSALA,5,COSALA,8300,CIRUELA,200,DEL PAIS,500,Tonelada,3,PERENNES,2,TEMPORAL,3.0,3.0,0.0,6.3,2.1,10000.0,63000.0
2011,25,SINALOA,137,LA CRUZ,2,ELOTA-COSALA,5,COSALA,19700,MAIZ GRANO,200,BLANCO,500,Tonelada,2,PRIMAVERA-VERANO,2,TEMPORAL,4374.0,3761.64,612.36,3761.64,1.0,2150.0,8087526.0
2011,25,SINALOA,137,LA CRUZ,2,ELOTA-COSALA,5,COSALA,20400,MANGO,500,KENT,500,Tonelada,3,PERENNES,2,TEMPORAL,2.0,2.0,0.0,13.6,6.8,2150.0,29240.0
2011,25,SINALOA,137,LA CRUZ,2,ELOTA-COSALA,5,COSALA,24700,PAPAYA,100,AMARILLA,500,Tonelada,3,PERENNES,2,TEMPORAL,10.0,10.0,0.0,43.0,4.3,3200.0,137600.0
2011,25,SINALOA,137,LA CRUZ,2,ELOTA-COSALA,5,COSALA,29300,SORGO FORRAJERO EN VERDE,0,,500,Tonelada,2,PRIMAVERA-VERANO,2,TEMPORAL,39.0,28.0,11.0,168.0,6.0,1500.0,252000.0
2011,25,SINALOA,137,LA CRUZ,2,ELOTA-COSALA,5,COSALA,29500,SORGO GRANO,0,,500,Tonelada,2,PRIMAVERA-VERANO,2,TEMPORAL,3859.0,1158.0,2701.0,1389.6,1.2,2350.0,3265560.0
2011,25,SINALOA,137,LA CRUZ,2,ELOTA-COSALA,5,COSALA,32800,ZACATE,400,BUFFEL,500,Tonelada,3,PERENNES,2,TEMPORAL,4723.0,4723.0,0.0,33560.0,7.11,550.0,18458000.0
2011,25,SINALOA,137,LA CRUZ,2,ELOTA-COSALA,8,ELOTA,500,AGAVE,100,MEZCALERO,500,Tonelada,3,PERENNES,2,TEMPORAL,50.0,0.0,50.0,0.0,0.0,0.0,0.0
2011,25,SINALOA,137,LA CRUZ,2,ELOTA-COSALA,8,ELOTA,800,AJONJOLÍ,0,,500,Tonelada,1,OTOÑO-INVIERNO,2,TEMPORAL,46.0,46.0,0.0,18.86,0.41,13000.0,245180.0
2011,25,SINALOA,137,LA CRUZ,2,ELOTA-COSALA,8,ELOTA,4600,BERENJENA,0,,500,Tonelada,1,OTOÑO-INVIERNO,1,RIEGO,6.0,2.0,4.0,110.0,55.0,7000.0,770000.0
2011,25,SINALOA,137,LA CRUZ,2,ELOTA-COSALA,8,ELOTA,5800,CALABACITA,200,ITALIANA (Zucchini),500,Tonelada,1,OTOÑO-INVIERNO,1,RIEGO,28.0,16.0,12.0,118.4,7.4,7500.0,888000.0
2011,25,SINALOA,137,LA CRUZ,2,ELOTA-COSALA,8,ELOTA,6500,CAÑA DE AZUCAR,100,FRUTA,500,Tonelada,3,PERENNES,1,RIEGO,254.0,249.4,4.6,6733.8,27.0,500.0,3366900.0
2011,25,SINALOA,137,LA CRUZ,2,ELOTA-COSALA,8,ELOTA,6500,CAÑA DE AZUCAR,200,INDUSTRIAL,500,Tonelada,3,PERENNES,1,RIEGO,254.0,203.0,51.0,14210.0,70.0,730.0,10373300.0
2011,25,SINALOA,137,LA CRUZ,2,ELOTA-COSALA,8,ELOTA,6900,CARTAMO,0,,500,Tonelada,1,OTOÑO-INVIERNO,1,RIEGO,9.5,7.0,2.5,3.36,0.48,6500.0,21840.0
2011,25,SINALOA,137,LA CRUZ,2,ELOTA-COSALA,8,ELOTA,6900,CARTAMO,0,,500,Tonelada,1,OTOÑO-INVIERNO,2,TEMPORAL,541.5,0.0,541.5,0.0,0.0,0.0,0.0
2011,25,SINALOA,137,LA CRUZ,2,ELOTA-COSALA,8,ELOTA,8300,CIRUELA,200,DEL PAIS,500,Tonelada,3,PERENNES,2,TEMPORAL,76.0,76.0,0.0,149.72,1.97,10000.0,1497200.0
2011,25,SINALOA,137,LA CRUZ,2,ELOTA-COSALA,8,ELOTA,11400,CHILE VERDE,0,,500,Tonelada,1,OTOÑO-INVIERNO,1,RIEGO,8.0,3.0,5.0,60.0,20.0,5200.0,312000.0
2011,25,SINALOA,137,LA CRUZ,2,ELOTA-COSALA,8,ELOTA,11400,CHILE VERDE,1200,BELL PEPPER,500,Tonelada,1,OTOÑO-INVIERNO,1,RIEGO,1374.42,917.42,457.0,70641.34,77.0,5856.25,413693347.4
2011,25,SINALOA,137,LA CRUZ,2,ELOTA-COSALA,8,ELOTA,12600,EJOTE,0,,500,Tonelada,1,OTOÑO-INVIERNO,1,RIEGO,5.0,0.0,5.0,0.0,0.0,0.0,0.0
2011,25,SINALOA,137,LA CRUZ,2,ELOTA-COSALA,8,ELOTA,13400,EUCALIPTO,0,,500,Tonelada,3,PERENNES,2,TEMPORAL,72.0,0.0,72.0,0.0,0.0,0.0,0.0
2011,25,SINALOA,137,LA CRUZ,2,ELOTA-COSALA,8,ELOTA,14000,FRESA,0,,500,Tonelada,1,OTOÑO-INVIERNO,1,RIEGO,1.0,0.0,1.0,0.0,0.0,0.0,0.0
2011,25,SINALOA,137,LA CRUZ,2,ELOTA-COSALA,8,ELOTA,14200,FRIJOL,100,AZUFRADO,500,Tonelada,1,OTOÑO-INVIERNO,1,RIEGO,235.0,136.0,99.0,139.4,1.03,12000.0,1672800.0
2011,25,SINALOA,137,LA CRUZ,2,ELOTA-COSALA,8,ELOTA,14200,FRIJOL,100,AZUFRADO,500,Tonelada,1,OTOÑO-INVIERNO,2,TEMPORAL,34.0,23.0,11.0,20.0,0.87,9000.0,180000.0
2011,25,SINALOA,137,LA CRUZ,2,ELOTA-COSALA,8,ELOTA,14700,GARBANZO GRANO,100,BLANCO,500,Tonelada,1,OTOÑO-INVIERNO,1,RIEGO,185.5,178.5,7.0,175.0,0.98,12000.0,2100000.0
2011,25,SINALOA,137,LA CRUZ,2,ELOTA-COSALA,8,ELOTA,14700,GARBANZO GRANO,100,BLANCO,500,Tonelada,1,OTOÑO-INVIERNO,2,TEMPORAL,283.0,170.0,113.0,143.65,0.85,9000.0,1292850.0
2011,25,SINALOA,137,LA CRUZ,2,ELOTA-COSALA,8,ELOTA,19000,LIMON,200,PERSA,500,Tonelada,3,PERENNES,1,RIEGO,3.0,3.0,0.0,71.1,23.7,2800.0,199080.0
2011,25,SINALOA,137,LA CRUZ,2,ELOTA-COSALA,8,ELOTA,19700,MAIZ GRANO,100,AMARILLO,500,Tonelada,1,OTOÑO-INVIERNO,1,RIEGO,154.0,24.0,130.0,110.08,4.59,3650.0,401792.0
2011,25,SINALOA,137,LA CRUZ,2,ELOTA-COSALA,8,ELOTA,19700,MAIZ GRANO,200,BLANCO,500,Tonelada,1,OTOÑO-INVIERNO,1,RIEGO,23716.8,17716.8,6000.0,119588.4,6.75,3600.0,430518240.0
2011,25,SINALOA,137,LA CRUZ,2,ELOTA-COSALA,8,ELOTA,19700,MAIZ GRANO,200,BLANCO,500,Tonelada,1,OTOÑO-INVIERNO,2,TEMPORAL,204.0,0.0,204.0,0.0,0.0,0.0,0.0
2011,25,SINALOA,137,LA CRUZ,2,ELOTA-COSALA,8,ELOTA,20400,MANGO,500,KENT,500,Tonelada,3,PERENNES,1,RIEGO,8.0,6.5,1.5,84.0,12.92,2150.0,180600.0
2011,25,SINALOA,137,LA CRUZ,2,ELOTA-COSALA,8,ELOTA,20400,MANGO,500,KENT,500,Tonelada,3,PERENNES,2,TEMPORAL,25.0,25.0,0.0,167.5,6.7,2150.0,360125.0
2011,25,SINALOA,137,LA CRUZ,2,ELOTA-COSALA,8,ELOTA,22400,NARANJA,400,VALENCIA,500,Tonelada,3,PERENNES,1,RIEGO,32.0,32.0,0.0,224.0,7.0,2500.0,560000.0
2011,25,SINALOA,137,LA CRUZ,2,ELOTA-COSALA,8,ELOTA,23000,NOPALITOS,0,,500,Tonelada,3,PERENNES,1,RIEGO,2.0,2.0,0.0,9.6,4.8,2000.0,19200.0
2011,25,SINALOA,137,LA CRUZ,2,ELOTA-COSALA,8,ELOTA,24400,PAPA,100,ALPHA (Blanca),500,Tonelada,1,OTOÑO-INVIERNO,1,RIEGO,14.0,14.0,0.0,139.0,9.93,6500.0,903500.0
2011,25,SINALOA,137,LA CRUZ,2,ELOTA-COSALA,8,ELOTA,24700,PAPAYA,100,AMARILLA,500,Tonelada,3,PERENNES,1,RIEGO,6.0,6.0,0.0,47.63,7.94,3949.61,188119.92
2011,25,SINALOA,137,LA CRUZ,2,ELOTA-COSALA,8,ELOTA,24700,PAPAYA,100,AMARILLA,500,Tonelada,3,PERENNES,2,TEMPORAL,4.0,4.0,0.0,31.0,7.75,3200.0,99200.0
2011,25,SINALOA,137,LA CRUZ,2,ELOTA-COSALA,8,ELOTA,24700,PAPAYA,300,MARADOL,500,Tonelada,3,PERENNES,1,RIEGO,2.0,2.0,0.0,15.72,7.86,4000.0,62880.0
2011,25,SINALOA,137,LA CRUZ,2,ELOTA-COSALA,8,ELOTA,24900,PEPINO,200,CHINO,500,Tonelada,1,OTOÑO-INVIERNO,1,RIEGO,811.5,326.5,485.0,22855.0,70.0,7456.46,170417393.3
2011,25,SINALOA,137,LA CRUZ,2,ELOTA-COSALA,8,ELOTA,24900,PEPINO,200,CHINO,500,Tonelada,2,PRIMAVERA-VERANO,1,RIEGO,113.0,113.0,0.0,5085.0,45.0,6500.0,33052500.0
2011,25,SINALOA,137,LA CRUZ,2,ELOTA-COSALA,8,ELOTA,26300,PITAHAYA,0,,500,Tonelada,3,PERENNES,1,RIEGO,0.5,0.0,0.5,0.0,0.0,0.0,0.0
2011,25,SINALOA,137,LA CRUZ,2,ELOTA-COSALA,8,ELOTA,28700,SANDIA,300,VERDE (JUBILIE),500,Tonelada,1,OTOÑO-INVIERNO,1,RIEGO,2.0,0.0,2.0,0.0,0.0,0.0,0.0
2011,25,SINALOA,137,LA CRUZ,2,ELOTA-COSALA,8,ELOTA,29000,SHOP SUEY,0,,500,Tonelada,1,OTOÑO-INVIERNO,1,RIEGO,17.0,0.0,17.0,0.0,0.0,0.0,0.0
2011,25,SINALOA,137,LA CRUZ,2,ELOTA-COSALA,8,ELOTA,29000,SHOP SUEY,0,,500,Tonelada,2,PRIMAVERA-VERANO,1,RIEGO,64.0,64.0,0.0,86.4,1.35,6200.0,535680.0
2011,25,SINALOA,137,LA CRUZ,2,ELOTA-COSALA,8,ELOTA,29300,SORGO FORRAJERO EN VERDE,0,,500,Tonelada,1,OTOÑO-INVIERNO,1,RIEGO,373.0,0.0,373.0,0.0,0.0,0.0,0.0
2011,25,SINALOA,137,LA CRUZ,2,ELOTA-COSALA,8,ELOTA,29300,SORGO FORRAJERO EN VERDE,0,,500,Tonelada,1,OTOÑO-INVIERNO,2,TEMPORAL,340.5,305.5,35.0,2138.5,7.0,704.82,1507257.57
2011,25,SINALOA,137,LA CRUZ,2,ELOTA-COSALA,8,ELOTA,29300,SORGO FORRAJERO EN VERDE,0,,500,Tonelada,2,PRIMAVERA-VERANO,1,RIEGO,42.0,42.0,0.0,588.0,14.0,1500.0,882000.0
2011,25,SINALOA,137,LA CRUZ,2,ELOTA-COSALA,8,ELOTA,29500,SORGO GRANO,0,,500,Tonelada,1,OTOÑO-INVIERNO,1,RIEGO,1244.0,906.0,338.0,5209.5,5.75,3800.0,19796100.0
2011,25,SINALOA,137,LA CRUZ,2,ELOTA-COSALA,8,ELOTA,29500,SORGO GRANO,0,,500,Tonelada,1,OTOÑO-INVIERNO,2,TEMPORAL,1238.5,743.5,495.0,461.0,0.62,3800.0,1751800.0
2011,25,SINALOA,137,LA CRUZ,2,ELOTA-COSALA,8,ELOTA,30800,TOMATE ROJO (JITOMATE),300,EXPORTACION,500,Tonelada,1,OTOÑO-INVIERNO,1,RIEGO,1210.0,847.0,363.0,22758.89,26.87,7429.25,169081483.5
2011,25,SINALOA,137,LA CRUZ,2,ELOTA-COSALA,8,ELOTA,30800,TOMATE ROJO (JITOMATE),1300,INV. (MALLA SOMBRA),500,Tonelada,1,OTOÑO-INVIERNO,1,RIEGO,618.0,433.0,185.0,34207.0,79.0,7429.0,254123803.0
2011,25,SINALOA,137,LA CRUZ,2,ELOTA-COSALA,8,ELOTA,31000,TOMATE VERDE,0,,500,Tonelada,1,OTOÑO-INVIERNO,1,RIEGO,27.0,4.0,23.0,27.2,6.8,2800.0,76160.0
2011,25,SINALOA,137,LA CRUZ,2,ELOTA-COSALA,8,ELOTA,31000,TOMATE VERDE,0,,500,Tonelada,2,PRIMAVERA-VERANO,1,RIEGO,22.5,22.5,0.0,123.8,5.5,1808.79,223928.2
2011,25,SINALOA,137,LA CRUZ,2,ELOTA-COSALA,8,ELOTA,32800,ZACATE,400,BUFFEL,500,Tonelada,3,PERENNES,2,TEMPORAL,2225.0,2225.0,0.0,15805.0,7.1,550.0,8692750.0
2011,25,SINALOA,137,LA CRUZ,2,ELOTA-COSALA,8,ELOTA,32800,ZACATE,600,SUDAN,500,Tonelada,3,PERENNES,1,RIEGO,75.0,75.0,0.0,1161.0,15.48,550.0,638550.0
2011,25,SINALOA,137,LA CRUZ,3,COYOTITAN,16,SAN IGNACIO,500,AGAVE,100,MEZCALERO,500,Tonelada,3,PERENNES,1,RIEGO,20.0,0.0,20.0,0.0,0.0,0.0,0.0
2011,25,SINALOA,137,LA CRUZ,3,COYOTITAN,16,SAN IGNACIO,500,AGAVE,100,MEZCALERO,500,Tonelada,3,PERENNES,2,TEMPORAL,90.0,0.0,90.0,0.0,0.0,0.0,0.0
2011,25,SINALOA,137,LA CRUZ,3,COYOTITAN,16,SAN IGNACIO,800,AJONJOLÍ,0,,500,Tonelada,1,OTOÑO-INVIERNO,2,TEMPORAL,4.0,4.0,0.0,1.56,0.39,13000.0,20280.0
2011,25,SINALOA,137,LA CRUZ,3,COYOTITAN,16,SAN IGNACIO,6900,CARTAMO,0,,500,Tonelada,1,OTOÑO-INVIERNO,2,TEMPORAL,169.68,0.0,169.68,0.0,0.0,0.0,0.0
2011,25,SINALOA,137,LA CRUZ,3,COYOTITAN,16,SAN IGNACIO,8300,CIRUELA,200,DEL PAIS,500,Tonelada,3,PERENNES,2,TEMPORAL,62.0,62.0,0.0,93.0,1.5,10000.0,930000.0
2011,25,SINALOA,137,LA CRUZ,3,COYOTITAN,16,SAN IGNACIO,11400,CHILE VERDE,1200,BELL PEPPER,500,Tonelada,1,OTOÑO-INVIERNO,1,RIEGO,172.5,8.0,164.5,400.0,50.0,9000.0,3600000.0
2011,25,SINALOA,137,LA CRUZ,3,COYOTITAN,16,SAN IGNACIO,14200,FRIJOL,100,AZUFRADO,500,Tonelada,1,OTOÑO-INVIERNO,1,RIEGO,266.0,0.0,266.0,0.0,0.0,0.0,0.0
2011,25,SINALOA,137,LA CRUZ,3,COYOTITAN,16,SAN IGNACIO,14200,FRIJOL,100,AZUFRADO,500,Tonelada,1,OTOÑO-INVIERNO,2,TEMPORAL,32.0,0.0,32.0,0.0,0.0,0.0,0.0
2011,25,SINALOA,137,LA CRUZ,3,COYOTITAN,16,SAN IGNACIO,19000,LIMON,200,PERSA,500,Tonelada,3,PERENNES,1,RIEGO,17.0,12.0,5.0,399.5,33.29,2800.0,1118600.0
2011,25,SINALOA,137,LA CRUZ,3,COYOTITAN,16,SAN IGNACIO,19700,MAIZ GRANO,200,BLANCO,500,Tonelada,1,OTOÑO-INVIERNO,1,RIEGO,1769.65,875.0,894.65,5468.75,6.25,3710.0,20289062.5
2011,25,SINALOA,137,LA CRUZ,3,COYOTITAN,16,SAN IGNACIO,19700,MAIZ GRANO,200,BLANCO,500,Tonelada,1,OTOÑO-INVIERNO,2,TEMPORAL,371.0,0.0,371.0,0.0,0.0,0.0,0.0
2011,25,SINALOA,137,LA CRUZ,3,COYOTITAN,16,SAN IGNACIO,20400,MANGO,500,KENT,500,Tonelada,3,PERENNES,1,RIEGO,25.0,18.0,7.0,447.3,24.85,2150.0,961695.0
2011,25,SINALOA,137,LA CRUZ,3,COYOTITAN,16,SAN IGNACIO,20400,MANGO,500,KENT,500,Tonelada,3,PERENNES,2,TEMPORAL,57.0,57.0,0.0,387.6,6.8,2150.0,833340.0
2011,25,SINALOA,137,LA CRUZ,3,COYOTITAN,16,SAN IGNACIO,22400,NARANJA,400,VALENCIA,500,Tonelada,3,PERENNES,1,RIEGO,32.0,32.0,0.0,368.0,11.5,3000.0,1104000.0
2011,25,SINALOA,137,LA CRUZ,3,COYOTITAN,16,SAN IGNACIO,29300,SORGO FORRAJERO EN VERDE,0,,500,Tonelada,1,OTOÑO-INVIERNO,1,RIEGO,616.0,6.0,610.0,61.0,10.17,800.0,48800.0
2011,25,SINALOA,137,LA CRUZ,3,COYOTITAN,16,SAN IGNACIO,29300,SORGO FORRAJERO EN VERDE,0,,500,Tonelada,1,OTOÑO-INVIERNO,2,TEMPORAL,706.15,0.0,706.15,0.0,0.0,0.0,0.0
2011,25,SINALOA,137,LA CRUZ,3,COYOTITAN,16,SAN IGNACIO,29300,SORGO FORRAJERO EN VERDE,0,,500,Tonelada,2,PRIMAVERA-VERANO,1,RIEGO,1028.37,1028.37,0.0,14757.11,14.35,1500.0,22135665.0
2011,25,SINALOA,137,LA CRUZ,3,COYOTITAN,16,SAN IGNACIO,29400,SORGO ESCOBERO,0,,500,Tonelada,2,PRIMAVERA-VERANO,1,RIEGO,240.65,240.65,0.0,277.0,1.15,2800.0,775600.0
2011,25,SINALOA,137,LA CRUZ,3,COYOTITAN,16,SAN IGNACIO,29400,SORGO ESCOBERO,100,VERDE,500,Tonelada,1,OTOÑO-INVIERNO,1,RIEGO,16.0,0.0,16.0,0.0,0.0,0.0,0.0
2011,25,SINALOA,137,LA CRUZ,3,COYOTITAN,16,SAN IGNACIO,29400,SORGO ESCOBERO,100,VERDE,500,Tonelada,1,OTOÑO-INVIERNO,2,TEMPORAL,4.0,0.0,4.0,0.0,0.0,0.0,0.0
2011,25,SINALOA,137,LA CRUZ,3,COYOTITAN,16,SAN IGNACIO,29500,SORGO GRANO,0,,500,Tonelada,1,OTOÑO-INVIERNO,1,RIEGO,422.5,210.0,212.5,945.0,4.5,3800.0,3591000.0
2011,25,SINALOA,137,LA CRUZ,3,COYOTITAN,16,SAN IGNACIO,29500,SORGO GRANO,0,,500,Tonelada,1,OTOÑO-INVIERNO,2,TEMPORAL,832.45,117.0,715.45,169.65,1.45,2500.0,424125.0
2011,25,SINALOA,137,LA CRUZ,3,COYOTITAN,16,SAN IGNACIO,30800,TOMATE ROJO (JITOMATE),300,EXPORTACION,500,Tonelada,1,OTOÑO-INVIERNO,1,RIEGO,75.0,23.0,52.0,350.0,15.22,8700.0,3045000.0
2011,25,SINALOA,137,LA CRUZ,3,COYOTITAN,16,SAN IGNACIO,31000,TOMATE VERDE,0,,500,Tonelada,1,OTOÑO-INVIERNO,1,RIEGO,4.0,0.0,4.0,0.0,0.0,0.0,0.0
2011,25,SINALOA,137,LA CRUZ,3,COYOTITAN,16,SAN IGNACIO,32800,ZACATE,400,BUFFEL,500,Tonelada,3,PERENNES,2,TEMPORAL,3582.0,3582.0,0.0,22735.5,6.35,550.0,12504525.0
2011,25,SINALOA,137,LA CRUZ,3,COYOTITAN,16,SAN IGNACIO,32800,ZACATE,600,SUDAN,500,Tonelada,3,PERENNES,1,RIEGO,4.0,4.0,0.0,32.0,8.0,550.0,17600.0
2011,25,SINALOA,138,MAZATLAN,1,MAZATLAN,12,MAZATLAN,500,AGAVE,200,TEQUILERO,500,Tonelada,3,PERENNES,1,RIEGO,120.0,0.0,120.0,0.0,0.0,0.0,0.0
2011,25,SINALOA,138,MAZATLAN,1,MAZATLAN,12,MAZATLAN,500,AGAVE,200,TEQUILERO,500,Tonelada,3,PERENNES,2,TEMPORAL,133.0,0.0,133.0,0.0,0.0,0.0,0.0
2011,25,SINALOA,138,MAZATLAN,1,MAZATLAN,12,MAZATLAN,5300,CACAHUATE,0,,500,Tonelada,2,PRIMAVERA-VERANO,2,TEMPORAL,32.0,32.0,0.0,28.0,0.88,12000.0,336000.0
2011,25,SINALOA,138,MAZATLAN,1,MAZATLAN,12,MAZATLAN,5800,CALABACITA,0,,500,Tonelada,1,OTOÑO-INVIERNO,1,RIEGO,80.0,80.0,0.0,720.0,9.0,4100.0,2952000.0
2011,25,SINALOA,138,MAZATLAN,1,MAZATLAN,12,MAZATLAN,5800,CALABACITA,0,,500,Tonelada,1,OTOÑO-INVIERNO,2,TEMPORAL,45.0,45.0,0.0,270.0,6.0,4000.0,1080000.0
2011,25,SINALOA,138,MAZATLAN,1,MAZATLAN,12,MAZATLAN,5800,CALABACITA,0,,500,Tonelada,2,PRIMAVERA-VERANO,1,RIEGO,80.0,80.0,0.0,750.0,9.38,4000.0,3000000.0
2011,25,SINALOA,138,MAZATLAN,1,MAZATLAN,12,MAZATLAN,5800,CALABACITA,0,,500,Tonelada,2,PRIMAVERA-VERANO,2,TEMPORAL,35.0,35.0,0.0,162.75,4.65,2350.0,382462.5
2011,25,SINALOA,138,MAZATLAN,1,MAZATLAN,12,MAZATLAN,8300,CIRUELA,200,DEL PAIS,500,Tonelada,3,PERENNES,2,TEMPORAL,35.0,35.0,0.0,36.0,1.03,5000.0,180000.0
2011,25,SINALOA,138,MAZATLAN,1,MAZATLAN,12,MAZATLAN,8800,COCO FRUTA,0,,500,Tonelada,3,PERENNES,2,TEMPORAL,770.0,770.0,0.0,1155.0,1.5,2000.0,2310000.0
2011,25,SINALOA,138,MAZATLAN,1,MAZATLAN,12,MAZATLAN,11400,CHILE VERDE,200,JALAPEÑO,500,Tonelada,1,OTOÑO-INVIERNO,1,RIEGO,220.0,197.65,22.35,3557.7,18.0,5500.0,19567350.0
2011,25,SINALOA,138,MAZATLAN,1,MAZATLAN,12,MAZATLAN,11400,CHILE VERDE,800,POBLANO,500,Tonelada,1,OTOÑO-INVIERNO,1,RIEGO,650.0,633.29,16.71,10050.31,15.87,5350.0,53769158.5
2011,25,SINALOA,138,MAZATLAN,1,MAZATLAN,12,MAZATLAN,11400,CHILE VERDE,900,SERRANO,500,Tonelada,1,OTOÑO-INVIERNO,1,RIEGO,180.0,153.03,26.97,3213.63,21.0,4800.0,15425424.0
2011,25,SINALOA,138,MAZATLAN,1,MAZATLAN,12,MAZATLAN,14200,FRIJOL,500,MAYOCOBA,500,Tonelada,1,OTOÑO-INVIERNO,1,RIEGO,650.0,597.0,53.0,668.64,1.12,15000.0,10029600.0
2011,25,SINALOA,138,MAZATLAN,1,MAZATLAN,12,MAZATLAN,14200,FRIJOL,500,MAYOCOBA,500,Tonelada,1,OTOÑO-INVIERNO,2,TEMPORAL,39.0,39.0,0.0,38.22,0.98,18000.0,687960.0
2011,25,SINALOA,138,MAZATLAN,1,MAZATLAN,12,MAZATLAN,16930,HORTALIZAS,0,,500,Tonelada,2,PRIMAVERA-VERANO,1,RIEGO,13.0,13.0,0.0,156.0,12.0,5000.0,780000.0
2011,25,SINALOA,138,MAZATLAN,1,MAZATLAN,12,MAZATLAN,19000,LIMON,100,AGRIO (MEXICANO),500,Tonelada,3,PERENNES,1,RIEGO,61.0,61.0,0.0,305.0,5.0,3000.0,915000.0
2011,25,SINALOA,138,MAZATLAN,1,MAZATLAN,12,MAZATLAN,19000,LIMON,100,AGRIO (MEXICANO),500,Tonelada,3,PERENNES,2,TEMPORAL,13.0,13.0,0.0,52.0,4.0,3000.0,156000.0
2011,25,SINALOA,138,MAZATLAN,1,MAZATLAN,12,MAZATLAN,19700,MAIZ GRANO,200,BLANCO,500,Tonelada,1,OTOÑO-INVIERNO,1,RIEGO,1570.0,1330.96,239.04,7426.76,5.58,3700.0,27479012.0
2011,25,SINALOA,138,MAZATLAN,1,MAZATLAN,12,MAZATLAN,19700,MAIZ GRANO,200,BLANCO,500,Tonelada,1,OTOÑO-INVIERNO,2,TEMPORAL,200.0,195.0,5.0,746.85,3.83,3710.0,2770813.5
2011,25,SINALOA,138,MAZATLAN,1,MAZATLAN,12,MAZATLAN,19700,MAIZ GRANO,200,BLANCO,500,Tonelada,2,PRIMAVERA-VERANO,2,TEMPORAL,913.0,913.0,0.0,2017.73,2.21,1350.0,2723935.5
2011,25,SINALOA,138,MAZATLAN,1,MAZATLAN,12,MAZATLAN,19800,MAIZ FORRAJERO EN VERDE,0,,500,Tonelada,2,PRIMAVERA-VERANO,1,RIEGO,0.0,0.0,0.0,0.0,0.0,0.0,0.0
2011,25,SINALOA,138,MAZATLAN,1,MAZATLAN,12,MAZATLAN,20400,MANGO,100,ATAULFO,500,Tonelada,3,PERENNES,1,RIEGO,37.0,37.0,0.0,148.0,4.0,1900.0,281200.0
2011,25,SINALOA,138,MAZATLAN,1,MAZATLAN,12,MAZATLAN,20400,MANGO,100,ATAULFO,500,Tonelada,3,PERENNES,2,TEMPORAL,60.0,60.0,0.0,214.48,3.58,1900.0,407512.0
2011,25,SINALOA,138,MAZATLAN,1,MAZATLAN,12,MAZATLAN,20400,MANGO,300,HADEN,500,Tonelada,3,PERENNES,1,RIEGO,62.0,62.0,0.0,413.54,6.67,1500.0,620310.0
2011,25,SINALOA,138,MAZATLAN,1,MAZATLAN,12,MAZATLAN,20400,MANGO,300,HADEN,500,Tonelada,3,PERENNES,2,TEMPORAL,65.0,65.0,0.0,380.25,5.85,1500.0,570375.0
2011,25,SINALOA,138,MAZATLAN,1,MAZATLAN,12,MAZATLAN,20400,MANGO,400,KEITT,500,Tonelada,3,PERENNES,1,RIEGO,25.0,25.0,0.0,175.0,7.0,1650.0,288750.0
2011,25,SINALOA,138,MAZATLAN,1,MAZATLAN,12,MAZATLAN,20400,MANGO,400,KEITT,500,Tonelada,3,PERENNES,2,TEMPORAL,140.0,140.0,0.0,287.76,2.06,1650.0,474804.0
2011,25,SINALOA,138,MAZATLAN,1,MAZATLAN,12,MAZATLAN,20400,MANGO,500,KENT,500,Tonelada,3,PERENNES,1,RIEGO,35.0,35.0,0.0,245.0,7.0,1800.0,441000.0
2011,25,SINALOA,138,MAZATLAN,1,MAZATLAN,12,MAZATLAN,20400,MANGO,500,KENT,500,Tonelada,3,PERENNES,2,TEMPORAL,558.0,558.0,0.0,3689.14,6.61,1800.0,6640452.0
2011,25,SINALOA,138,MAZATLAN,1,MAZATLAN,12,MAZATLAN,20400,MANGO,600,MANILA,500,Tonelada,3,PERENNES,1,RIEGO,31.0,31.0,0.0,201.5,6.5,1650.0,332475.0
2011,25,SINALOA,138,MAZATLAN,1,MAZATLAN,12,MAZATLAN,20400,MANGO,600,MANILA,500,Tonelada,3,PERENNES,2,TEMPORAL,300.0,300.0,0.0,1457.7,4.86,1650.0,2405205.0
2011,25,SINALOA,138,MAZATLAN,1,MAZATLAN,12,MAZATLAN,20400,MANGO,800,TOMMY ATKINS,500,Tonelada,3,PERENNES,1,RIEGO,67.0,67.0,0.0,440.86,6.58,1700.0,749462.0
2011,25,SINALOA,138,MAZATLAN,1,MAZATLAN,12,MAZATLAN,20400,MANGO,800,TOMMY ATKINS,500,Tonelada,3,PERENNES,2,TEMPORAL,216.0,216.0,0.0,527.18,2.44,1700.0,896206.0
2011,25,SINALOA,138,MAZATLAN,1,MAZATLAN,12,MAZATLAN,22200,NANCHE,0,,500,Tonelada,3,PERENNES,2,TEMPORAL,6.0,6.0,0.0,18.0,3.0,5200.0,93600.0
2011,25,SINALOA,138,MAZATLAN,1,MAZATLAN,12,MAZATLAN,22400,NARANJA,400,VALENCIA,500,Tonelada,3,PERENNES,1,RIEGO,10.0,10.0,0.0,90.0,9.0,3000.0,270000.0
2011,25,SINALOA,138,MAZATLAN,1,MAZATLAN,12,MAZATLAN,23000,NOPALITOS,0,,500,Tonelada,3,PERENNES,2,TEMPORAL,1.0,1.0,0.0,18.0,18.0,4000.0,72000.0
2011,25,SINALOA,138,MAZATLAN,1,MAZATLAN,12,MAZATLAN,24700,PAPAYA,300,MARADOL,500,Tonelada,3,PERENNES,1,RIEGO,120.0,120.0,0.0,4200.0,35.0,3500.0,14700000.0
2011,25,SINALOA,138,MAZATLAN,1,MAZATLAN,12,MAZATLAN,24800,PASTOS Y PRADERAS EN VERDE,0,,500,Tonelada,3,PERENNES,1,RIEGO,68.0,68.0,0.0,2108.0,31.0,620.0,1306960.0
2011,25,SINALOA,138,MAZATLAN,1,MAZATLAN,12,MAZATLAN,24800,PASTOS Y PRADERAS EN VERDE,0,,500,Tonelada,3,PERENNES,2,TEMPORAL,4600.0,4600.0,0.0,73600.0,16.0,450.0,33120000.0
2011,25,SINALOA,138,MAZATLAN,1,MAZATLAN,12,MAZATLAN,27500,RABANO,0,,500,Tonelada,1,OTOÑO-INVIERNO,1,RIEGO,5.0,5.0,0.0,20.0,4.0,5500.0,110000.0
2011,25,SINALOA,138,MAZATLAN,1,MAZATLAN,12,MAZATLAN,28700,SANDIA,200,CHARLESTON (GRAY),500,Tonelada,1,OTOÑO-INVIERNO,1,RIEGO,6.0,6.0,0.0,48.0,8.0,2500.0,120000.0
2011,25,SINALOA,138,MAZATLAN,1,MAZATLAN,12,MAZATLAN,28700,SANDIA,200,CHARLESTON (GRAY),500,Tonelada,2,PRIMAVERA-VERANO,1,RIEGO,3.0,3.0,0.0,36.0,12.0,2500.0,90000.0
2011,25,SINALOA,138,MAZATLAN,1,MAZATLAN,12,MAZATLAN,28700,SANDIA,200,CHARLESTON (GRAY),500,Tonelada,2,PRIMAVERA-VERANO,2,TEMPORAL,3.0,3.0,0.0,24.45,8.15,2350.0,57457.5
2011,25,SINALOA,138,MAZATLAN,1,MAZATLAN,12,MAZATLAN,29300,SORGO FORRAJERO EN VERDE,0,,500,Tonelada,1,OTOÑO-INVIERNO,1,RIEGO,3270.0,3270.0,0.0,45780.0,14.0,650.0,29757000.0
2011,25,SINALOA,138,MAZATLAN,1,MAZATLAN,12,MAZATLAN,29300,SORGO FORRAJERO EN VERDE,0,,500,Tonelada,1,OTOÑO-INVIERNO,2,TEMPORAL,250.0,250.0,0.0,1000.0,4.0,750.0,750000.0
2011,25,SINALOA,138,MAZATLAN,1,MAZATLAN,12,MAZATLAN,29300,SORGO FORRAJERO EN VERDE,0,,500,Tonelada,2,PRIMAVERA-VERANO,2,TEMPORAL,1300.0,1300.0,0.0,12181.0,9.37,450.0,5481450.0
2011,25,SINALOA,138,MAZATLAN,1,MAZATLAN,12,MAZATLAN,29500,SORGO GRANO,0,,500,Tonelada,1,OTOÑO-INVIERNO,1,RIEGO,1850.0,1765.18,84.82,5260.24,2.98,3200.0,16832768.0
2011,25,SINALOA,138,MAZATLAN,1,MAZATLAN,12,MAZATLAN,29500,SORGO GRANO,0,,500,Tonelada,1,OTOÑO-INVIERNO,2,TEMPORAL,1967.0,1967.0,0.0,7868.0,4.0,2800.0,22030400.0
2011,25,SINALOA,138,MAZATLAN,1,MAZATLAN,12,MAZATLAN,29500,SORGO GRANO,0,,500,Tonelada,2,PRIMAVERA-VERANO,2,TEMPORAL,1500.0,1500.0,0.0,2070.0,1.38,2100.0,4347000.0
2011,25,SINALOA,138,MAZATLAN,1,MAZATLAN,12,MAZATLAN,30100,TAMARINDO,0,,500,Tonelada,3,PERENNES,2,TEMPORAL,5.0,5.0,0.0,8.5,1.7,4500.0,38250.0
2011,25,SINALOA,138,MAZATLAN,1,MAZATLAN,12,MAZATLAN,30800,TOMATE ROJO (JITOMATE),800,SALADETTE,500,Tonelada,1,OTOÑO-INVIERNO,1,RIEGO,62.0,62.0,0.0,1763.9,28.45,5300.0,9348670.0
2011,25,SINALOA,138,MAZATLAN,1,MAZATLAN,12,MAZATLAN,31000,TOMATE VERDE,0,,500,Tonelada,1,OTOÑO-INVIERNO,1,RIEGO,35.0,35.0,0.0,239.75,6.85,2850.0,683287.5
2011,25,SINALOA,138,MAZATLAN,2,CONCORDIA,4,CONCORDIA,500,AGAVE,200,TEQUILERO,500,Tonelada,3,PERENNES,2,TEMPORAL,23.0,0.0,23.0,0.0,0.0,0.0,0.0
2011,25,SINALOA,138,MAZATLAN,2,CONCORDIA,4,CONCORDIA,600,AGUACATE,0,,500,Tonelada,3,PERENNES,2,TEMPORAL,4.0,4.0,0.0,24.0,6.0,12000.0,288000.0
2011,25,SINALOA,138,MAZATLAN,2,CONCORDIA,4,CONCORDIA,5300,CACAHUATE,0,,500,Tonelada,2,PRIMAVERA-VERANO,1,RIEGO,3.0,3.0,0.0,3.98,1.33,9000.0,35820.0
2011,25,SINALOA,138,MAZATLAN,2,CONCORDIA,4,CONCORDIA,5300,CACAHUATE,0,,500,Tonelada,2,PRIMAVERA-VERANO,2,TEMPORAL,3.0,3.0,0.0,2.5,0.83,12000.0,30000.0
2011,25,SINALOA,138,MAZATLAN,2,CONCORDIA,4,CONCORDIA,5800,CALABACITA,0,,500,Tonelada,1,OTOÑO-INVIERNO,1,RIEGO,1.0,1.0,0.0,8.5,8.5,4200.0,35700.0
2011,25,SINALOA,138,MAZATLAN,2,CONCORDIA,4,CONCORDIA,8300,CIRUELA,200,DEL PAIS,500,Tonelada,3,PERENNES,2,TEMPORAL,1172.0,1172.0,0.0,1289.2,1.1,5000.0,6446000.0
2011,25,SINALOA,138,MAZATLAN,2,CONCORDIA,4,CONCORDIA,11400,CHILE VERDE,200,JALAPEÑO,500,Tonelada,1,OTOÑO-INVIERNO,1,RIEGO,155.0,155.0,0.0,1240.0,8.0,5500.0,6820000.0
2011,25,SINALOA,138,MAZATLAN,2,CONCORDIA,4,CONCORDIA,11400,CHILE VERDE,800,POBLANO,500,Tonelada,1,OTOÑO-INVIERNO,1,RIEGO,19.0,19.0,0.0,281.2,14.8,7500.0,2109000.0
2011,25,SINALOA,138,MAZATLAN,2,CONCORDIA,4,CONCORDIA,11400,CHILE VERDE,900,SERRANO,500,Tonelada,1,OTOÑO-INVIERNO,1,RIEGO,11.0,11.0,0.0,138.6,12.6,6150.0,852390.0
2011,25,SINALOA,138,MAZATLAN,2,CONCORDIA,4,CONCORDIA,12400,DURAZNO,100,CRIOLLO,500,Tonelada,3,PERENNES,2,TEMPORAL,33.0,33.0,0.0,135.63,4.11,4800.0,651024.0
2011,25,SINALOA,138,MAZATLAN,2,CONCORDIA,4,CONCORDIA,12600,EJOTE,0,,500,Tonelada,1,OTOÑO-INVIERNO,1,RIEGO,11.0,11.0,0.0,45.0,4.09,6000.0,270000.0
2011,25,SINALOA,138,MAZATLAN,2,CONCORDIA,4,CONCORDIA,14200,FRIJOL,500,MAYOCOBA,500,Tonelada,1,OTOÑO-INVIERNO,1,RIEGO,40.0,40.0,0.0,41.32,1.03,15000.0,619800.0
2011,25,SINALOA,138,MAZATLAN,2,CONCORDIA,4,CONCORDIA,14200,FRIJOL,500,MAYOCOBA,500,Tonelada,1,OTOÑO-INVIERNO,2,TEMPORAL,5.0,5.0,0.0,4.3,0.86,18000.0,77400.0
2011,25,SINALOA,138,MAZATLAN,2,CONCORDIA,4,CONCORDIA,19000,LIMON,100,AGRIO (MEXICANO),500,Tonelada,3,PERENNES,2,TEMPORAL,6.0,6.0,0.0,18.0,3.0,3000.0,54000.0
2011,25,SINALOA,138,MAZATLAN,2,CONCORDIA,4,CONCORDIA,19700,MAIZ GRANO,200,BLANCO,500,Tonelada,1,OTOÑO-INVIERNO,1,RIEGO,225.0,225.0,0.0,479.25,2.13,3710.0,1778017.5
2011,25,SINALOA,138,MAZATLAN,2,CONCORDIA,4,CONCORDIA,19700,MAIZ GRANO,200,BLANCO,500,Tonelada,1,OTOÑO-INVIERNO,2,TEMPORAL,74.0,74.0,0.0,71.0,0.96,2800.0,198800.0
2011,25,SINALOA,138,MAZATLAN,2,CONCORDIA,4,CONCORDIA,19700,MAIZ GRANO,200,BLANCO,500,Tonelada,2,PRIMAVERA-VERANO,2,TEMPORAL,4782.0,4782.0,0.0,6503.52,1.36,1350.0,8779752.0
2011,25,SINALOA,138,MAZATLAN,2,CONCORDIA,4,CONCORDIA,20400,MANGO,100,ATAULFO,500,Tonelada,3,PERENNES,1,RIEGO,13.0,13.0,0.0,91.0,7.0,1900.0,172900.0
2011,25,SINALOA,138,MAZATLAN,2,CONCORDIA,4,CONCORDIA,20400,MANGO,100,ATAULFO,500,Tonelada,3,PERENNES,2,TEMPORAL,5.0,5.0,0.0,35.0,7.0,1900.0,66500.0
2011,25,SINALOA,138,MAZATLAN,2,CONCORDIA,4,CONCORDIA,20400,MANGO,300,HADEN,500,Tonelada,3,PERENNES,1,RIEGO,5.0,5.0,0.0,35.0,7.0,1500.0,52500.0
2011,25,SINALOA,138,MAZATLAN,2,CONCORDIA,4,CONCORDIA,20400,MANGO,300,HADEN,500,Tonelada,3,PERENNES,2,TEMPORAL,70.0,70.0,0.0,197.05,2.82,1500.0,295575.0
2011,25,SINALOA,138,MAZATLAN,2,CONCORDIA,4,CONCORDIA,20400,MANGO,400,KEITT,500,Tonelada,3,PERENNES,1,RIEGO,19.0,19.0,0.0,114.0,6.0,1650.0,188100.0
2011,25,SINALOA,138,MAZATLAN,2,CONCORDIA,4,CONCORDIA,20400,MANGO,400,KEITT,500,Tonelada,3,PERENNES,2,TEMPORAL,310.0,310.0,0.0,1590.35,5.13,1650.0,2624077.5
2011,25,SINALOA,138,MAZATLAN,2,CONCORDIA,4,CONCORDIA,20400,MANGO,500,KENT,500,Tonelada,3,PERENNES,1,RIEGO,16.0,16.0,0.0,104.0,6.5,1800.0,187200.0
2011,25,SINALOA,138,MAZATLAN,2,CONCORDIA,4,CONCORDIA,20400,MANGO,500,KENT,500,Tonelada,3,PERENNES,2,TEMPORAL,453.0,453.0,0.0,1900.07,4.19,1800.0,3420126.0
2011,25,SINALOA,138,MAZATLAN,2,CONCORDIA,4,CONCORDIA,20400,MANGO,600,MANILA,500,Tonelada,3,PERENNES,1,RIEGO,26.0,26.0,0.0,169.0,6.5,1650.0,278850.0
2011,25,SINALOA,138,MAZATLAN,2,CONCORDIA,4,CONCORDIA,20400,MANGO,600,MANILA,500,Tonelada,3,PERENNES,2,TEMPORAL,210.0,210.0,0.0,750.0,3.57,1650.0,1237500.0
2011,25,SINALOA,138,MAZATLAN,2,CONCORDIA,4,CONCORDIA,20400,MANGO,800,TOMMY ATKINS,500,Tonelada,3,PERENNES,1,RIEGO,7.0,7.0,0.0,49.0,7.0,1700.0,83300.0
2011,25,SINALOA,138,MAZATLAN,2,CONCORDIA,4,CONCORDIA,20400,MANGO,800,TOMMY ATKINS,500,Tonelada,3,PERENNES,2,TEMPORAL,84.0,84.0,0.0,109.5,1.3,1700.0,186150.0
2011,25,SINALOA,138,MAZATLAN,2,CONCORDIA,4,CONCORDIA,23000,NOPALITOS,0,,500,Tonelada,3,PERENNES,1,RIEGO,1.0,1.0,0.0,10.0,10.0,4000.0,40000.0
2011,25,SINALOA,138,MAZATLAN,2,CONCORDIA,4,CONCORDIA,24800,PASTOS Y PRADERAS EN VERDE,0,,500,Tonelada,3,PERENNES,2,TEMPORAL,2830.0,2830.0,0.0,45384.0,16.04,450.0,20422800.0
2011,25,SINALOA,138,MAZATLAN,2,CONCORDIA,4,CONCORDIA,24900,PEPINO,0,,500,Tonelada,1,OTOÑO-INVIERNO,1,RIEGO,2.0,2.0,0.0,20.0,10.0,5000.0,100000.0
2011,25,SINALOA,138,MAZATLAN,2,CONCORDIA,4,CONCORDIA,24900,PEPINO,0,,500,Tonelada,2,PRIMAVERA-VERANO,1,RIEGO,2.0,2.0,0.0,22.0,11.0,7500.0,165000.0
2011,25,SINALOA,138,MAZATLAN,2,CONCORDIA,4,CONCORDIA,24900,PEPINO,0,,500,Tonelada,2,PRIMAVERA-VERANO,2,TEMPORAL,7.0,7.0,0.0,52.5,7.5,5000.0,262500.0
2011,25,SINALOA,138,MAZATLAN,2,CONCORDIA,4,CONCORDIA,28700,SANDIA,200,CHARLESTON (GRAY),500,Tonelada,1,OTOÑO-INVIERNO,1,RIEGO,6.0,6.0,0.0,108.0,18.0,2250.0,243000.0
2011,25,SINALOA,138,MAZATLAN,2,CONCORDIA,4,CONCORDIA,29300,SORGO FORRAJERO EN VERDE,0,,500,Tonelada,1,OTOÑO-INVIERNO,2,TEMPORAL,25.0,25.0,0.0,325.0,13.0,750.0,243750.0
2011,25,SINALOA,138,MAZATLAN,2,CONCORDIA,4,CONCORDIA,29300,SORGO FORRAJERO EN VERDE,0,,500,Tonelada,2,PRIMAVERA-VERANO,2,TEMPORAL,5859.0,5859.0,0.0,46872.0,8.0,450.0,21092400.0
2011,25,SINALOA,138,MAZATLAN,2,CONCORDIA,4,CONCORDIA,29500,SORGO GRANO,0,,500,Tonelada,1,OTOÑO-INVIERNO,1,RIEGO,210.5,210.5,0.0,284.18,1.35,3200.0,909376.0
2011,25,SINALOA,138,MAZATLAN,2,CONCORDIA,4,CONCORDIA,29500,SORGO GRANO,0,,500,Tonelada,1,OTOÑO-INVIERNO,2,TEMPORAL,115.5,115.5,0.0,170.94,1.48,2500.0,427350.0
2011,25,SINALOA,138,MAZATLAN,2,CONCORDIA,4,CONCORDIA,29500,SORGO GRANO,0,,500,Tonelada,2,PRIMAVERA-VERANO,2,TEMPORAL,200.0,200.0,0.0,140.0,0.7,2100.0,294000.0
2011,25,SINALOA,138,MAZATLAN,2,CONCORDIA,4,CONCORDIA,30800,TOMATE ROJO (JITOMATE),800,SALADETTE,500,Tonelada,1,OTOÑO-INVIERNO,1,RIEGO,95.75,95.75,0.0,1108.79,11.58,5300.0,5876587.0
2011,25,SINALOA,138,MAZATLAN,2,CONCORDIA,4,CONCORDIA,31000,TOMATE VERDE,0,,500,Tonelada,1,OTOÑO-INVIERNO,1,RIEGO,7.0,7.0,0.0,47.46,6.78,2850.0,135261.0
2011,25,SINALOA,138,MAZATLAN,3,EL ROSARIO,14,ROSARIO,500,AGAVE,200,TEQUILERO,500,Tonelada,3,PERENNES,2,TEMPORAL,980.0,0.0,980.0,0.0,0.0,0.0,0.0
2011,25,SINALOA,138,MAZATLAN,3,EL ROSARIO,14,ROSARIO,5300,CACAHUATE,0,,500,Tonelada,2,PRIMAVERA-VERANO,2,TEMPORAL,20.0,20.0,0.0,17.46,0.87,12000.0,209520.0
2011,25,SINALOA,138,MAZATLAN,3,EL ROSARIO,14,ROSARIO,5800,CALABACITA,0,,500,Tonelada,1,OTOÑO-INVIERNO,1,RIEGO,1.0,1.0,0.0,9.0,9.0,4200.0,37800.0
2011,25,SINALOA,138,MAZATLAN,3,EL ROSARIO,14,ROSARIO,5800,CALABACITA,0,,500,Tonelada,2,PRIMAVERA-VERANO,2,TEMPORAL,15.0,15.0,0.0,71.25,4.75,2350.0,167437.5
2011,25,SINALOA,138,MAZATLAN,3,EL ROSARIO,14,ROSARIO,8300,CIRUELA,200,DEL PAIS,500,Tonelada,3,PERENNES,2,TEMPORAL,383.0,383.0,0.0,386.83,1.01,5000.0,1934150.0
2011,25,SINALOA,138,MAZATLAN,3,EL ROSARIO,14,ROSARIO,8800,COCO FRUTA,0,,500,Tonelada,3,PERENNES,2,TEMPORAL,730.0,730.0,0.0,876.0,1.2,2000.0,1752000.0
2011,25,SINALOA,138,MAZATLAN,3,EL ROSARIO,14,ROSARIO,11400,CHILE VERDE,200,JALAPEÑO,500,Tonelada,1,OTOÑO-INVIERNO,1,RIEGO,360.0,360.0,0.0,8280.0,23.0,5500.0,45540000.0
2011,25,SINALOA,138,MAZATLAN,3,EL ROSARIO,14,ROSARIO,11400,CHILE VERDE,800,POBLANO,500,Tonelada,1,OTOÑO-INVIERNO,1,RIEGO,795.0,795.0,0.0,12584.85,15.83,5350.0,67328947.5
2011,25,SINALOA,138,MAZATLAN,3,EL ROSARIO,14,ROSARIO,11400,CHILE VERDE,900,SERRANO,500,Tonelada,1,OTOÑO-INVIERNO,1,RIEGO,670.0,670.0,0.0,5360.0,8.0,4800.0,25728000.0
2011,25,SINALOA,138,MAZATLAN,3,EL ROSARIO,14,ROSARIO,11400,CHILE VERDE,1300,ANAHEIM,500,Tonelada,1,OTOÑO-INVIERNO,1,RIEGO,22.0,22.0,0.0,458.7,20.85,4500.0,2064150.0
2011,25,SINALOA,138,MAZATLAN,3,EL ROSARIO,14,ROSARIO,11400,CHILE VERDE,1400,CALORO,500,Tonelada,1,OTOÑO-INVIERNO,1,RIEGO,85.0,85.0,0.0,1785.0,21.0,5000.0,8925000.0
2011,25,SINALOA,138,MAZATLAN,3,EL ROSARIO,14,ROSARIO,12700,ELOTE,0,,500,Tonelada,2,PRIMAVERA-VERANO,1,RIEGO,7.0,7.0,0.0,21.0,3.0,3000.0,63000.0
2011,25,SINALOA,138,MAZATLAN,3,EL ROSARIO,14,ROSARIO,14200,FRIJOL,100,AZUFRADO,500,Tonelada,1,OTOÑO-INVIERNO,1,RIEGO,300.0,300.0,0.0,279.0,0.93,15000.0,4185000.0
2011,25,SINALOA,138,MAZATLAN,3,EL ROSARIO,14,ROSARIO,14200,FRIJOL,100,AZUFRADO,500,Tonelada,1,OTOÑO-INVIERNO,2,TEMPORAL,220.0,220.0,0.0,187.0,0.85,18000.0,3366000.0
2011,25,SINALOA,138,MAZATLAN,3,EL ROSARIO,14,ROSARIO,14200,FRIJOL,500,MAYOCOBA,500,Tonelada,1,OTOÑO-INVIERNO,1,RIEGO,240.0,240.0,0.0,248.0,1.03,15000.0,3720000.0
2011,25,SINALOA,138,MAZATLAN,3,EL ROSARIO,14,ROSARIO,14200,FRIJOL,500,MAYOCOBA,500,Tonelada,1,OTOÑO-INVIERNO,2,TEMPORAL,560.0,560.0,0.0,526.0,0.94,18000.0,9468000.0
2011,25,SINALOA,138,MAZATLAN,3,EL ROSARIO,14,ROSARIO,17300,JACA (JACKFRUIT),0,,500,Tonelada,3,PERENNES,2,TEMPORAL,11.0,11.0,0.0,220.0,20.0,3100.0,682000.0
2011,25,SINALOA,138,MAZATLAN,3,EL ROSARIO,14,ROSARIO,17600,JICAMA,0,,500,Tonelada,1,OTOÑO-INVIERNO,1,RIEGO,15.0,15.0,0.0,107.25,7.15,2350.0,252037.5
2011,25,SINALOA,138,MAZATLAN,3,EL ROSARIO,14,ROSARIO,19000,LIMON,100,AGRIO (MEXICANO),500,Tonelada,3,PERENNES,1,RIEGO,29.0,29.0,0.0,116.0,4.0,3000.0,348000.0
2011,25,SINALOA,138,MAZATLAN,3,EL ROSARIO,14,ROSARIO,19000,LIMON,100,AGRIO (MEXICANO),500,Tonelada,3,PERENNES,2,TEMPORAL,43.0,43.0,0.0,129.0,3.0,3000.0,387000.0
2011,25,SINALOA,138,MAZATLAN,3,EL ROSARIO,14,ROSARIO,19700,MAIZ GRANO,200,BLANCO,500,Tonelada,1,OTOÑO-INVIERNO,1,RIEGO,766.0,766.0,0.0,4427.48,5.78,3690.0,16337401.2
2011,25,SINALOA,138,MAZATLAN,3,EL ROSARIO,14,ROSARIO,19700,MAIZ GRANO,200,BLANCO,500,Tonelada,1,OTOÑO-INVIERNO,2,TEMPORAL,1600.0,1600.0,0.0,6400.0,4.0,3720.0,23808000.0
2011,25,SINALOA,138,MAZATLAN,3,EL ROSARIO,14,ROSARIO,19700,MAIZ GRANO,200,BLANCO,500,Tonelada,2,PRIMAVERA-VERANO,2,TEMPORAL,2987.0,2987.0,0.0,5613.5,1.88,1350.0,7578225.0
2011,25,SINALOA,138,MAZATLAN,3,EL ROSARIO,14,ROSARIO,20400,MANGO,100,ATAULFO,500,Tonelada,3,PERENNES,1,RIEGO,176.0,176.0,0.0,1232.0,7.0,1900.0,2340800.0
2011,25,SINALOA,138,MAZATLAN,3,EL ROSARIO,14,ROSARIO,20400,MANGO,100,ATAULFO,500,Tonelada,3,PERENNES,2,TEMPORAL,690.0,690.0,0.0,4140.0,6.0,1900.0,7866000.0
2011,25,SINALOA,138,MAZATLAN,3,EL ROSARIO,14,ROSARIO,20400,MANGO,300,HADEN,500,Tonelada,3,PERENNES,1,RIEGO,50.0,50.0,0.0,350.0,7.0,1500.0,525000.0
2011,25,SINALOA,138,MAZATLAN,3,EL ROSARIO,14,ROSARIO,20400,MANGO,300,HADEN,500,Tonelada,3,PERENNES,2,TEMPORAL,245.0,245.0,0.0,1470.0,6.0,1500.0,2205000.0
2011,25,SINALOA,138,MAZATLAN,3,EL ROSARIO,14,ROSARIO,20400,MANGO,400,KEITT,500,Tonelada,3,PERENNES,1,RIEGO,205.0,205.0,0.0,1435.0,7.0,1650.0,2367750.0
2011,25,SINALOA,138,MAZATLAN,3,EL ROSARIO,14,ROSARIO,20400,MANGO,400,KEITT,500,Tonelada,3,PERENNES,2,TEMPORAL,1665.0,1665.0,0.0,9706.95,5.83,1650.0,16016467.5
2011,25,SINALOA,138,MAZATLAN,3,EL ROSARIO,14,ROSARIO,20400,MANGO,500,KENT,500,Tonelada,3,PERENNES,1,RIEGO,950.0,950.0,0.0,5937.5,6.25,1800.0,10687500.0
2011,25,SINALOA,138,MAZATLAN,3,EL ROSARIO,14,ROSARIO,20400,MANGO,500,KENT,500,Tonelada,3,PERENNES,2,TEMPORAL,3950.0,3950.0,0.0,27294.5,6.91,1800.0,49130100.0
2011,25,SINALOA,138,MAZATLAN,3,EL ROSARIO,14,ROSARIO,20400,MANGO,600,MANILA,500,Tonelada,3,PERENNES,1,RIEGO,130.0,130.0,0.0,845.0,6.5,1650.0,1394250.0
2011,25,SINALOA,138,MAZATLAN,3,EL ROSARIO,14,ROSARIO,20400,MANGO,600,MANILA,500,Tonelada,3,PERENNES,2,TEMPORAL,750.0,750.0,0.0,4500.0,6.0,1650.0,7425000.0
2011,25,SINALOA,138,MAZATLAN,3,EL ROSARIO,14,ROSARIO,20400,MANGO,800,TOMMY ATKINS,500,Tonelada,3,PERENNES,1,RIEGO,81.0,81.0,0.0,567.0,7.0,1700.0,963900.0
2011,25,SINALOA,138,MAZATLAN,3,EL ROSARIO,14,ROSARIO,20400,MANGO,800,TOMMY ATKINS,500,Tonelada,3,PERENNES,2,TEMPORAL,1250.0,1250.0,0.0,7500.0,6.0,1700.0,12750000.0
2011,25,SINALOA,138,MAZATLAN,3,EL ROSARIO,14,ROSARIO,21200,MELON,100,CANTALOUPE,500,Tonelada,1,OTOÑO-INVIERNO,1,RIEGO,3.0,3.0,0.0,24.0,8.0,3100.0,74400.0
2011,25,SINALOA,138,MAZATLAN,3,EL ROSARIO,14,ROSARIO,23000,NOPALITOS,0,,500,Tonelada,3,PERENNES,1,RIEGO,3.0,3.0,0.0,66.0,22.0,4000.0,264000.0
2011,25,SINALOA,138,MAZATLAN,3,EL ROSARIO,14,ROSARIO,24700,PAPAYA,300,MARADOL,500,Tonelada,3,PERENNES,1,RIEGO,97.0,97.0,0.0,3395.0,35.0,3500.0,11882500.0
2011,25,SINALOA,138,MAZATLAN,3,EL ROSARIO,14,ROSARIO,24700,PAPAYA,300,MARADOL,500,Tonelada,3,PERENNES,2,TEMPORAL,120.0,120.0,0.0,1440.0,12.0,3500.0,5040000.0
2011,25,SINALOA,138,MAZATLAN,3,EL ROSARIO,14,ROSARIO,24800,PASTOS Y PRADERAS EN VERDE,0,,500,Tonelada,3,PERENNES,2,TEMPORAL,2100.0,2100.0,0.0,35700.0,17.0,450.0,16065000.0
2011,25,SINALOA,138,MAZATLAN,3,EL ROSARIO,14,ROSARIO,24900,PEPINO,0,,500,Tonelada,1,OTOÑO-INVIERNO,1,RIEGO,2.0,2.0,0.0,14.0,7.0,4000.0,56000.0
2011,25,SINALOA,138,MAZATLAN,3,EL ROSARIO,14,ROSARIO,24900,PEPINO,0,,500,Tonelada,2,PRIMAVERA-VERANO,1,RIEGO,18.0,18.0,0.0,324.0,18.0,4000.0,1296000.0
2011,25,SINALOA,138,MAZATLAN,3,EL ROSARIO,14,ROSARIO,28700,SANDIA,200,CHARLESTON (GRAY),500,Tonelada,1,OTOÑO-INVIERNO,1,RIEGO,195.0,195.0,0.0,1687.0,8.65,2500.0,4217500.0
2011,25,SINALOA,138,MAZATLAN,3,EL ROSARIO,14,ROSARIO,28700,SANDIA,200,CHARLESTON (GRAY),500,Tonelada,2,PRIMAVERA-VERANO,2,TEMPORAL,32.0,32.0,0.0,251.2,7.85,2350.0,590320.0
2011,25,SINALOA,138,MAZATLAN,3,EL ROSARIO,14,ROSARIO,29300,SORGO FORRAJERO EN VERDE,0,,500,Tonelada,1,OTOÑO-INVIERNO,1,RIEGO,660.0,660.0,0.0,7920.0,12.0,650.0,5148000.0
2011,25,SINALOA,138,MAZATLAN,3,EL ROSARIO,14,ROSARIO,29300,SORGO FORRAJERO EN VERDE,0,,500,Tonelada,1,OTOÑO-INVIERNO,2,TEMPORAL,1650.0,1650.0,0.0,6600.0,4.0,730.0,4818000.0
2011,25,SINALOA,138,MAZATLAN,3,EL ROSARIO,14,ROSARIO,29300,SORGO FORRAJERO EN VERDE,0,,500,Tonelada,2,PRIMAVERA-VERANO,1,RIEGO,303.0,303.0,0.0,3636.0,12.0,450.0,1636200.0
2011,25,SINALOA,138,MAZATLAN,3,EL ROSARIO,14,ROSARIO,29300,SORGO FORRAJERO EN VERDE,0,,500,Tonelada,2,PRIMAVERA-VERANO,2,TEMPORAL,8624.0,8624.0,0.0,89258.4,10.35,450.0,40166280.0
2011,25,SINALOA,138,MAZATLAN,3,EL ROSARIO,14,ROSARIO,29400,SORGO ESCOBERO,0,,500,Tonelada,1,OTOÑO-INVIERNO,1,RIEGO,2.0,2.0,0.0,4.4,2.2,4000.0,17600.0
2011,25,SINALOA,138,MAZATLAN,3,EL ROSARIO,14,ROSARIO,29400,SORGO ESCOBERO,0,,500,Tonelada,2,PRIMAVERA-VERANO,1,RIEGO,656.0,656.0,0.0,1715.0,2.61,4000.0,6860000.0
2011,25,SINALOA,138,MAZATLAN,3,EL ROSARIO,14,ROSARIO,29500,SORGO GRANO,0,,500,Tonelada,1,OTOÑO-INVIERNO,1,RIEGO,167.0,167.0,0.0,475.95,2.85,3200.0,1523040.0
2011,25,SINALOA,138,MAZATLAN,3,EL ROSARIO,14,ROSARIO,29500,SORGO GRANO,0,,500,Tonelada,1,OTOÑO-INVIERNO,2,TEMPORAL,1577.0,1577.0,0.0,6308.0,4.0,2800.0,17662400.0
2011,25,SINALOA,138,MAZATLAN,3,EL ROSARIO,14,ROSARIO,29500,SORGO GRANO,0,,500,Tonelada,2,PRIMAVERA-VERANO,2,TEMPORAL,187.0,187.0,0.0,332.85,1.78,2100.0,698985.0
2011,25,SINALOA,138,MAZATLAN,3,EL ROSARIO,14,ROSARIO,30100,TAMARINDO,0,,500,Tonelada,3,PERENNES,2,TEMPORAL,10.0,10.0,0.0,18.0,1.8,4500.0,81000.0
2011,25,SINALOA,138,MAZATLAN,3,EL ROSARIO,14,ROSARIO,30800,TOMATE ROJO (JITOMATE),800,SALADETTE,500,Tonelada,1,OTOÑO-INVIERNO,1,RIEGO,230.0,230.0,0.0,5485.5,23.85,5300.0,29073150.0
2011,25,SINALOA,138,MAZATLAN,3,EL ROSARIO,14,ROSARIO,31000,TOMATE VERDE,0,,500,Tonelada,1,OTOÑO-INVIERNO,1,RIEGO,50.0,50.0,0.0,349.0,6.98,2850.0,994650.0
2011,25,SINALOA,138,MAZATLAN,4,ESCUINAPA,9,ESCUINAPA,5800,CALABACITA,0,,500,Tonelada,1,OTOÑO-INVIERNO,1,RIEGO,65.0,65.0,0.0,295.9,4.55,3603.85,1066379.21
2011,25,SINALOA,138,MAZATLAN,4,ESCUINAPA,9,ESCUINAPA,5800,CALABACITA,0,,500,Tonelada,2,PRIMAVERA-VERANO,2,TEMPORAL,6.0,6.0,0.0,28.86,4.81,2350.0,67821.0
2011,25,SINALOA,138,MAZATLAN,4,ESCUINAPA,9,ESCUINAPA,8800,COCO FRUTA,0,,500,Tonelada,3,PERENNES,2,TEMPORAL,2607.0,2607.0,0.0,3910.5,1.5,2000.0,7821000.0
2011,25,SINALOA,138,MAZATLAN,4,ESCUINAPA,9,ESCUINAPA,11400,CHILE VERDE,0,,500,Tonelada,1,OTOÑO-INVIERNO,1,RIEGO,18.0,18.0,0.0,357.3,19.85,5000.0,1786500.0
2011,25,SINALOA,138,MAZATLAN,4,ESCUINAPA,9,ESCUINAPA,11400,CHILE VERDE,200,JALAPEÑO,500,Tonelada,1,OTOÑO-INVIERNO,1,RIEGO,1120.0,1120.0,0.0,20160.0,18.0,5500.0,110880000.0
2011,25,SINALOA,138,MAZATLAN,4,ESCUINAPA,9,ESCUINAPA,11400,CHILE VERDE,800,POBLANO,500,Tonelada,1,OTOÑO-INVIERNO,1,RIEGO,950.0,950.0,0.0,19646.0,20.68,5350.0,105106100.0
2011,25,SINALOA,138,MAZATLAN,4,ESCUINAPA,9,ESCUINAPA,11400,CHILE VERDE,900,SERRANO,500,Tonelada,1,OTOÑO-INVIERNO,1,RIEGO,1680.0,1680.0,0.0,25200.0,15.0,4800.0,120960000.0
2011,25,SINALOA,138,MAZATLAN,4,ESCUINAPA,9,ESCUINAPA,11400,CHILE VERDE,1300,ANAHEIM,500,Tonelada,1,OTOÑO-INVIERNO,1,RIEGO,90.0,90.0,0.0,1980.0,22.0,4500.0,8910000.0
2011,25,SINALOA,138,MAZATLAN,4,ESCUINAPA,9,ESCUINAPA,11400,CHILE VERDE,1400,CALORO,500,Tonelada,1,OTOÑO-INVIERNO,1,RIEGO,60.0,60.0,0.0,1020.0,17.0,5000.0,5100000.0
2011,25,SINALOA,138,MAZATLAN,4,ESCUINAPA,9,ESCUINAPA,11400,CHILE VERDE,1900,DE ARBOL (COLA DE RATA),500,Tonelada,1,OTOÑO-INVIERNO,1,RIEGO,35.0,35.0,0.0,315.0,9.0,4350.0,1370250.0
2011,25,SINALOA,138,MAZATLAN,4,ESCUINAPA,9,ESCUINAPA,14200,FRIJOL,100,AZUFRADO,500,Tonelada,1,OTOÑO-INVIERNO,1,RIEGO,50.0,50.0,0.0,52.0,1.04,15000.0,780000.0
2011,25,SINALOA,138,MAZATLAN,4,ESCUINAPA,9,ESCUINAPA,14200,FRIJOL,100,AZUFRADO,500,Tonelada,1,OTOÑO-INVIERNO,2,TEMPORAL,600.0,600.0,0.0,510.0,0.85,18000.0,9180000.0
2011,25,SINALOA,138,MAZATLAN,4,ESCUINAPA,9,ESCUINAPA,14200,FRIJOL,500,MAYOCOBA,500,Tonelada,1,OTOÑO-INVIERNO,1,RIEGO,630.0,630.0,0.0,648.9,1.03,15000.0,9733500.0
2011,25,SINALOA,138,MAZATLAN,4,ESCUINAPA,9,ESCUINAPA,14200,FRIJOL,500,MAYOCOBA,500,Tonelada,1,OTOÑO-INVIERNO,2,TEMPORAL,100.0,100.0,0.0,89.0,0.89,18000.0,1602000.0
2011,25,SINALOA,138,MAZATLAN,4,ESCUINAPA,9,ESCUINAPA,14200,FRIJOL,1400,NEGRO JAMAPA,500,Tonelada,1,OTOÑO-INVIERNO,2,TEMPORAL,100.0,100.0,0.0,85.0,0.85,18000.0,1530000.0
2011,25,SINALOA,138,MAZATLAN,4,ESCUINAPA,9,ESCUINAPA,17300,JACA (JACKFRUIT),0,,500,Tonelada,3,PERENNES,2,TEMPORAL,2.0,2.0,0.0,40.0,20.0,3100.0,124000.0
2011,25,SINALOA,138,MAZATLAN,4,ESCUINAPA,9,ESCUINAPA,19000,LIMON,100,AGRIO (MEXICANO),500,Tonelada,3,PERENNES,1,RIEGO,30.0,30.0,0.0,120.0,4.0,3000.0,360000.0
2011,25,SINALOA,138,MAZATLAN,4,ESCUINAPA,9,ESCUINAPA,19000,LIMON,100,AGRIO (MEXICANO),500,Tonelada,3,PERENNES,2,TEMPORAL,120.0,120.0,0.0,360.0,3.0,3000.0,1080000.0
2011,25,SINALOA,138,MAZATLAN,4,ESCUINAPA,9,ESCUINAPA,19300,LITCHI,0,,500,Tonelada,3,PERENNES,2,TEMPORAL,2.0,2.0,0.0,24.0,12.0,12000.0,288000.0
2011,25,SINALOA,138,MAZATLAN,4,ESCUINAPA,9,ESCUINAPA,19700,MAIZ GRANO,200,BLANCO,500,Tonelada,1,OTOÑO-INVIERNO,1,RIEGO,295.0,295.0,0.0,1401.25,4.75,3695.0,5177618.75
2011,25,SINALOA,138,MAZATLAN,4,ESCUINAPA,9,ESCUINAPA,19700,MAIZ GRANO,200,BLANCO,500,Tonelada,1,OTOÑO-INVIERNO,2,TEMPORAL,875.68,875.68,0.0,3021.1,3.45,3690.0,11147859.0
2011,25,SINALOA,138,MAZATLAN,4,ESCUINAPA,9,ESCUINAPA,19700,MAIZ GRANO,200,BLANCO,500,Tonelada,2,PRIMAVERA-VERANO,2,TEMPORAL,310.0,310.0,0.0,660.92,2.13,1350.0,892242.0
2011,25,SINALOA,138,MAZATLAN,4,ESCUINAPA,9,ESCUINAPA,20400,MANGO,100,ATAULFO,500,Tonelada,3,PERENNES,1,RIEGO,213.73,213.73,0.0,1496.11,7.0,1900.0,2842609.0
2011,25,SINALOA,138,MAZATLAN,4,ESCUINAPA,9,ESCUINAPA,20400,MANGO,100,ATAULFO,500,Tonelada,3,PERENNES,2,TEMPORAL,582.0,582.0,0.0,3492.0,6.0,1900.0,6634800.0
2011,25,SINALOA,138,MAZATLAN,4,ESCUINAPA,9,ESCUINAPA,20400,MANGO,300,HADEN,500,Tonelada,3,PERENNES,1,RIEGO,149.4,149.4,0.0,1045.8,7.0,1500.0,1568700.0
2011,25,SINALOA,138,MAZATLAN,4,ESCUINAPA,9,ESCUINAPA,20400,MANGO,300,HADEN,500,Tonelada,3,PERENNES,2,TEMPORAL,775.0,775.0,0.0,2782.72,3.59,1500.0,4174080.0
2011,25,SINALOA,138,MAZATLAN,4,ESCUINAPA,9,ESCUINAPA,20400,MANGO,400,KEITT,500,Tonelada,3,PERENNES,1,RIEGO,740.65,740.65,0.0,5184.55,7.0,1650.0,8554507.5
2011,25,SINALOA,138,MAZATLAN,4,ESCUINAPA,9,ESCUINAPA,20400,MANGO,400,KEITT,500,Tonelada,3,PERENNES,2,TEMPORAL,3930.0,3930.0,0.0,25554.35,6.5,1650.0,42164677.5
2011,25,SINALOA,138,MAZATLAN,4,ESCUINAPA,9,ESCUINAPA,20400,MANGO,500,KENT,500,Tonelada,3,PERENNES,1,RIEGO,652.8,652.8,0.0,3903.74,5.98,1800.0,7026732.0
2011,25,SINALOA,138,MAZATLAN,4,ESCUINAPA,9,ESCUINAPA,20400,MANGO,500,KENT,500,Tonelada,3,PERENNES,2,TEMPORAL,2156.0,2156.0,0.0,13056.19,6.06,1800.0,23501142.0
2011,25,SINALOA,138,MAZATLAN,4,ESCUINAPA,9,ESCUINAPA,20400,MANGO,600,MANILA,500,Tonelada,3,PERENNES,1,RIEGO,185.65,185.65,0.0,1271.7,6.85,1650.0,2098305.0
2011,25,SINALOA,138,MAZATLAN,4,ESCUINAPA,9,ESCUINAPA,20400,MANGO,600,MANILA,500,Tonelada,3,PERENNES,2,TEMPORAL,1350.0,1350.0,0.0,3650.25,2.7,1650.0,6022912.5
2011,25,SINALOA,138,MAZATLAN,4,ESCUINAPA,9,ESCUINAPA,20400,MANGO,800,TOMMY ATKINS,500,Tonelada,3,PERENNES,1,RIEGO,295.3,295.3,0.0,2052.34,6.95,1700.0,3488978.0
2011,25,SINALOA,138,MAZATLAN,4,ESCUINAPA,9,ESCUINAPA,20400,MANGO,800,TOMMY ATKINS,500,Tonelada,3,PERENNES,2,TEMPORAL,740.0,740.0,0.0,2476.06,3.35,1700.0,4209302.0
2011,25,SINALOA,138,MAZATLAN,4,ESCUINAPA,9,ESCUINAPA,24700,PAPAYA,300,MARADOL,500,Tonelada,3,PERENNES,1,RIEGO,5.0,5.0,0.0,175.0,35.0,3500.0,612500.0
2011,25,SINALOA,138,MAZATLAN,4,ESCUINAPA,9,ESCUINAPA,24800,PASTOS Y PRADERAS EN VERDE,0,,500,Tonelada,3,PERENNES,2,TEMPORAL,6725.0,6725.0,0.0,107600.0,16.0,450.0,48420000.0
2011,25,SINALOA,138,MAZATLAN,4,ESCUINAPA,9,ESCUINAPA,24900,PEPINO,0,,500,Tonelada,1,OTOÑO-INVIERNO,1,RIEGO,10.0,10.0,0.0,80.0,8.0,5000.0,400000.0
2011,25,SINALOA,138,MAZATLAN,4,ESCUINAPA,9,ESCUINAPA,24900,PEPINO,0,,500,Tonelada,1,OTOÑO-INVIERNO,2,TEMPORAL,8.0,8.0,0.0,80.0,10.0,7500.0,600000.0
2011,25,SINALOA,138,MAZATLAN,4,ESCUINAPA,9,ESCUINAPA,24900,PEPINO,0,,500,Tonelada,2,PRIMAVERA-VERANO,2,TEMPORAL,16.0,16.0,0.0,129.92,8.12,5000.0,649600.0
2011,25,SINALOA,138,MAZATLAN,4,ESCUINAPA,9,ESCUINAPA,28700,SANDIA,200,CHARLESTON (GRAY),500,Tonelada,1,OTOÑO-INVIERNO,1,RIEGO,160.0,160.0,0.0,1280.0,8.0,2500.0,3200000.0
2011,25,SINALOA,138,MAZATLAN,4,ESCUINAPA,9,ESCUINAPA,28700,SANDIA,200,CHARLESTON (GRAY),500,Tonelada,2,PRIMAVERA-VERANO,2,TEMPORAL,10.0,10.0,0.0,102.9,10.29,2350.0,241815.0
2011,25,SINALOA,138,MAZATLAN,4,ESCUINAPA,9,ESCUINAPA,29300,SORGO FORRAJERO EN VERDE,0,,500,Tonelada,1,OTOÑO-INVIERNO,1,RIEGO,788.0,788.0,0.0,10244.0,13.0,650.0,6658600.0
2011,25,SINALOA,138,MAZATLAN,4,ESCUINAPA,9,ESCUINAPA,29300,SORGO FORRAJERO EN VERDE,0,,500,Tonelada,1,OTOÑO-INVIERNO,2,TEMPORAL,4820.0,4820.0,0.0,19280.0,4.0,740.0,14267200.0
2011,25,SINALOA,138,MAZATLAN,4,ESCUINAPA,9,ESCUINAPA,29300,SORGO FORRAJERO EN VERDE,0,,500,Tonelada,2,PRIMAVERA-VERANO,1,RIEGO,50.0,50.0,0.0,600.0,12.0,450.0,270000.0
2011,25,SINALOA,138,MAZATLAN,4,ESCUINAPA,9,ESCUINAPA,29300,SORGO FORRAJERO EN VERDE,0,,500,Tonelada,2,PRIMAVERA-VERANO,2,TEMPORAL,2220.0,2220.0,0.0,20956.8,9.44,450.0,9430560.0
2011,25,SINALOA,138,MAZATLAN,4,ESCUINAPA,9,ESCUINAPA,29500,SORGO GRANO,0,,500,Tonelada,1,OTOÑO-INVIERNO,1,RIEGO,382.0,382.0,0.0,1188.02,3.11,3200.0,3801664.0
2011,25,SINALOA,138,MAZATLAN,4,ESCUINAPA,9,ESCUINAPA,29500,SORGO GRANO,0,,500,Tonelada,1,OTOÑO-INVIERNO,2,TEMPORAL,815.0,815.0,0.0,5705.0,7.0,2800.0,15974000.0
2011,25,SINALOA,138,MAZATLAN,4,ESCUINAPA,9,ESCUINAPA,29500,SORGO GRANO,0,,500,Tonelada,2,PRIMAVERA-VERANO,2,TEMPORAL,50.0,50.0,0.0,105.47,2.11,2100.0,221487.0
2011,25,SINALOA,138,MAZATLAN,4,ESCUINAPA,9,ESCUINAPA,30800,TOMATE ROJO (JITOMATE),800,SALADETTE,500,Tonelada,1,OTOÑO-INVIERNO,1,RIEGO,300.0,300.0,0.0,6900.0,23.0,5300.0,36570000.0
2011,25,SINALOA,138,MAZATLAN,4,ESCUINAPA,9,ESCUINAPA,31000,TOMATE VERDE,0,,500,Tonelada,1,OTOÑO-INVIERNO,1,RIEGO,680.0,680.0,0.0,4630.8,6.81,2850.0,13197780.0
2012,25,SINALOA,133,LOS MOCHIS,1,CHOIX,7,CHOIX,800,AJONJOLÍ,0,,500,Tonelada,2,PRIMAVERA-VERANO,2,TEMPORAL,9687.0,9687.0,0.0,9192.96,0.95,14000.0,128701440.0
2012,25,SINALOA,133,LOS MOCHIS,1,CHOIX,7,CHOIX,5300,CACAHUATE,0,,500,Tonelada,2,PRIMAVERA-VERANO,2,TEMPORAL,2851.0,2851.0,0.0,5416.9,1.9,13000.0,70419700.0
2012,25,SINALOA,133,LOS MOCHIS,1,CHOIX,7,CHOIX,6900,CARTAMO,0,,500,Tonelada,1,OTOÑO-INVIERNO,2,TEMPORAL,1485.0,0.0,1485.0,0.0,0.0,0.0,0.0
2012,25,SINALOA,133,LOS MOCHIS,1,CHOIX,7,CHOIX,14200,FRIJOL,100,AZUFRADO,500,Tonelada,2,PRIMAVERA-VERANO,1,RIEGO,59.0,0.0,59.0,0.0,0.0,0.0,0.0
2012,25,SINALOA,133,LOS MOCHIS,1,CHOIX,7,CHOIX,14200,FRIJOL,100,AZUFRADO,500,Tonelada,2,PRIMAVERA-VERANO,2,TEMPORAL,190.0,190.0,0.0,134.9,0.71,18000.0,2428200.0
2012,25,SINALOA,133,LOS MOCHIS,1,CHOIX,7,CHOIX,19700,MAIZ GRANO,200,BLANCO,500,Tonelada,2,PRIMAVERA-VERANO,2,TEMPORAL,427.0,427.0,0.0,1067.5,2.5,4000.0,4270000.0
2012,25,SINALOA,133,LOS MOCHIS,1,CHOIX,7,CHOIX,24800,PASTOS Y PRADERAS EN VERDE,700,SUDAN,500,Tonelada,3,PERENNES,2,TEMPORAL,6123.0,6123.0,0.0,23267.4,3.8,650.0,15123810.0
2012,25,SINALOA,133,LOS MOCHIS,1,CHOIX,7,CHOIX,28700,SANDIA,0,,500,Tonelada,2,PRIMAVERA-VERANO,2,TEMPORAL,308.0,308.0,0.0,3634.4,11.8,1800.0,6541920.0
2012,25,SINALOA,133,LOS MOCHIS,1,CHOIX,7,CHOIX,28700,SANDIA,200,CHARLESTON (GRAY),500,Tonelada,2,PRIMAVERA-VERANO,1,RIEGO,280.0,0.0,280.0,0.0,0.0,0.0,0.0
2012,25,SINALOA,133,LOS MOCHIS,1,CHOIX,7,CHOIX,29500,SORGO GRANO,0,,500,Tonelada,2,PRIMAVERA-VERANO,2,TEMPORAL,1150.0,1150.0,0.0,2300.0,2.0,2800.0,6440000.0
2012,25,SINALOA,133,LOS MOCHIS,2,EL FUERTE,10,EL FUERTE,500,AGAVE,200,TEQUILERO,500,Tonelada,3,PERENNES,1,RIEGO,30.0,0.0,30.0,0.0,0.0,0.0,0.0
2012,25,SINALOA,133,LOS MOCHIS,2,EL FUERTE,10,EL FUERTE,800,AJONJOLÍ,0,,500,Tonelada,2,PRIMAVERA-VERANO,2,TEMPORAL,1047.17,1047.17,0.0,890.09,0.85,14000.0,12461260.0
2012,25,SINALOA,133,LOS MOCHIS,2,EL FUERTE,10,EL FUERTE,1600,ALFALFA ACHICALADA,0,,500,Tonelada,3,PERENNES,1,RIEGO,170.0,170.0,0.0,1445.0,8.5,2350.0,3395750.0
2012,25,SINALOA,133,LOS MOCHIS,2,EL FUERTE,10,EL FUERTE,4900,BLUEBERRY,100,ARÁNDANO,500,Tonelada,3,PERENNES,1,RIEGO,97.0,97.0,0.0,155.3,1.6,45500.0,7066150.0
2012,25,SINALOA,133,LOS MOCHIS,2,EL FUERTE,10,EL FUERTE,5300,CACAHUATE,0,,500,Tonelada,2,PRIMAVERA-VERANO,2,TEMPORAL,587.0,587.0,0.0,1056.6,1.8,13000.0,13735800.0
2012,25,SINALOA,133,LOS MOCHIS,2,EL FUERTE,10,EL FUERTE,5800,CALABACITA,200,ITALIANA (Zucchini),500,Tonelada,1,OTOÑO-INVIERNO,1,RIEGO,3.0,3.0,0.0,75.0,25.0,4000.0,300000.0
2012,25,SINALOA,133,LOS MOCHIS,2,EL FUERTE,10,EL FUERTE,6500,CAÑA DE AZUCAR,200,INDUSTRIAL,500,Tonelada,3,PERENNES,1,RIEGO,225.0,72.0,153.0,6840.0,95.0,650.0,4446000.0
2012,25,SINALOA,133,LOS MOCHIS,2,EL FUERTE,10,EL FUERTE,7400,CEBOLLA,100,BLANCA,500,Tonelada,1,OTOÑO-INVIERNO,1,RIEGO,1.0,1.0,0.0,19.0,19.0,2500.0,47500.0
2012,25,SINALOA,133,LOS MOCHIS,2,EL FUERTE,10,EL FUERTE,11400,CHILE VERDE,200,JALAPEÑO,500,Tonelada,1,OTOÑO-INVIERNO,1,RIEGO,60.0,60.0,0.0,1080.0,18.0,6500.0,7020000.0
2012,25,SINALOA,133,LOS MOCHIS,2,EL FUERTE,10,EL FUERTE,14200,FRIJOL,100,AZUFRADO,500,Tonelada,1,OTOÑO-INVIERNO,1,RIEGO,738.25,626.25,112.0,1064.63,1.7,16000.0,17034080.0
2012,25,SINALOA,133,LOS MOCHIS,2,EL FUERTE,10,EL FUERTE,14200,FRIJOL,100,AZUFRADO,500,Tonelada,2,PRIMAVERA-VERANO,2,TEMPORAL,171.5,171.5,0.0,120.0,0.7,18000.0,2160000.0
2012,25,SINALOA,133,LOS MOCHIS,2,EL FUERTE,10,EL FUERTE,14200,FRIJOL,500,MAYOCOBA,500,Tonelada,1,OTOÑO-INVIERNO,1,RIEGO,298.0,0.0,298.0,0.0,0.0,0.0,0.0
2012,25,SINALOA,133,LOS MOCHIS,2,EL FUERTE,10,EL FUERTE,19700,MAIZ GRANO,200,BLANCO,500,Tonelada,1,OTOÑO-INVIERNO,1,RIEGO,4603.05,4443.05,160.0,40876.06,9.2,4200.0,171679452.0
2012,25,SINALOA,133,LOS MOCHIS,2,EL FUERTE,10,EL FUERTE,19700,MAIZ GRANO,200,BLANCO,500,Tonelada,2,PRIMAVERA-VERANO,2,TEMPORAL,1371.81,1371.81,0.0,3429.52,2.5,4000.0,13718080.0
2012,25,SINALOA,133,LOS MOCHIS,2,EL FUERTE,10,EL FUERTE,24800,PASTOS Y PRADERAS EN VERDE,0,,500,Tonelada,2,PRIMAVERA-VERANO,2,TEMPORAL,1581.5,1581.5,0.0,7907.5,5.0,620.0,4902650.0
2012,25,SINALOA,133,LOS MOCHIS,2,EL FUERTE,10,EL FUERTE,24800,PASTOS Y PRADERAS EN VERDE,0,,500,Tonelada,3,PERENNES,1,RIEGO,28.0,28.0,0.0,210.0,7.5,650.0,136500.0
2012,25,SINALOA,133,LOS MOCHIS,2,EL FUERTE,10,EL FUERTE,24800,PASTOS Y PRADERAS EN VERDE,700,SUDAN,500,Tonelada,3,PERENNES,2,TEMPORAL,2803.0,2803.0,0.0,11212.0,4.0,650.0,7287800.0
2012,25,SINALOA,133,LOS MOCHIS,2,EL FUERTE,10,EL FUERTE,24900,PEPINO,0,,500,Tonelada,1,OTOÑO-INVIERNO,1,RIEGO,2.0,2.0,0.0,48.0,24.0,4000.0,192000.0
2012,25,SINALOA,133,LOS MOCHIS,2,EL FUERTE,10,EL FUERTE,28700,SANDIA,200,CHARLESTON (GRAY),500,Tonelada,2,PRIMAVERA-VERANO,2,TEMPORAL,38.0,38.0,0.0,463.6,12.2,1800.0,834480.0
2012,25,SINALOA,133,LOS MOCHIS,2,EL FUERTE,10,EL FUERTE,29500,SORGO GRANO,0,,500,Tonelada,2,PRIMAVERA-VERANO,2,TEMPORAL,4622.0,4622.0,0.0,9244.0,2.0,2831.1,26170688.4
2012,25,SINALOA,133,LOS MOCHIS,2,EL FUERTE,10,EL FUERTE,30800,TOMATE ROJO (JITOMATE),800,SALADETTE,500,Tonelada,1,OTOÑO-INVIERNO,1,RIEGO,154.0,146.0,8.0,3431.0,23.5,2500.0,8577500.0
2012,25,SINALOA,133,LOS MOCHIS,2,EL FUERTE,10,EL FUERTE,31000,TOMATE VERDE,0,,500,Tonelada,1,OTOÑO-INVIERNO,1,RIEGO,220.35,220.35,0.0,2644.2,12.0,1500.0,3966300.0
2012,25,SINALOA,133,LOS MOCHIS,2,EL FUERTE,10,EL FUERTE,31500,TRIGO GRANO,200,FUERTE,500,Tonelada,1,OTOÑO-INVIERNO,1,RIEGO,548.76,548.76,0.0,2085.28,3.8,3600.0,7507008.0
2012,25,SINALOA,133,LOS MOCHIS,2,EL FUERTE,10,EL FUERTE,32250,VARIOS,0,,500,Tonelada,1,OTOÑO-INVIERNO,1,RIEGO,97.0,97.0,0.0,388.0,4.0,3000.0,1164000.0
2012,25,SINALOA,133,LOS MOCHIS,3,EL CARRIZO,1,AHOME,500,AGAVE,200,TEQUILERO,500,Tonelada,3,PERENNES,1,RIEGO,60.0,0.0,60.0,0.0,0.0,0.0,0.0
2012,25,SINALOA,133,LOS MOCHIS,3,EL CARRIZO,1,AHOME,1600,ALFALFA ACHICALADA,0,,500,Tonelada,3,PERENNES,1,RIEGO,100.0,100.0,0.0,950.0,9.5,2300.0,2185000.0
2012,25,SINALOA,133,LOS MOCHIS,3,EL CARRIZO,1,AHOME,5800,CALABACITA,200,ITALIANA (Zucchini),500,Tonelada,1,OTOÑO-INVIERNO,1,RIEGO,191.68,97.68,94.0,1904.76,19.5,4000.0,7619040.0
2012,25,SINALOA,133,LOS MOCHIS,3,EL CARRIZO,1,AHOME,6900,CARTAMO,0,,500,Tonelada,1,OTOÑO-INVIERNO,1,RIEGO,276.65,276.65,0.0,636.02,2.3,4000.0,2544080.0
2012,25,SINALOA,133,LOS MOCHIS,3,EL CARRIZO,1,AHOME,7400,CEBOLLA,100,BLANCA,500,Tonelada,1,OTOÑO-INVIERNO,1,RIEGO,1.0,1.0,0.0,24.0,24.0,3000.0,72000.0
2012,25,SINALOA,133,LOS MOCHIS,3,EL CARRIZO,1,AHOME,11400,CHILE VERDE,200,JALAPEÑO,500,Tonelada,1,OTOÑO-INVIERNO,1,RIEGO,270.0,221.0,49.0,5525.0,25.0,6800.0,37570000.0
2012,25,SINALOA,133,LOS MOCHIS,3,EL CARRIZO,1,AHOME,12700,ELOTE,0,,500,Tonelada,1,OTOÑO-INVIERNO,1,RIEGO,48.37,48.37,0.0,483.7,10.0,3000.0,1451100.0
2012,25,SINALOA,133,LOS MOCHIS,3,EL CARRIZO,1,AHOME,14200,FRIJOL,100,AZUFRADO,500,Tonelada,1,OTOÑO-INVIERNO,1,RIEGO,907.13,187.21,719.92,262.09,1.4,19000.0,4979710.0
2012,25,SINALOA,133,LOS MOCHIS,3,EL CARRIZO,1,AHOME,14200,FRIJOL,500,MAYOCOBA,500,Tonelada,1,OTOÑO-INVIERNO,1,RIEGO,381.0,78.62,302.38,108.5,1.38,18800.0,2039717.28
2012,25,SINALOA,133,LOS MOCHIS,3,EL CARRIZO,1,AHOME,14700,GARBANZO GRANO,100,BLANCO,500,Tonelada,1,OTOÑO-INVIERNO,1,RIEGO,48.88,8.02,40.86,21.65,2.7,10500.0,227325.0
2012,25,SINALOA,133,LOS MOCHIS,3,EL CARRIZO,1,AHOME,15000,GIRASOL,0,,500,Tonelada,1,OTOÑO-INVIERNO,1,RIEGO,31.07,31.07,0.0,48.15,1.55,6000.0,288900.0
2012,25,SINALOA,133,LOS MOCHIS,3,EL CARRIZO,1,AHOME,16930,HORTALIZAS,0,,500,Tonelada,1,OTOÑO-INVIERNO,1,RIEGO,55.1,55.1,0.0,330.6,6.0,4000.0,1322400.0
2012,25,SINALOA,133,LOS MOCHIS,3,EL CARRIZO,1,AHOME,19700,MAIZ GRANO,200,BLANCO,500,Tonelada,1,OTOÑO-INVIERNO,1,RIEGO,26588.36,21986.79,4601.57,195682.43,8.9,4000.0,782729720.0
2012,25,SINALOA,133,LOS MOCHIS,3,EL CARRIZO,1,AHOME,24400,PAPA,100,ALPHA (Blanca),500,Tonelada,1,OTOÑO-INVIERNO,1,RIEGO,46.5,30.0,16.5,720.0,24.0,12000.0,8640000.0
2012,25,SINALOA,133,LOS MOCHIS,3,EL CARRIZO,1,AHOME,24800,PASTOS Y PRADERAS EN VERDE,300,ESTRELLA AFRICANA,500,Tonelada,3,PERENNES,1,RIEGO,81.0,81.0,0.0,607.5,7.5,650.0,394875.0
2012,25,SINALOA,133,LOS MOCHIS,3,EL CARRIZO,1,AHOME,24900,PEPINO,0,,500,Tonelada,1,OTOÑO-INVIERNO,1,RIEGO,17.0,17.0,0.0,425.0,25.0,4000.0,1700000.0
2012,25,SINALOA,133,LOS MOCHIS,3,EL CARRIZO,1,AHOME,29500,SORGO GRANO,0,,500,Tonelada,1,OTOÑO-INVIERNO,1,RIEGO,4981.22,4981.22,0.0,32377.93,6.5,3300.0,106847169.0
2012,25,SINALOA,133,LOS MOCHIS,3,EL CARRIZO,1,AHOME,30800,TOMATE ROJO (JITOMATE),800,SALADETTE,500,Tonelada,1,OTOÑO-INVIERNO,1,RIEGO,219.82,171.19,48.63,4108.56,24.0,2800.0,11503968.0
2012,25,SINALOA,133,LOS MOCHIS,3,EL CARRIZO,1,AHOME,31000,TOMATE VERDE,0,,500,Tonelada,1,OTOÑO-INVIERNO,1,RIEGO,1513.75,620.0,893.75,7440.0,12.0,2500.0,18600000.0
2012,25,SINALOA,133,LOS MOCHIS,3,EL CARRIZO,1,AHOME,31500,TRIGO GRANO,100,CRISTALINO,500,Tonelada,1,OTOÑO-INVIERNO,1,RIEGO,10271.0,10271.0,0.0,56490.5,5.5,4500.0,254207250.0
2012,25,SINALOA,133,LOS MOCHIS,3,EL CARRIZO,1,AHOME,32250,VARIOS,0,,500,Tonelada,1,OTOÑO-INVIERNO,1,RIEGO,51.5,51.5,0.0,231.75,4.5,9000.0,2085750.0
2012,25,SINALOA,133,LOS MOCHIS,4,SAN BLAS,10,EL FUERTE,5800,CALABACITA,200,ITALIANA (Zucchini),500,Tonelada,1,OTOÑO-INVIERNO,1,RIEGO,430.0,430.0,0.0,9546.0,22.2,3886.06,37096328.76
2012,25,SINALOA,133,LOS MOCHIS,4,SAN BLAS,10,EL FUERTE,6500,CAÑA DE AZUCAR,200,INDUSTRIAL,500,Tonelada,3,PERENNES,1,RIEGO,405.0,162.0,243.0,15876.0,98.0,660.0,10478160.0
2012,25,SINALOA,133,LOS MOCHIS,4,SAN BLAS,10,EL FUERTE,6900,CARTAMO,0,,500,Tonelada,1,OTOÑO-INVIERNO,1,RIEGO,158.0,158.0,0.0,237.0,1.5,4000.0,948000.0
2012,25,SINALOA,133,LOS MOCHIS,4,SAN BLAS,10,EL FUERTE,6900,CARTAMO,0,,500,Tonelada,1,OTOÑO-INVIERNO,2,TEMPORAL,5100.0,5100.0,0.0,2978.4,0.58,6200.0,18466080.0
2012,25,SINALOA,133,LOS MOCHIS,4,SAN BLAS,10,EL FUERTE,7400,CEBOLLA,100,BLANCA,500,Tonelada,1,OTOÑO-INVIERNO,1,RIEGO,11.0,11.0,0.0,225.5,20.5,3000.0,676500.0
2012,25,SINALOA,133,LOS MOCHIS,4,SAN BLAS,10,EL FUERTE,10900,CHICHARO,0,,500,Tonelada,1,OTOÑO-INVIERNO,1,RIEGO,80.0,80.0,0.0,960.0,12.0,2500.0,2400000.0
2012,25,SINALOA,133,LOS MOCHIS,4,SAN BLAS,10,EL FUERTE,11400,CHILE VERDE,200,JALAPEÑO,500,Tonelada,1,OTOÑO-INVIERNO,1,RIEGO,69.0,69.0,0.0,2415.0,35.0,7200.0,17388000.0
2012,25,SINALOA,133,LOS MOCHIS,4,SAN BLAS,10,EL FUERTE,14200,FRIJOL,100,AZUFRADO,500,Tonelada,1,OTOÑO-INVIERNO,1,RIEGO,1770.0,1717.0,53.0,3090.6,1.8,16000.0,49449600.0
2012,25,SINALOA,133,LOS MOCHIS,4,SAN BLAS,10,EL FUERTE,14200,FRIJOL,500,MAYOCOBA,500,Tonelada,1,OTOÑO-INVIERNO,1,RIEGO,1672.0,1622.0,50.0,2838.5,1.75,16000.0,45416000.0
2012,25,SINALOA,133,LOS MOCHIS,4,SAN BLAS,10,EL FUERTE,14700,GARBANZO GRANO,100,BLANCO,500,Tonelada,1,OTOÑO-INVIERNO,1,RIEGO,25.0,25.0,0.0,50.0,2.0,11000.0,550000.0
2012,25,SINALOA,133,LOS MOCHIS,4,SAN BLAS,10,EL FUERTE,16930,HORTALIZAS,0,,500,Tonelada,1,OTOÑO-INVIERNO,1,RIEGO,140.0,140.0,0.0,840.0,6.0,4000.0,3360000.0
2012,25,SINALOA,133,LOS MOCHIS,4,SAN BLAS,10,EL FUERTE,19700,MAIZ GRANO,100,AMARILLO,500,Tonelada,1,OTOÑO-INVIERNO,1,RIEGO,190.0,190.0,0.0,1852.5,9.75,4500.0,8336250.0
2012,25,SINALOA,133,LOS MOCHIS,4,SAN BLAS,10,EL FUERTE,19700,MAIZ GRANO,200,BLANCO,500,Tonelada,1,OTOÑO-INVIERNO,1,RIEGO,8601.0,8601.0,0.0,92821.99,10.79,4000.0,371287968.0
2012,25,SINALOA,133,LOS MOCHIS,4,SAN BLAS,10,EL FUERTE,20400,MANGO,500,KENT,500,Tonelada,3,PERENNES,1,RIEGO,218.0,218.0,0.0,2725.0,12.5,4000.0,10900000.0
2012,25,SINALOA,133,LOS MOCHIS,4,SAN BLAS,10,EL FUERTE,24400,PAPA,100,ALPHA (Blanca),500,Tonelada,1,OTOÑO-INVIERNO,1,RIEGO,684.0,684.0,0.0,19152.0,28.0,9000.0,172368000.0
2012,25,SINALOA,133,LOS MOCHIS,4,SAN BLAS,10,EL FUERTE,24800,PASTOS Y PRADERAS EN VERDE,0,,500,Tonelada,3,PERENNES,1,RIEGO,46.0,46.0,0.0,340.4,7.4,650.0,221260.0
2012,25,SINALOA,133,LOS MOCHIS,4,SAN BLAS,10,EL FUERTE,30800,TOMATE ROJO (JITOMATE),1100,BOLA,500,Tonelada,1,OTOÑO-INVIERNO,1,RIEGO,230.0,227.0,3.0,5221.0,23.0,2800.0,14618800.0
2012,25,SINALOA,133,LOS MOCHIS,4,SAN BLAS,10,EL FUERTE,31000,TOMATE VERDE,0,,500,Tonelada,1,OTOÑO-INVIERNO,1,RIEGO,123.0,123.0,0.0,1476.0,12.0,3000.0,4428000.0
2012,25,SINALOA,133,LOS MOCHIS,4,SAN BLAS,10,EL FUERTE,31500,TRIGO GRANO,100,CRISTALINO,500,Tonelada,1,OTOÑO-INVIERNO,1,RIEGO,15.0,15.0,0.0,60.0,4.0,3850.0,231000.0
2012,25,SINALOA,133,LOS MOCHIS,4,SAN BLAS,10,EL FUERTE,32250,VARIOS,0,,500,Tonelada,1,OTOÑO-INVIERNO,1,RIEGO,80.0,80.0,0.0,280.0,3.5,8600.0,2408000.0
2012,25,SINALOA,133,LOS MOCHIS,5,HIGUERAS DE ZAR,1,AHOME,1600,ALFALFA ACHICALADA,0,,500,Tonelada,3,PERENNES,1,RIEGO,435.0,435.0,0.0,3697.5,8.5,3300.0,12201750.0
2012,25,SINALOA,133,LOS MOCHIS,5,HIGUERAS DE ZAR,1,AHOME,1800,ALGODÓN HUESO,0,,500,Tonelada,1,OTOÑO-INVIERNO,1,RIEGO,2.0,2.0,0.0,5.0,2.5,6000.0,30000.0
2012,25,SINALOA,133,LOS MOCHIS,5,HIGUERAS DE ZAR,1,AHOME,5800,CALABACITA,200,ITALIANA (Zucchini),500,Tonelada,1,OTOÑO-INVIERNO,1,RIEGO,30.0,30.0,0.0,670.0,22.33,3800.0,2546000.0
2012,25,SINALOA,133,LOS MOCHIS,5,HIGUERAS DE ZAR,1,AHOME,6500,CAÑA DE AZUCAR,200,INDUSTRIAL,500,Tonelada,3,PERENNES,1,RIEGO,85.0,0.0,85.0,0.0,0.0,0.0,0.0
2012,25,SINALOA,133,LOS MOCHIS,5,HIGUERAS DE ZAR,1,AHOME,6900,CARTAMO,0,,500,Tonelada,1,OTOÑO-INVIERNO,1,RIEGO,11.81,11.81,0.0,23.62,2.0,4000.0,94480.0
2012,25,SINALOA,133,LOS MOCHIS,5,HIGUERAS DE ZAR,1,AHOME,11400,CHILE VERDE,200,JALAPEÑO,500,Tonelada,1,OTOÑO-INVIERNO,1,RIEGO,111.0,111.0,0.0,2608.5,23.5,6500.0,16955250.0
2012,25,SINALOA,133,LOS MOCHIS,5,HIGUERAS DE ZAR,1,AHOME,12700,ELOTE,0,,500,Tonelada,1,OTOÑO-INVIERNO,1,RIEGO,549.96,549.96,0.0,4949.64,9.0,3500.0,17323740.0
2012,25,SINALOA,133,LOS MOCHIS,5,HIGUERAS DE ZAR,1,AHOME,14200,FRIJOL,100,AZUFRADO,500,Tonelada,1,OTOÑO-INVIERNO,1,RIEGO,3684.0,3684.0,0.0,6262.8,1.7,16000.0,100204800.0
2012,25,SINALOA,133,LOS MOCHIS,5,HIGUERAS DE ZAR,1,AHOME,14200,FRIJOL,500,MAYOCOBA,500,Tonelada,1,OTOÑO-INVIERNO,1,RIEGO,3309.0,3309.0,0.0,5790.75,1.75,15500.0,89756625.0
2012,25,SINALOA,133,LOS MOCHIS,5,HIGUERAS DE ZAR,1,AHOME,19700,MAIZ GRANO,100,AMARILLO,500,Tonelada,1,OTOÑO-INVIERNO,1,RIEGO,43.0,43.0,0.0,419.2,9.75,3000.0,1257600.0
2012,25,SINALOA,133,LOS MOCHIS,5,HIGUERAS DE ZAR,1,AHOME,19700,MAIZ GRANO,200,BLANCO,500,Tonelada,1,OTOÑO-INVIERNO,1,RIEGO,13685.87,13685.87,0.0,150544.57,11.0,4000.0,602178280.0
2012,25,SINALOA,133,LOS MOCHIS,5,HIGUERAS DE ZAR,1,AHOME,20400,MANGO,500,KENT,500,Tonelada,3,PERENNES,1,RIEGO,2000.0,1619.7,380.3,20246.2,12.5,4000.0,80984800.0
2012,25,SINALOA,133,LOS MOCHIS,5,HIGUERAS DE ZAR,1,AHOME,24800,PASTOS Y PRADERAS EN VERDE,300,ESTRELLA AFRICANA,500,Tonelada,3,PERENNES,1,RIEGO,238.0,238.0,0.0,1761.2,7.4,650.0,1144780.0
2012,25,SINALOA,133,LOS MOCHIS,5,HIGUERAS DE ZAR,1,AHOME,24900,PEPINO,0,,500,Tonelada,1,OTOÑO-INVIERNO,1,RIEGO,40.0,40.0,0.0,920.0,23.0,4000.0,3680000.0
2012,25,SINALOA,133,LOS MOCHIS,5,HIGUERAS DE ZAR,1,AHOME,29500,SORGO GRANO,0,,500,Tonelada,1,OTOÑO-INVIERNO,1,RIEGO,2.0,2.0,0.0,11.0,5.5,3300.0,36300.0
2012,25,SINALOA,133,LOS MOCHIS,5,HIGUERAS DE ZAR,1,AHOME,30800,TOMATE ROJO (JITOMATE),800,SALADETTE,500,Tonelada,1,OTOÑO-INVIERNO,1,RIEGO,64.5,64.5,0.0,1515.75,23.5,2900.0,4395675.0
2012,25,SINALOA,133,LOS MOCHIS,5,HIGUERAS DE ZAR,1,AHOME,31000,TOMATE VERDE,0,,500,Tonelada,1,OTOÑO-INVIERNO,1,RIEGO,334.0,334.0,0.0,3841.0,11.5,2500.0,9602500.0
2012,25,SINALOA,133,LOS MOCHIS,5,HIGUERAS DE ZAR,1,AHOME,31500,TRIGO GRANO,100,CRISTALINO,500,Tonelada,1,OTOÑO-INVIERNO,1,RIEGO,650.0,650.0,0.0,3900.0,6.0,3500.0,13650000.0
2012,25,SINALOA,133,LOS MOCHIS,5,HIGUERAS DE ZAR,1,AHOME,31500,TRIGO GRANO,200,FUERTE,500,Tonelada,1,OTOÑO-INVIERNO,1,RIEGO,327.51,327.51,0.0,1375.54,4.2,3850.0,5295829.0
2012,25,SINALOA,133,LOS MOCHIS,6,AHOME,1,AHOME,1600,ALFALFA ACHICALADA,0,,500,Tonelada,3,PERENNES,1,RIEGO,195.0,195.0,0.0,1852.5,9.5,2300.0,4260750.0
2012,25,SINALOA,133,LOS MOCHIS,6,AHOME,1,AHOME,5800,CALABACITA,200,ITALIANA (Zucchini),500,Tonelada,1,OTOÑO-INVIERNO,1,RIEGO,313.29,313.29,0.0,7014.57,22.39,3670.4,25746277.73
2012,25,SINALOA,133,LOS MOCHIS,6,AHOME,1,AHOME,6500,CAÑA DE AZUCAR,200,INDUSTRIAL,500,Tonelada,3,PERENNES,1,RIEGO,3468.4,2786.0,682.4,229533.0,82.39,640.0,146901120.0
2012,25,SINALOA,133,LOS MOCHIS,6,AHOME,1,AHOME,6510,CAÑA DE AZUCAR SEMILLA,0,,500,Tonelada,3,PERENNES,1,RIEGO,135.0,135.0,0.0,11090.0,82.15,650.0,7208500.0
2012,25,SINALOA,133,LOS MOCHIS,6,AHOME,1,AHOME,11400,CHILE VERDE,200,JALAPEÑO,500,Tonelada,1,OTOÑO-INVIERNO,1,RIEGO,40.0,40.0,0.0,1040.0,26.0,7500.0,7800000.0
2012,25,SINALOA,133,LOS MOCHIS,6,AHOME,1,AHOME,12700,ELOTE,0,,500,Tonelada,1,OTOÑO-INVIERNO,1,RIEGO,367.57,367.57,0.0,6380.0,17.36,3200.0,20416000.0
2012,25,SINALOA,133,LOS MOCHIS,6,AHOME,1,AHOME,14200,FRIJOL,100,AZUFRADO,500,Tonelada,1,OTOÑO-INVIERNO,1,RIEGO,2053.5,2053.5,0.0,3593.63,1.75,16000.0,57498080.0
2012,25,SINALOA,133,LOS MOCHIS,6,AHOME,1,AHOME,14200,FRIJOL,500,MAYOCOBA,500,Tonelada,1,OTOÑO-INVIERNO,1,RIEGO,1884.4,1884.4,0.0,3203.48,1.7,16000.0,51255680.0
2012,25,SINALOA,133,LOS MOCHIS,6,AHOME,1,AHOME,19700,MAIZ GRANO,200,BLANCO,500,Tonelada,1,OTOÑO-INVIERNO,1,RIEGO,27153.84,27153.84,0.0,312269.16,11.5,4000.0,1249076640.0
2012,25,SINALOA,133,LOS MOCHIS,6,AHOME,1,AHOME,20400,MANGO,500,KENT,500,Tonelada,3,PERENNES,1,RIEGO,1674.0,1043.5,630.5,13043.7,12.5,4000.0,52174800.0
2012,25,SINALOA,133,LOS MOCHIS,6,AHOME,1,AHOME,24400,PAPA,100,ALPHA (Blanca),500,Tonelada,1,OTOÑO-INVIERNO,1,RIEGO,195.69,195.69,0.0,4696.56,24.0,9000.0,42269040.0
2012,25,SINALOA,133,LOS MOCHIS,6,AHOME,1,AHOME,24800,PASTOS Y PRADERAS EN VERDE,300,ESTRELLA AFRICANA,500,Tonelada,3,PERENNES,1,RIEGO,278.0,278.0,0.0,1999.93,7.19,650.0,1299954.5
2012,25,SINALOA,133,LOS MOCHIS,6,AHOME,1,AHOME,24900,PEPINO,200,CHINO,500,Tonelada,1,OTOÑO-INVIERNO,1,RIEGO,18.0,18.0,0.0,441.0,24.5,3800.0,1675800.0
2012,25,SINALOA,133,LOS MOCHIS,6,AHOME,1,AHOME,29500,SORGO GRANO,0,,500,Tonelada,1,OTOÑO-INVIERNO,1,RIEGO,60.59,60.59,0.0,272.65,4.5,3300.0,899745.0
2012,25,SINALOA,133,LOS MOCHIS,6,AHOME,1,AHOME,30800,TOMATE ROJO (JITOMATE),800,SALADETTE,500,Tonelada,1,OTOÑO-INVIERNO,1,RIEGO,31.0,31.0,0.0,728.5,23.5,3000.0,2185500.0
2012,25,SINALOA,133,LOS MOCHIS,6,AHOME,1,AHOME,31000,TOMATE VERDE,0,,500,Tonelada,1,OTOÑO-INVIERNO,1,RIEGO,142.74,142.74,0.0,1712.88,12.0,2500.0,4282200.0
2012,25,SINALOA,133,LOS MOCHIS,6,AHOME,1,AHOME,31500,TRIGO GRANO,400,SUAVE,500,Tonelada,1,OTOÑO-INVIERNO,1,RIEGO,121.19,121.19,0.0,605.95,5.0,3600.0,2181420.0
2012,25,SINALOA,133,LOS MOCHIS,6,AHOME,1,AHOME,32250,VARIOS,0,,500,Tonelada,1,OTOÑO-INVIERNO,1,RIEGO,30.34,30.34,0.0,121.36,4.0,8500.0,1031560.0
2012,25,SINALOA,133,LOS MOCHIS,6,AHOME,1,AHOME,33430,ZEMPOALXOCHITL,0,,500,Tonelada,1,OTOÑO-INVIERNO,1,RIEGO,47.34,47.34,0.0,331.38,7.0,3800.0,1259244.0
2012,25,SINALOA,133,LOS MOCHIS,7,LOS MOCHIS,1,AHOME,500,AGAVE,200,TEQUILERO,500,Tonelada,3,PERENNES,1,RIEGO,36.0,0.0,36.0,0.0,0.0,0.0,0.0
2012,25,SINALOA,133,LOS MOCHIS,7,LOS MOCHIS,1,AHOME,1600,ALFALFA ACHICALADA,0,,500,Tonelada,3,PERENNES,1,RIEGO,460.0,460.0,0.0,3680.0,8.0,2323.94,8552099.2
2012,25,SINALOA,133,LOS MOCHIS,7,LOS MOCHIS,1,AHOME,1800,ALGODÓN HUESO,0,,500,Tonelada,1,OTOÑO-INVIERNO,1,RIEGO,10.94,10.94,0.0,30.64,2.8,6300.0,193032.0
2012,25,SINALOA,133,LOS MOCHIS,7,LOS MOCHIS,1,AHOME,5800,CALABACITA,200,ITALIANA (Zucchini),500,Tonelada,1,OTOÑO-INVIERNO,1,RIEGO,257.89,257.89,0.0,6563.3,25.45,3700.0,24284210.0
2012,25,SINALOA,133,LOS MOCHIS,7,LOS MOCHIS,1,AHOME,6500,CAÑA DE AZUCAR,200,INDUSTRIAL,500,Tonelada,3,PERENNES,1,RIEGO,5098.08,3943.54,1154.54,324939.81,82.4,660.0,214460273.9
2012,25,SINALOA,133,LOS MOCHIS,7,LOS MOCHIS,1,AHOME,6510,CAÑA DE AZUCAR SEMILLA,0,,500,Tonelada,3,PERENNES,1,RIEGO,191.0,191.0,0.0,15700.0,82.2,650.0,10205000.0
2012,25,SINALOA,133,LOS MOCHIS,7,LOS MOCHIS,1,AHOME,6900,CARTAMO,0,,500,Tonelada,1,OTOÑO-INVIERNO,1,RIEGO,9.0,9.0,0.0,24.75,2.75,4000.0,99000.0
2012,25,SINALOA,133,LOS MOCHIS,7,LOS MOCHIS,1,AHOME,7400,CEBOLLA,100,BLANCA,500,Tonelada,1,OTOÑO-INVIERNO,1,RIEGO,185.67,185.67,0.0,4671.75,25.16,3000.0,14015250.0
2012,25,SINALOA,133,LOS MOCHIS,7,LOS MOCHIS,1,AHOME,11400,CHILE VERDE,200,JALAPEÑO,500,Tonelada,1,OTOÑO-INVIERNO,1,RIEGO,297.22,297.22,0.0,8916.6,30.0,6850.0,61078710.0
2012,25,SINALOA,133,LOS MOCHIS,7,LOS MOCHIS,1,AHOME,12700,ELOTE,0,,500,Tonelada,1,OTOÑO-INVIERNO,1,RIEGO,39.5,39.5,0.0,355.5,9.0,6500.0,2310750.0
2012,25,SINALOA,133,LOS MOCHIS,7,LOS MOCHIS,1,AHOME,14200,FRIJOL,100,AZUFRADO,500,Tonelada,1,OTOÑO-INVIERNO,1,RIEGO,2023.8,2023.8,0.0,3642.84,1.8,16000.0,58285440.0
2012,25,SINALOA,133,LOS MOCHIS,7,LOS MOCHIS,1,AHOME,14200,FRIJOL,500,MAYOCOBA,500,Tonelada,1,OTOÑO-INVIERNO,1,RIEGO,1871.55,1871.55,0.0,2994.48,1.6,16000.0,47911680.0
2012,25,SINALOA,133,LOS MOCHIS,7,LOS MOCHIS,1,AHOME,14700,GARBANZO GRANO,100,BLANCO,500,Tonelada,1,OTOÑO-INVIERNO,1,RIEGO,237.83,237.83,0.0,713.49,3.0,11000.0,7848390.0
2012,25,SINALOA,133,LOS MOCHIS,7,LOS MOCHIS,1,AHOME,16930,HORTALIZAS,0,,500,Tonelada,1,OTOÑO-INVIERNO,1,RIEGO,163.02,163.02,0.0,978.12,6.0,4200.0,4108104.0
2012,25,SINALOA,133,LOS MOCHIS,7,LOS MOCHIS,1,AHOME,19700,MAIZ GRANO,200,BLANCO,500,Tonelada,1,OTOÑO-INVIERNO,1,RIEGO,25351.88,25351.88,0.0,286476.24,11.3,4000.0,1145904960.0
2012,25,SINALOA,133,LOS MOCHIS,7,LOS MOCHIS,1,AHOME,20400,MANGO,500,KENT,500,Tonelada,3,PERENNES,1,RIEGO,99.0,0.0,99.0,0.0,0.0,0.0,0.0
2012,25,SINALOA,133,LOS MOCHIS,7,LOS MOCHIS,1,AHOME,24400,PAPA,100,ALPHA (Blanca),500,Tonelada,1,OTOÑO-INVIERNO,1,RIEGO,6866.94,6866.94,0.0,171673.5,25.0,9000.0,1545061500.0
2012,25,SINALOA,133,LOS MOCHIS,7,LOS MOCHIS,1,AHOME,24800,PASTOS Y PRADERAS EN VERDE,0,,500,Tonelada,3,PERENNES,1,RIEGO,183.0,183.0,0.0,1429.23,7.81,650.0,928999.5
2012,25,SINALOA,133,LOS MOCHIS,7,LOS MOCHIS,1,AHOME,24900,PEPINO,200,CHINO,500,Tonelada,1,OTOÑO-INVIERNO,1,RIEGO,118.75,118.75,0.0,2665.93,22.45,3500.0,9330755.0
2012,25,SINALOA,133,LOS MOCHIS,7,LOS MOCHIS,1,AHOME,30800,TOMATE ROJO (JITOMATE),800,SALADETTE,500,Tonelada,1,OTOÑO-INVIERNO,1,RIEGO,562.6,562.6,0.0,13502.4,24.0,2800.0,37806720.0
2012,25,SINALOA,133,LOS MOCHIS,7,LOS MOCHIS,1,AHOME,31000,TOMATE VERDE,0,,500,Tonelada,1,OTOÑO-INVIERNO,1,RIEGO,772.25,772.25,0.0,8494.75,11.0,2200.0,18688450.0
2012,25,SINALOA,133,LOS MOCHIS,7,LOS MOCHIS,1,AHOME,31500,TRIGO GRANO,200,FUERTE,500,Tonelada,1,OTOÑO-INVIERNO,1,RIEGO,71.51,71.51,0.0,264.58,3.7,3850.0,1018633.0
2012,25,SINALOA,133,LOS MOCHIS,7,LOS MOCHIS,1,AHOME,32250,VARIOS,0,,500,Tonelada,1,OTOÑO-INVIERNO,1,RIEGO,11.5,11.5,0.0,51.75,4.5,7500.0,388125.0
2012,25,SINALOA,133,LOS MOCHIS,7,LOS MOCHIS,1,AHOME,33430,ZEMPOALXOCHITL,0,,500,Tonelada,1,OTOÑO-INVIERNO,1,RIEGO,33.11,33.11,0.0,231.77,7.0,3800.0,880726.0
2012,25,SINALOA,133,LOS MOCHIS,8,RUIZ CORTINEZ,11,GUASAVE,1800,ALGODÓN HUESO,0,,500,Tonelada,1,OTOÑO-INVIERNO,1,RIEGO,869.92,869.92,0.0,2174.8,2.5,6500.0,14136200.0
2012,25,SINALOA,133,LOS MOCHIS,8,RUIZ CORTINEZ,11,GUASAVE,5800,CALABACITA,200,ITALIANA (Zucchini),500,Tonelada,1,OTOÑO-INVIERNO,1,RIEGO,79.24,79.24,0.0,1981.0,25.0,3500.0,6933500.0
2012,25,SINALOA,133,LOS MOCHIS,8,RUIZ CORTINEZ,11,GUASAVE,6500,CAÑA DE AZUCAR,200,INDUSTRIAL,500,Tonelada,3,PERENNES,1,RIEGO,124.0,0.0,124.0,0.0,0.0,0.0,0.0
2012,25,SINALOA,133,LOS MOCHIS,8,RUIZ CORTINEZ,11,GUASAVE,6900,CARTAMO,0,,500,Tonelada,1,OTOÑO-INVIERNO,1,RIEGO,26.8,26.8,0.0,40.2,1.5,6000.0,241200.0
2012,25,SINALOA,133,LOS MOCHIS,8,RUIZ CORTINEZ,11,GUASAVE,6900,CARTAMO,0,,500,Tonelada,1,OTOÑO-INVIERNO,2,TEMPORAL,571.78,571.78,0.0,457.43,0.8,6200.0,2836066.0
2012,25,SINALOA,133,LOS MOCHIS,8,RUIZ CORTINEZ,11,GUASAVE,10900,CHICHARO,0,,500,Tonelada,1,OTOÑO-INVIERNO,1,RIEGO,52.1,52.1,0.0,729.4,14.0,2500.0,1823500.0
2012,25,SINALOA,133,LOS MOCHIS,8,RUIZ CORTINEZ,11,GUASAVE,11400,CHILE VERDE,200,JALAPEÑO,500,Tonelada,1,OTOÑO-INVIERNO,1,RIEGO,550.0,550.0,0.0,16500.0,30.0,7000.0,115500000.0
2012,25,SINALOA,133,LOS MOCHIS,8,RUIZ CORTINEZ,11,GUASAVE,11400,CHILE VERDE,900,SERRANO,500,Tonelada,1,OTOÑO-INVIERNO,1,RIEGO,209.0,209.0,0.0,4180.0,20.0,5500.0,22990000.0
2012,25,SINALOA,133,LOS MOCHIS,8,RUIZ CORTINEZ,11,GUASAVE,11400,CHILE VERDE,1200,BELL PEPPER,500,Tonelada,1,OTOÑO-INVIERNO,1,RIEGO,37.0,37.0,0.0,1295.0,35.0,6500.0,8417500.0
2012,25,SINALOA,133,LOS MOCHIS,8,RUIZ CORTINEZ,11,GUASAVE,11400,CHILE VERDE,3600,BELL PEPPER MALLA SOMBRA,500,Tonelada,1,OTOÑO-INVIERNO,1,RIEGO,145.0,145.0,0.0,7975.0,55.0,8000.0,63800000.0
2012,25,SINALOA,133,LOS MOCHIS,8,RUIZ CORTINEZ,11,GUASAVE,12600,EJOTE,0,,500,Tonelada,1,OTOÑO-INVIERNO,1,RIEGO,141.83,141.83,0.0,850.98,6.0,4000.0,3403920.0
2012,25,SINALOA,133,LOS MOCHIS,8,RUIZ CORTINEZ,11,GUASAVE,14200,FRIJOL,100,AZUFRADO,500,Tonelada,1,OTOÑO-INVIERNO,1,RIEGO,10460.53,10460.53,0.0,17782.9,1.7,15500.0,275634950.0
2012,25,SINALOA,133,LOS MOCHIS,8,RUIZ CORTINEZ,11,GUASAVE,14200,FRIJOL,500,MAYOCOBA,500,Tonelada,1,OTOÑO-INVIERNO,1,RIEGO,194.0,194.0,0.0,291.0,1.5,19500.0,5674500.0
2012,25,SINALOA,133,LOS MOCHIS,8,RUIZ CORTINEZ,11,GUASAVE,14700,GARBANZO GRANO,100,BLANCO,500,Tonelada,1,OTOÑO-INVIERNO,1,RIEGO,106.17,106.17,0.0,212.34,2.0,11000.0,2335740.0
2012,25,SINALOA,133,LOS MOCHIS,8,RUIZ CORTINEZ,11,GUASAVE,16930,HORTALIZAS,0,,500,Tonelada,1,OTOÑO-INVIERNO,1,RIEGO,55.2,55.2,0.0,331.2,6.0,3500.0,1159200.0
2012,25,SINALOA,133,LOS MOCHIS,8,RUIZ CORTINEZ,11,GUASAVE,19700,MAIZ GRANO,200,BLANCO,500,Tonelada,1,OTOÑO-INVIERNO,1,RIEGO,25037.89,25037.89,0.0,275416.68,11.0,4000.0,1101666720.0
2012,25,SINALOA,133,LOS MOCHIS,8,RUIZ CORTINEZ,11,GUASAVE,22400,NARANJA,400,VALENCIA,500,Tonelada,3,PERENNES,1,RIEGO,231.0,231.0,0.0,3696.0,16.0,5000.0,18480000.0
2012,25,SINALOA,133,LOS MOCHIS,8,RUIZ CORTINEZ,11,GUASAVE,24400,PAPA,100,ALPHA (Blanca),500,Tonelada,1,OTOÑO-INVIERNO,1,RIEGO,3145.52,3145.52,0.0,75492.48,24.0,9000.0,679432320.0
2012,25,SINALOA,133,LOS MOCHIS,8,RUIZ CORTINEZ,11,GUASAVE,24800,PASTOS Y PRADERAS EN VERDE,300,ESTRELLA AFRICANA,500,Tonelada,3,PERENNES,1,RIEGO,83.0,83.0,0.0,639.1,7.7,650.0,415415.0
2012,25,SINALOA,133,LOS MOCHIS,8,RUIZ CORTINEZ,11,GUASAVE,24900,PEPINO,200,CHINO,500,Tonelada,1,OTOÑO-INVIERNO,1,RIEGO,69.67,69.67,0.0,1811.42,26.0,3800.0,6883396.0
2012,25,SINALOA,133,LOS MOCHIS,8,RUIZ CORTINEZ,11,GUASAVE,29500,SORGO GRANO,0,,500,Tonelada,1,OTOÑO-INVIERNO,1,RIEGO,61.82,61.82,0.0,340.0,5.5,3300.0,1122000.0
2012,25,SINALOA,133,LOS MOCHIS,8,RUIZ CORTINEZ,11,GUASAVE,30800,TOMATE ROJO (JITOMATE),800,SALADETTE,500,Tonelada,1,OTOÑO-INVIERNO,1,RIEGO,1034.42,1034.42,0.0,24824.01,24.0,2600.0,64542426.0
2012,25,SINALOA,133,LOS MOCHIS,8,RUIZ CORTINEZ,11,GUASAVE,31000,TOMATE VERDE,0,,500,Tonelada,1,OTOÑO-INVIERNO,1,RIEGO,1098.94,1098.94,0.0,13187.28,12.0,2000.0,26374560.0
2012,25,SINALOA,133,LOS MOCHIS,8,RUIZ CORTINEZ,11,GUASAVE,31500,TRIGO GRANO,200,FUERTE,500,Tonelada,1,OTOÑO-INVIERNO,1,RIEGO,458.59,458.59,0.0,1971.93,4.3,3600.0,7098948.0
2012,25,SINALOA,133,LOS MOCHIS,8,RUIZ CORTINEZ,11,GUASAVE,32250,VARIOS,0,,500,Tonelada,1,OTOÑO-INVIERNO,1,RIEGO,112.68,112.68,0.0,422.55,3.75,8500.0,3591675.0
2012,25,SINALOA,133,LOS MOCHIS,8,RUIZ CORTINEZ,17,SINALOA,1600,ALFALFA ACHICALADA,0,,500,Tonelada,3,PERENNES,1,RIEGO,108.0,108.0,0.0,972.0,9.0,2150.0,2089800.0
2012,25,SINALOA,133,LOS MOCHIS,8,RUIZ CORTINEZ,17,SINALOA,5800,CALABACITA,200,ITALIANA (Zucchini),500,Tonelada,1,OTOÑO-INVIERNO,1,RIEGO,17.32,17.32,0.0,554.24,32.0,4000.0,2216960.0
2012,25,SINALOA,133,LOS MOCHIS,8,RUIZ CORTINEZ,17,SINALOA,6500,CAÑA DE AZUCAR,200,INDUSTRIAL,500,Tonelada,3,PERENNES,1,RIEGO,67.0,0.0,67.0,0.0,0.0,0.0,0.0
2012,25,SINALOA,133,LOS MOCHIS,8,RUIZ CORTINEZ,17,SINALOA,6900,CARTAMO,0,,500,Tonelada,1,OTOÑO-INVIERNO,1,RIEGO,11.48,11.48,0.0,17.22,1.5,6000.0,103320.0
2012,25,SINALOA,133,LOS MOCHIS,8,RUIZ CORTINEZ,17,SINALOA,11400,CHILE VERDE,200,JALAPEÑO,500,Tonelada,1,OTOÑO-INVIERNO,1,RIEGO,288.0,288.0,0.0,7200.0,25.0,8500.0,61200000.0
2012,25,SINALOA,133,LOS MOCHIS,8,RUIZ CORTINEZ,17,SINALOA,12600,EJOTE,0,,500,Tonelada,1,OTOÑO-INVIERNO,1,RIEGO,61.08,61.08,0.0,366.48,6.0,4200.0,1539216.0
2012,25,SINALOA,133,LOS MOCHIS,8,RUIZ CORTINEZ,17,SINALOA,14200,FRIJOL,100,AZUFRADO,500,Tonelada,1,OTOÑO-INVIERNO,1,RIEGO,378.7,378.7,0.0,643.79,1.7,19000.0,12232010.0
2012,25,SINALOA,133,LOS MOCHIS,8,RUIZ CORTINEZ,17,SINALOA,14200,FRIJOL,500,MAYOCOBA,500,Tonelada,1,OTOÑO-INVIERNO,1,RIEGO,289.0,289.0,0.0,462.4,1.6,18000.0,8323200.0
2012,25,SINALOA,133,LOS MOCHIS,8,RUIZ CORTINEZ,17,SINALOA,14700,GARBANZO GRANO,100,BLANCO,500,Tonelada,1,OTOÑO-INVIERNO,1,RIEGO,46.65,46.65,0.0,93.3,2.0,11000.0,1026300.0
2012,25,SINALOA,133,LOS MOCHIS,8,RUIZ CORTINEZ,17,SINALOA,19700,MAIZ GRANO,200,BLANCO,500,Tonelada,1,OTOÑO-INVIERNO,1,RIEGO,10730.52,10730.52,0.0,118035.83,11.0,4000.0,472143320.0
2012,25,SINALOA,133,LOS MOCHIS,8,RUIZ CORTINEZ,17,SINALOA,24400,PAPA,100,ALPHA (Blanca),500,Tonelada,1,OTOÑO-INVIERNO,1,RIEGO,427.31,427.31,0.0,10469.09,24.5,4000.0,41876360.0
2012,25,SINALOA,133,LOS MOCHIS,8,RUIZ CORTINEZ,17,SINALOA,24800,PASTOS Y PRADERAS EN VERDE,0,,500,Tonelada,3,PERENNES,1,RIEGO,72.0,72.0,0.0,554.4,7.7,647.12,358763.33
2012,25,SINALOA,133,LOS MOCHIS,8,RUIZ CORTINEZ,17,SINALOA,30800,TOMATE ROJO (JITOMATE),800,SALADETTE,500,Tonelada,1,OTOÑO-INVIERNO,1,RIEGO,406.67,406.67,0.0,9760.0,24.0,2700.0,26352000.0
2012,25,SINALOA,133,LOS MOCHIS,8,RUIZ CORTINEZ,17,SINALOA,31000,TOMATE VERDE,0,,500,Tonelada,1,OTOÑO-INVIERNO,1,RIEGO,91.0,91.0,0.0,955.5,10.5,2400.0,2293200.0
2012,25,SINALOA,133,LOS MOCHIS,8,RUIZ CORTINEZ,17,SINALOA,31500,TRIGO GRANO,200,FUERTE,500,Tonelada,1,OTOÑO-INVIERNO,1,RIEGO,196.54,196.54,0.0,845.12,4.3,3600.0,3042432.0
2012,25,SINALOA,134,GUASAVE,1,OCORONI,17,SINALOA,800,AJONJOLÍ,0,,500,Tonelada,2,PRIMAVERA-VERANO,2,TEMPORAL,1000.0,1000.0,0.0,450.0,0.45,13000.0,5850000.0
2012,25,SINALOA,134,GUASAVE,1,OCORONI,17,SINALOA,1600,ALFALFA ACHICALADA,0,,500,Tonelada,3,PERENNES,1,RIEGO,25.0,25.0,0.0,165.0,6.6,2800.0,462000.0
2012,25,SINALOA,134,GUASAVE,1,OCORONI,17,SINALOA,1800,ALGODÓN HUESO,0,,500,Tonelada,1,OTOÑO-INVIERNO,1,RIEGO,9.5,9.5,0.0,27.55,2.9,6500.0,179075.0
2012,25,SINALOA,134,GUASAVE,1,OCORONI,17,SINALOA,5300,CACAHUATE,0,,500,Tonelada,2,PRIMAVERA-VERANO,2,TEMPORAL,35.0,35.0,0.0,38.5,1.1,8000.0,308000.0
2012,25,SINALOA,134,GUASAVE,1,OCORONI,17,SINALOA,5800,CALABACITA,200,ITALIANA (Zucchini),500,Tonelada,1,OTOÑO-INVIERNO,1,RIEGO,25.56,25.56,0.0,255.6,10.0,6000.0,1533600.0
2012,25,SINALOA,134,GUASAVE,1,OCORONI,17,SINALOA,6900,CARTAMO,0,,500,Tonelada,1,OTOÑO-INVIERNO,1,RIEGO,208.63,208.63,0.0,271.22,1.3,5400.0,1464588.0
2012,25,SINALOA,134,GUASAVE,1,OCORONI,17,SINALOA,6900,CARTAMO,0,,500,Tonelada,1,OTOÑO-INVIERNO,2,TEMPORAL,659.8,659.8,0.0,263.92,0.4,5600.0,1477952.0
2012,25,SINALOA,134,GUASAVE,1,OCORONI,17,SINALOA,11400,CHILE VERDE,1200,BELL PEPPER,500,Tonelada,1,OTOÑO-INVIERNO,1,RIEGO,382.54,382.54,0.0,11093.66,29.0,8000.0,88749280.0
2012,25,SINALOA,134,GUASAVE,1,OCORONI,17,SINALOA,12600,EJOTE,0,,500,Tonelada,1,OTOÑO-INVIERNO,1,RIEGO,70.08,70.08,0.0,504.58,7.2,5000.0,2522900.0
2012,25,SINALOA,134,GUASAVE,1,OCORONI,17,SINALOA,14200,FRIJOL,100,AZUFRADO,500,Tonelada,1,OTOÑO-INVIERNO,1,RIEGO,744.52,744.52,0.0,1042.33,1.4,16000.0,16677280.0
2012,25,SINALOA,134,GUASAVE,1,OCORONI,17,SINALOA,14700,GARBANZO GRANO,100,BLANCO,500,Tonelada,1,OTOÑO-INVIERNO,1,RIEGO,121.91,121.91,0.0,292.58,2.4,10000.0,2925800.0
2012,25,SINALOA,134,GUASAVE,1,OCORONI,17,SINALOA,19700,MAIZ GRANO,200,BLANCO,500,Tonelada,1,OTOÑO-INVIERNO,1,RIEGO,3255.72,3255.72,0.0,31906.06,9.8,4200.0,134005452.0
2012,25,SINALOA,134,GUASAVE,1,OCORONI,17,SINALOA,20300,MANDARINA,0,,500,Tonelada,3,PERENNES,1,RIEGO,20.0,0.0,20.0,0.0,0.0,0.0,0.0
2012,25,SINALOA,134,GUASAVE,1,OCORONI,17,SINALOA,20400,MANGO,300,HADEN,500,Tonelada,3,PERENNES,1,RIEGO,23.0,23.0,0.0,80.5,3.5,2000.0,161000.0
2012,25,SINALOA,134,GUASAVE,1,OCORONI,17,SINALOA,22400,NARANJA,400,VALENCIA,500,Tonelada,3,PERENNES,1,RIEGO,45.0,45.0,0.0,562.5,12.5,2000.0,1125000.0
2012,25,SINALOA,134,GUASAVE,1,OCORONI,17,SINALOA,24800,PASTOS Y PRADERAS EN VERDE,0,,500,Tonelada,3,PERENNES,1,RIEGO,15.0,15.0,0.0,285.0,19.0,750.0,213750.0
2012,25,SINALOA,134,GUASAVE,1,OCORONI,17,SINALOA,29500,SORGO GRANO,0,,500,Tonelada,1,OTOÑO-INVIERNO,1,RIEGO,23.0,23.0,0.0,112.7,4.9,3300.0,371910.0
2012,25,SINALOA,134,GUASAVE,1,OCORONI,17,SINALOA,29500,SORGO GRANO,0,,500,Tonelada,2,PRIMAVERA-VERANO,2,TEMPORAL,6800.0,6800.0,0.0,8840.0,1.3,3200.0,28288000.0
2012,25,SINALOA,134,GUASAVE,1,OCORONI,17,SINALOA,30800,TOMATE ROJO (JITOMATE),1100,BOLA,500,Tonelada,1,OTOÑO-INVIERNO,1,RIEGO,693.54,693.54,0.0,15522.81,22.38,3000.0,46568436.84
2012,25,SINALOA,134,GUASAVE,1,OCORONI,17,SINALOA,31000,TOMATE VERDE,0,,500,Tonelada,1,OTOÑO-INVIERNO,1,RIEGO,101.85,101.85,0.0,1425.9,14.0,1839.89,2623499.15
2012,25,SINALOA,134,GUASAVE,1,OCORONI,17,SINALOA,31200,TORONJA (POMELO),0,,500,Tonelada,3,PERENNES,1,RIEGO,20.0,0.0,20.0,0.0,0.0,0.0,0.0
2012,25,SINALOA,134,GUASAVE,1,OCORONI,17,SINALOA,31500,TRIGO GRANO,400,SUAVE,500,Tonelada,1,OTOÑO-INVIERNO,1,RIEGO,56.84,56.84,0.0,215.99,3.8,4400.0,950356.0
2012,25,SINALOA,134,GUASAVE,2,SINALOA DE LEYVA,17,SINALOA,800,AJONJOLÍ,0,,500,Tonelada,2,PRIMAVERA-VERANO,2,TEMPORAL,1427.17,1427.17,0.0,713.59,0.5,13000.0,9276670.0
2012,25,SINALOA,134,GUASAVE,2,SINALOA DE LEYVA,17,SINALOA,1600,ALFALFA ACHICALADA,0,,500,Tonelada,3,PERENNES,1,RIEGO,130.0,130.0,0.0,751.53,5.78,2800.0,2104284.0
2012,25,SINALOA,134,GUASAVE,2,SINALOA DE LEYVA,17,SINALOA,5300,CACAHUATE,0,,500,Tonelada,2,PRIMAVERA-VERANO,2,TEMPORAL,505.02,505.02,0.0,505.02,1.0,8000.0,4040160.0
2012,25,SINALOA,134,GUASAVE,2,SINALOA DE LEYVA,17,SINALOA,6900,CARTAMO,0,,500,Tonelada,1,OTOÑO-INVIERNO,1,RIEGO,7251.14,7251.14,0.0,11601.82,1.6,5550.0,64390101.0
2012,25,SINALOA,134,GUASAVE,2,SINALOA DE LEYVA,17,SINALOA,6900,CARTAMO,0,,500,Tonelada,1,OTOÑO-INVIERNO,2,TEMPORAL,11480.28,11480.28,0.0,4477.31,0.39,5600.0,25072936.0
2012,25,SINALOA,134,GUASAVE,2,SINALOA DE LEYVA,17,SINALOA,11400,CHILE VERDE,1200,BELL PEPPER,500,Tonelada,1,OTOÑO-INVIERNO,1,RIEGO,24.5,24.5,0.0,735.0,30.0,8000.0,5880000.0
2012,25,SINALOA,134,GUASAVE,2,SINALOA DE LEYVA,17,SINALOA,12600,EJOTE,0,,500,Tonelada,1,OTOÑO-INVIERNO,1,RIEGO,4.0,4.0,0.0,28.8,7.2,5800.0,167040.0
2012,25,SINALOA,134,GUASAVE,2,SINALOA DE LEYVA,17,SINALOA,14200,FRIJOL,100,AZUFRADO,500,Tonelada,1,OTOÑO-INVIERNO,1,RIEGO,1027.01,1017.01,10.0,1423.81,1.4,16000.0,22780960.0
2012,25,SINALOA,134,GUASAVE,2,SINALOA DE LEYVA,17,SINALOA,14200,FRIJOL,100,AZUFRADO,500,Tonelada,1,OTOÑO-INVIERNO,2,TEMPORAL,20.96,20.96,0.0,6.29,0.3,15000.0,94350.0
2012,25,SINALOA,134,GUASAVE,2,SINALOA DE LEYVA,17,SINALOA,14700,GARBANZO GRANO,100,BLANCO,500,Tonelada,1,OTOÑO-INVIERNO,1,RIEGO,2257.91,2257.91,0.0,5057.72,2.24,10000.0,50577184.0
2012,25,SINALOA,134,GUASAVE,2,SINALOA DE LEYVA,17,SINALOA,14700,GARBANZO GRANO,100,BLANCO,500,Tonelada,1,OTOÑO-INVIERNO,2,TEMPORAL,174.86,174.86,0.0,157.37,0.9,14200.0,2234654.0
2012,25,SINALOA,134,GUASAVE,2,SINALOA DE LEYVA,17,SINALOA,19700,MAIZ GRANO,200,BLANCO,500,Tonelada,1,OTOÑO-INVIERNO,1,RIEGO,2174.44,2167.44,7.0,20807.42,9.6,4200.0,87391164.0
2012,25,SINALOA,134,GUASAVE,2,SINALOA DE LEYVA,17,SINALOA,19700,MAIZ GRANO,200,BLANCO,500,Tonelada,1,OTOÑO-INVIERNO,2,TEMPORAL,66.35,66.35,0.0,152.6,2.3,4200.0,640920.0
2012,25,SINALOA,134,GUASAVE,2,SINALOA DE LEYVA,17,SINALOA,20300,MANDARINA,0,,500,Tonelada,3,PERENNES,1,RIEGO,3.0,0.0,3.0,0.0,0.0,0.0,0.0
2012,25,SINALOA,134,GUASAVE,2,SINALOA DE LEYVA,17,SINALOA,20400,MANGO,500,KENT,500,Tonelada,3,PERENNES,1,RIEGO,9.0,9.0,0.0,35.1,3.9,2000.0,70200.0
2012,25,SINALOA,134,GUASAVE,2,SINALOA DE LEYVA,17,SINALOA,22400,NARANJA,400,VALENCIA,500,Tonelada,3,PERENNES,1,RIEGO,28.0,28.0,0.0,364.0,13.0,2000.0,728000.0
2012,25,SINALOA,134,GUASAVE,2,SINALOA DE LEYVA,17,SINALOA,24800,PASTOS Y PRADERAS EN VERDE,0,,500,Tonelada,3,PERENNES,1,RIEGO,130.0,130.0,0.0,2618.85,20.15,540.0,1414179.0
2012,25,SINALOA,134,GUASAVE,2,SINALOA DE LEYVA,17,SINALOA,28700,SANDIA,300,VERDE (JUBILIE),500,Tonelada,1,OTOÑO-INVIERNO,1,RIEGO,21.56,21.56,0.0,41.4,1.92,3500.0,144900.0
2012,25,SINALOA,134,GUASAVE,2,SINALOA DE LEYVA,17,SINALOA,29500,SORGO GRANO,0,,500,Tonelada,1,OTOÑO-INVIERNO,1,RIEGO,526.21,526.21,0.0,2631.05,5.0,3300.0,8682465.0
2012,25,SINALOA,134,GUASAVE,2,SINALOA DE LEYVA,17,SINALOA,29500,SORGO GRANO,0,,500,Tonelada,1,OTOÑO-INVIERNO,2,TEMPORAL,24.0,24.0,0.0,48.0,2.0,3300.0,158400.0
2012,25,SINALOA,134,GUASAVE,2,SINALOA DE LEYVA,17,SINALOA,29500,SORGO GRANO,0,,500,Tonelada,2,PRIMAVERA-VERANO,2,TEMPORAL,7300.0,7300.0,0.0,10950.0,1.5,3200.0,35040000.0
2012,25,SINALOA,134,GUASAVE,2,SINALOA DE LEYVA,17,SINALOA,30800,TOMATE ROJO (JITOMATE),800,SALADETTE,500,Tonelada,1,OTOÑO-INVIERNO,1,RIEGO,321.71,321.71,0.0,6112.49,19.0,3000.0,18337470.0
2012,25,SINALOA,134,GUASAVE,2,SINALOA DE LEYVA,17,SINALOA,31000,TOMATE VERDE,0,,500,Tonelada,1,OTOÑO-INVIERNO,1,RIEGO,8.0,8.0,0.0,232.0,29.0,2000.0,464000.0
2012,25,SINALOA,134,GUASAVE,2,SINALOA DE LEYVA,17,SINALOA,31500,TRIGO GRANO,400,SUAVE,500,Tonelada,1,OTOÑO-INVIERNO,1,RIEGO,694.79,694.79,0.0,2431.77,3.5,4400.0,10699788.0
2012,25,SINALOA,134,GUASAVE,2,SINALOA DE LEYVA,17,SINALOA,31500,TRIGO GRANO,400,SUAVE,500,Tonelada,1,OTOÑO-INVIERNO,2,TEMPORAL,157.34,157.34,0.0,157.34,1.0,4400.0,692296.0
2012,25,SINALOA,134,GUASAVE,2,SINALOA DE LEYVA,17,SINALOA,32250,VARIOS,0,,500,Tonelada,1,OTOÑO-INVIERNO,2,TEMPORAL,6.1,6.1,0.0,12.2,2.0,2000.0,24400.0
2012,25,SINALOA,134,GUASAVE,4,LA TRINIDAD,11,GUASAVE,1600,ALFALFA ACHICALADA,0,,500,Tonelada,3,PERENNES,1,RIEGO,250.0,250.0,0.0,1525.0,6.1,2296.0,3501400.0
2012,25,SINALOA,134,GUASAVE,4,LA TRINIDAD,11,GUASAVE,1800,ALGODÓN HUESO,0,,500,Tonelada,1,OTOÑO-INVIERNO,1,RIEGO,148.09,148.09,0.0,444.27,3.0,7000.0,3109890.0
2012,25,SINALOA,134,GUASAVE,4,LA TRINIDAD,11,GUASAVE,5800,CALABACITA,200,ITALIANA (Zucchini),500,Tonelada,1,OTOÑO-INVIERNO,1,RIEGO,47.19,47.19,0.0,471.9,10.0,6000.0,2831400.0
2012,25,SINALOA,134,GUASAVE,4,LA TRINIDAD,11,GUASAVE,6900,CARTAMO,0,,500,Tonelada,1,OTOÑO-INVIERNO,1,RIEGO,3523.67,3523.67,0.0,5990.24,1.7,5700.0,34144368.0
2012,25,SINALOA,134,GUASAVE,4,LA TRINIDAD,11,GUASAVE,7400,CEBOLLA,100,BLANCA,500,Tonelada,1,OTOÑO-INVIERNO,1,RIEGO,26.38,26.38,0.0,395.7,15.0,6000.0,2374200.0
2012,25,SINALOA,134,GUASAVE,4,LA TRINIDAD,11,GUASAVE,11400,CHILE VERDE,1200,BELL PEPPER,500,Tonelada,1,OTOÑO-INVIERNO,1,RIEGO,24.04,24.04,0.0,697.16,29.0,8000.0,5577280.0
2012,25,SINALOA,134,GUASAVE,4,LA TRINIDAD,11,GUASAVE,12600,EJOTE,0,,500,Tonelada,1,OTOÑO-INVIERNO,1,RIEGO,18.66,0.0,18.66,0.0,0.0,0.0,0.0
2012,25,SINALOA,134,GUASAVE,4,LA TRINIDAD,11,GUASAVE,14200,FRIJOL,100,AZUFRADO,500,Tonelada,1,OTOÑO-INVIERNO,1,RIEGO,1498.9,1498.9,0.0,1798.68,1.2,16000.0,28778880.0
2012,25,SINALOA,134,GUASAVE,4,LA TRINIDAD,11,GUASAVE,14200,FRIJOL,500,MAYOCOBA,500,Tonelada,1,OTOÑO-INVIERNO,1,RIEGO,1294.8,1285.8,9.0,1671.54,1.3,16000.0,26744640.0
2012,25,SINALOA,134,GUASAVE,4,LA TRINIDAD,11,GUASAVE,14700,GARBANZO GRANO,100,BLANCO,500,Tonelada,1,OTOÑO-INVIERNO,1,RIEGO,2681.81,2681.81,0.0,6436.34,2.4,10000.0,64363400.0
2012,25,SINALOA,134,GUASAVE,4,LA TRINIDAD,11,GUASAVE,19000,LIMON,100,AGRIO (MEXICANO),500,Tonelada,3,PERENNES,1,RIEGO,25.0,0.0,25.0,0.0,0.0,0.0,0.0
2012,25,SINALOA,134,GUASAVE,4,LA TRINIDAD,11,GUASAVE,19700,MAIZ GRANO,200,BLANCO,500,Tonelada,1,OTOÑO-INVIERNO,1,RIEGO,2742.13,2738.13,4.0,27408.99,10.01,4200.0,115117758.0
2012,25,SINALOA,134,GUASAVE,4,LA TRINIDAD,11,GUASAVE,20300,MANDARINA,0,,500,Tonelada,3,PERENNES,1,RIEGO,77.0,0.0,77.0,0.0,0.0,0.0,0.0
2012,25,SINALOA,134,GUASAVE,4,LA TRINIDAD,11,GUASAVE,20400,MANGO,500,KENT,500,Tonelada,3,PERENNES,1,RIEGO,60.0,60.0,0.0,240.0,4.0,2000.0,480000.0
2012,25,SINALOA,134,GUASAVE,4,LA TRINIDAD,11,GUASAVE,24400,PAPA,100,ALPHA (Blanca),500,Tonelada,1,OTOÑO-INVIERNO,1,RIEGO,10.0,10.0,0.0,340.0,34.0,5000.0,1700000.0
2012,25,SINALOA,134,GUASAVE,4,LA TRINIDAD,11,GUASAVE,24800,PASTOS Y PRADERAS EN VERDE,0,,500,Tonelada,3,PERENNES,1,RIEGO,75.0,75.0,0.0,1650.0,22.0,810.0,1336500.0
2012,25,SINALOA,134,GUASAVE,4,LA TRINIDAD,11,GUASAVE,24900,PEPINO,200,CHINO,500,Tonelada,1,OTOÑO-INVIERNO,1,RIEGO,13.89,13.89,0.0,791.73,57.0,5000.0,3958650.0
2012,25,SINALOA,134,GUASAVE,4,LA TRINIDAD,11,GUASAVE,29500,SORGO GRANO,0,,500,Tonelada,1,OTOÑO-INVIERNO,1,RIEGO,1124.48,1124.48,0.0,5959.74,5.3,3300.0,19667142.0
2012,25,SINALOA,134,GUASAVE,4,LA TRINIDAD,11,GUASAVE,30800,TOMATE ROJO (JITOMATE),300,EXPORTACION,500,Tonelada,1,OTOÑO-INVIERNO,1,RIEGO,149.84,149.84,0.0,2996.8,20.0,3000.0,8990400.0
2012,25,SINALOA,134,GUASAVE,4,LA TRINIDAD,11,GUASAVE,30800,TOMATE ROJO (JITOMATE),800,SALADETTE,500,Tonelada,1,OTOÑO-INVIERNO,1,RIEGO,34.01,34.01,0.0,476.14,14.0,2000.0,952280.0
2012,25,SINALOA,134,GUASAVE,4,LA TRINIDAD,11,GUASAVE,31200,TORONJA (POMELO),0,,500,Tonelada,3,PERENNES,1,RIEGO,127.0,0.0,127.0,0.0,0.0,0.0,0.0
2012,25,SINALOA,134,GUASAVE,4,LA TRINIDAD,11,GUASAVE,31500,TRIGO GRANO,400,SUAVE,500,Tonelada,1,OTOÑO-INVIERNO,1,RIEGO,16.96,16.96,0.0,50.88,3.0,4400.0,223872.0
2012,25,SINALOA,134,GUASAVE,4,LA TRINIDAD,17,SINALOA,1600,ALFALFA ACHICALADA,0,,500,Tonelada,3,PERENNES,1,RIEGO,90.0,90.0,0.0,531.0,5.9,2488.89,1321600.59
2012,25,SINALOA,134,GUASAVE,4,LA TRINIDAD,17,SINALOA,1800,ALGODÓN HUESO,0,,500,Tonelada,1,OTOÑO-INVIERNO,1,RIEGO,277.93,277.93,0.0,833.79,3.0,7500.0,6253425.0
2012,25,SINALOA,134,GUASAVE,4,LA TRINIDAD,17,SINALOA,5800,CALABACITA,200,ITALIANA (Zucchini),500,Tonelada,1,OTOÑO-INVIERNO,1,RIEGO,2.5,2.5,0.0,25.0,10.0,6000.0,150000.0
2012,25,SINALOA,134,GUASAVE,4,LA TRINIDAD,17,SINALOA,6900,CARTAMO,0,,500,Tonelada,1,OTOÑO-INVIERNO,1,RIEGO,8468.05,8468.05,0.0,15327.17,1.81,5600.0,85832154.8
2012,25,SINALOA,134,GUASAVE,4,LA TRINIDAD,17,SINALOA,6900,CARTAMO,0,,500,Tonelada,1,OTOÑO-INVIERNO,2,TEMPORAL,1055.67,1055.67,0.0,369.48,0.35,4982.92,1841089.28
2012,25,SINALOA,134,GUASAVE,4,LA TRINIDAD,17,SINALOA,7400,CEBOLLA,100,BLANCA,500,Tonelada,1,OTOÑO-INVIERNO,1,RIEGO,7.18,7.18,0.0,111.29,15.5,6000.0,667740.0
2012,25,SINALOA,134,GUASAVE,4,LA TRINIDAD,17,SINALOA,11400,CHILE VERDE,1200,BELL PEPPER,500,Tonelada,1,OTOÑO-INVIERNO,1,RIEGO,19.94,19.94,0.0,797.6,40.0,5000.0,3988000.0
2012,25,SINALOA,134,GUASAVE,4,LA TRINIDAD,17,SINALOA,12600,EJOTE,0,,500,Tonelada,1,OTOÑO-INVIERNO,1,RIEGO,245.28,225.28,20.0,1644.54,7.3,5500.0,9044970.0
2012,25,SINALOA,134,GUASAVE,4,LA TRINIDAD,17,SINALOA,14200,FRIJOL,100,AZUFRADO,500,Tonelada,1,OTOÑO-INVIERNO,1,RIEGO,1327.0,1327.0,0.0,1857.8,1.4,16000.0,29724800.0
2012,25,SINALOA,134,GUASAVE,4,LA TRINIDAD,17,SINALOA,14200,FRIJOL,500,MAYOCOBA,500,Tonelada,1,OTOÑO-INVIERNO,1,RIEGO,885.0,764.55,120.45,917.46,1.2,16000.0,14679360.0
2012,25,SINALOA,134,GUASAVE,4,LA TRINIDAD,17,SINALOA,14700,GARBANZO GRANO,100,BLANCO,500,Tonelada,1,OTOÑO-INVIERNO,1,RIEGO,10276.38,10276.38,0.0,25690.95,2.5,10000.0,256909500.0
2012,25,SINALOA,134,GUASAVE,4,LA TRINIDAD,17,SINALOA,19000,LIMON,100,AGRIO (MEXICANO),500,Tonelada,3,PERENNES,1,RIEGO,20.0,0.0,20.0,0.0,0.0,0.0,0.0
2012,25,SINALOA,134,GUASAVE,4,LA TRINIDAD,17,SINALOA,19700,MAIZ GRANO,100,AMARILLO,500,Tonelada,1,OTOÑO-INVIERNO,1,RIEGO,119.57,0.0,119.57,0.0,0.0,0.0,0.0
2012,25,SINALOA,134,GUASAVE,4,LA TRINIDAD,17,SINALOA,19700,MAIZ GRANO,200,BLANCO,500,Tonelada,1,OTOÑO-INVIERNO,1,RIEGO,4348.72,4233.72,115.0,42337.2,10.0,4200.0,177816240.0
2012,25,SINALOA,134,GUASAVE,4,LA TRINIDAD,17,SINALOA,20400,MANGO,300,HADEN,500,Tonelada,3,PERENNES,1,RIEGO,35.0,35.0,0.0,133.0,3.8,2000.0,266000.0
2012,25,SINALOA,134,GUASAVE,4,LA TRINIDAD,17,SINALOA,24400,PAPA,100,ALPHA (Blanca),500,Tonelada,1,OTOÑO-INVIERNO,1,RIEGO,20.0,20.0,0.0,680.0,34.0,5000.0,3400000.0
2012,25,SINALOA,134,GUASAVE,4,LA TRINIDAD,17,SINALOA,29500,SORGO GRANO,0,,500,Tonelada,1,OTOÑO-INVIERNO,1,RIEGO,888.94,888.94,0.0,4444.7,5.0,3300.0,14667510.0
2012,25,SINALOA,134,GUASAVE,4,LA TRINIDAD,17,SINALOA,30800,TOMATE ROJO (JITOMATE),800,SALADETTE,500,Tonelada,1,OTOÑO-INVIERNO,1,RIEGO,163.04,142.54,20.5,3673.02,25.77,3000.0,11019060.0
2012,25,SINALOA,134,GUASAVE,4,LA TRINIDAD,17,SINALOA,31000,TOMATE VERDE,0,,500,Tonelada,1,OTOÑO-INVIERNO,1,RIEGO,41.82,41.82,0.0,564.57,13.5,2000.0,1129140.0
2012,25,SINALOA,134,GUASAVE,4,LA TRINIDAD,17,SINALOA,31500,TRIGO GRANO,400,SUAVE,500,Tonelada,1,OTOÑO-INVIERNO,1,RIEGO,609.09,609.09,0.0,1827.27,3.0,4400.0,8039988.0
2012,25,SINALOA,134,GUASAVE,5,EL BURRION,11,GUASAVE,1600,ALFALFA ACHICALADA,0,,500,Tonelada,3,PERENNES,1,RIEGO,500.0,500.0,0.0,3250.0,6.5,2800.0,9100000.0
2012,25,SINALOA,134,GUASAVE,5,EL BURRION,11,GUASAVE,1800,ALGODÓN HUESO,0,,500,Tonelada,1,OTOÑO-INVIERNO,1,RIEGO,4.0,4.0,0.0,8.0,2.0,6000.0,48000.0
2012,25,SINALOA,134,GUASAVE,5,EL BURRION,11,GUASAVE,5800,CALABACITA,200,ITALIANA (Zucchini),500,Tonelada,1,OTOÑO-INVIERNO,1,RIEGO,127.69,127.69,0.0,2032.0,15.91,6000.0,12192000.0
2012,25,SINALOA,134,GUASAVE,5,EL BURRION,11,GUASAVE,6900,CARTAMO,0,,500,Tonelada,1,OTOÑO-INVIERNO,1,RIEGO,4004.84,4004.84,0.0,8810.65,2.2,6000.0,52863900.0
2012,25,SINALOA,134,GUASAVE,5,EL BURRION,11,GUASAVE,6900,CARTAMO,0,,500,Tonelada,2,PRIMAVERA-VERANO,1,RIEGO,53.0,53.0,0.0,95.4,1.8,5600.0,534240.0
2012,25,SINALOA,134,GUASAVE,5,EL BURRION,11,GUASAVE,7400,CEBOLLA,100,BLANCA,500,Tonelada,1,OTOÑO-INVIERNO,1,RIEGO,4.0,4.0,0.0,64.0,16.0,6000.0,384000.0
2012,25,SINALOA,134,GUASAVE,5,EL BURRION,11,GUASAVE,11400,CHILE VERDE,200,JALAPEÑO,500,Tonelada,1,OTOÑO-INVIERNO,1,RIEGO,5.0,5.0,0.0,175.0,35.0,5000.0,875000.0
2012,25,SINALOA,134,GUASAVE,5,EL BURRION,11,GUASAVE,11400,CHILE VERDE,900,SERRANO,500,Tonelada,1,OTOÑO-INVIERNO,1,RIEGO,18.0,18.0,0.0,648.0,36.0,5300.0,3434400.0
2012,25,SINALOA,134,GUASAVE,5,EL BURRION,11,GUASAVE,11400,CHILE VERDE,1200,BELL PEPPER,500,Tonelada,1,OTOÑO-INVIERNO,1,RIEGO,24.5,24.5,0.0,808.5,33.0,5500.0,4446750.0
2012,25,SINALOA,134,GUASAVE,5,EL BURRION,11,GUASAVE,11400,CHILE VERDE,1300,ANAHEIM,500,Tonelada,1,OTOÑO-INVIERNO,1,RIEGO,39.45,39.45,0.0,1262.4,32.0,5000.0,6312000.0
2012,25,SINALOA,134,GUASAVE,5,EL BURRION,11,GUASAVE,11400,CHILE VERDE,3600,BELL PEPPER MALLA SOMBRA,500,Tonelada,1,OTOÑO-INVIERNO,1,RIEGO,25.0,25.0,0.0,1250.0,50.0,6000.0,7500000.0
2012,25,SINALOA,134,GUASAVE,5,EL BURRION,11,GUASAVE,12600,EJOTE,0,,500,Tonelada,1,OTOÑO-INVIERNO,1,RIEGO,675.49,625.49,50.0,4691.18,7.5,7000.0,32838260.0
2012,25,SINALOA,134,GUASAVE,5,EL BURRION,11,GUASAVE,14200,FRIJOL,100,AZUFRADO,500,Tonelada,1,OTOÑO-INVIERNO,1,RIEGO,5695.03,5565.03,130.0,6678.04,1.2,16000.0,106848640.0
2012,25,SINALOA,134,GUASAVE,5,EL BURRION,11,GUASAVE,14700,GARBANZO GRANO,100,BLANCO,500,Tonelada,1,OTOÑO-INVIERNO,1,RIEGO,20631.11,20631.11,0.0,51577.78,2.5,10000.0,515777800.0
2012,25,SINALOA,134,GUASAVE,5,EL BURRION,11,GUASAVE,19000,LIMON,100,AGRIO (MEXICANO),500,Tonelada,3,PERENNES,1,RIEGO,20.0,20.0,0.0,160.0,8.0,2500.0,400000.0
2012,25,SINALOA,134,GUASAVE,5,EL BURRION,11,GUASAVE,19700,MAIZ GRANO,200,BLANCO,500,Tonelada,1,OTOÑO-INVIERNO,1,RIEGO,10954.36,10820.36,134.0,113613.78,10.5,4000.0,454455120.0
2012,25,SINALOA,134,GUASAVE,5,EL BURRION,11,GUASAVE,19700,MAIZ GRANO,200,BLANCO,500,Tonelada,2,PRIMAVERA-VERANO,1,RIEGO,235.0,235.0,0.0,2115.0,9.0,3160.0,6683400.0
2012,25,SINALOA,134,GUASAVE,5,EL BURRION,11,GUASAVE,20400,MANGO,500,KENT,500,Tonelada,3,PERENNES,1,RIEGO,70.0,70.0,0.0,245.0,3.5,2000.0,490000.0
2012,25,SINALOA,134,GUASAVE,5,EL BURRION,11,GUASAVE,22400,NARANJA,400,VALENCIA,500,Tonelada,3,PERENNES,1,RIEGO,40.0,40.0,0.0,480.0,12.0,2000.0,960000.0
2012,25,SINALOA,134,GUASAVE,5,EL BURRION,11,GUASAVE,24400,PAPA,100,ALPHA (Blanca),500,Tonelada,1,OTOÑO-INVIERNO,1,RIEGO,1690.92,1690.92,0.0,59182.2,35.0,5000.0,295911000.0
2012,25,SINALOA,134,GUASAVE,5,EL BURRION,11,GUASAVE,24800,PASTOS Y PRADERAS EN VERDE,0,,500,Tonelada,3,PERENNES,1,RIEGO,40.0,40.0,0.0,880.0,22.0,470.0,413600.0
2012,25,SINALOA,134,GUASAVE,5,EL BURRION,11,GUASAVE,24900,PEPINO,200,CHINO,500,Tonelada,1,OTOÑO-INVIERNO,1,RIEGO,71.66,71.66,0.0,5016.2,70.0,3700.0,18559940.0
2012,25,SINALOA,134,GUASAVE,5,EL BURRION,11,GUASAVE,29500,SORGO GRANO,0,,500,Tonelada,1,OTOÑO-INVIERNO,1,RIEGO,1344.68,1344.68,0.0,7664.68,5.7,3300.0,25293444.0
2012,25,SINALOA,134,GUASAVE,5,EL BURRION,11,GUASAVE,29500,SORGO GRANO,0,,500,Tonelada,2,PRIMAVERA-VERANO,1,RIEGO,730.0,730.0,0.0,3650.0,5.0,3300.0,12045000.0
2012,25,SINALOA,134,GUASAVE,5,EL BURRION,11,GUASAVE,30800,TOMATE ROJO (JITOMATE),800,SALADETTE,500,Tonelada,1,OTOÑO-INVIERNO,1,RIEGO,436.16,436.16,0.0,8723.2,20.0,2500.0,21808000.0
2012,25,SINALOA,134,GUASAVE,5,EL BURRION,11,GUASAVE,31000,TOMATE VERDE,0,,500,Tonelada,1,OTOÑO-INVIERNO,1,RIEGO,174.71,174.71,0.0,2795.36,16.0,2000.0,5590720.0
2012,25,SINALOA,134,GUASAVE,5,EL BURRION,11,GUASAVE,31200,TORONJA (POMELO),0,,500,Tonelada,3,PERENNES,1,RIEGO,25.0,0.0,25.0,0.0,0.0,0.0,0.0
2012,25,SINALOA,134,GUASAVE,5,EL BURRION,11,GUASAVE,31500,TRIGO GRANO,400,SUAVE,500,Tonelada,1,OTOÑO-INVIERNO,1,RIEGO,166.0,166.0,0.0,581.0,3.5,4400.0,2556400.0
2012,25,SINALOA,134,GUASAVE,5,EL BURRION,17,SINALOA,1600,ALFALFA ACHICALADA,0,,500,Tonelada,3,PERENNES,1,RIEGO,10.0,10.0,0.0,67.0,6.7,2750.0,184250.0
2012,25,SINALOA,134,GUASAVE,5,EL BURRION,17,SINALOA,6900,CARTAMO,0,,500,Tonelada,1,OTOÑO-INVIERNO,1,RIEGO,2084.93,2084.93,0.0,3335.89,1.6,5800.0,19348162.0
2012,25,SINALOA,134,GUASAVE,5,EL BURRION,17,SINALOA,7400,CEBOLLA,100,BLANCA,500,Tonelada,1,OTOÑO-INVIERNO,1,RIEGO,33.0,33.0,0.0,462.0,14.0,6000.0,2772000.0
2012,25,SINALOA,134,GUASAVE,5,EL BURRION,17,SINALOA,11400,CHILE VERDE,1200,BELL PEPPER,500,Tonelada,1,OTOÑO-INVIERNO,1,RIEGO,45.0,45.0,0.0,1440.0,32.0,8000.0,11520000.0
2012,25,SINALOA,134,GUASAVE,5,EL BURRION,17,SINALOA,12600,EJOTE,0,,500,Tonelada,1,OTOÑO-INVIERNO,1,RIEGO,36.36,6.36,30.0,47.7,7.5,5500.0,262350.0
2012,25,SINALOA,134,GUASAVE,5,EL BURRION,17,SINALOA,14200,FRIJOL,100,AZUFRADO,500,Tonelada,1,OTOÑO-INVIERNO,1,RIEGO,232.57,51.47,181.1,72.06,1.4,16000.0,1152960.0
2012,25,SINALOA,134,GUASAVE,5,EL BURRION,17,SINALOA,14700,GARBANZO GRANO,100,BLANCO,500,Tonelada,1,OTOÑO-INVIERNO,1,RIEGO,4916.66,4916.66,0.0,11799.98,2.4,10000.0,117999800.0
2012,25,SINALOA,134,GUASAVE,5,EL BURRION,17,SINALOA,19000,LIMON,100,AGRIO (MEXICANO),500,Tonelada,3,PERENNES,1,RIEGO,10.0,10.0,0.0,80.0,8.0,2500.0,200000.0
2012,25,SINALOA,134,GUASAVE,5,EL BURRION,17,SINALOA,19700,MAIZ GRANO,200,BLANCO,500,Tonelada,1,OTOÑO-INVIERNO,1,RIEGO,796.89,296.89,500.0,2968.9,10.0,4200.0,12469380.0
2012,25,SINALOA,134,GUASAVE,5,EL BURRION,17,SINALOA,19700,MAIZ GRANO,200,BLANCO,500,Tonelada,2,PRIMAVERA-VERANO,1,RIEGO,51.0,51.0,0.0,459.0,9.0,4200.0,1927800.0
2012,25,SINALOA,134,GUASAVE,5,EL BURRION,17,SINALOA,20300,MANDARINA,0,,500,Tonelada,3,PERENNES,1,RIEGO,20.0,0.0,20.0,0.0,0.0,0.0,0.0
2012,25,SINALOA,134,GUASAVE,5,EL BURRION,17,SINALOA,20400,MANGO,300,HADEN,500,Tonelada,3,PERENNES,1,RIEGO,30.0,30.0,0.0,120.0,4.0,2000.0,240000.0
2012,25,SINALOA,134,GUASAVE,5,EL BURRION,17,SINALOA,24800,PASTOS Y PRADERAS EN VERDE,0,,500,Tonelada,3,PERENNES,1,RIEGO,10.0,10.0,0.0,215.0,21.5,520.0,111800.0
2012,25,SINALOA,134,GUASAVE,5,EL BURRION,17,SINALOA,29500,SORGO GRANO,0,,500,Tonelada,1,OTOÑO-INVIERNO,1,RIEGO,62.89,62.89,0.0,345.9,5.5,3300.0,1141470.0
2012,25,SINALOA,134,GUASAVE,5,EL BURRION,17,SINALOA,29500,SORGO GRANO,0,,500,Tonelada,2,PRIMAVERA-VERANO,1,RIEGO,250.0,250.0,0.0,1225.0,4.9,3300.0,4042500.0
2012,25,SINALOA,134,GUASAVE,5,EL BURRION,17,SINALOA,30800,TOMATE ROJO (JITOMATE),800,SALADETTE,500,Tonelada,1,OTOÑO-INVIERNO,1,RIEGO,122.7,29.7,93.0,594.0,20.0,3000.0,1782000.0
2012,25,SINALOA,134,GUASAVE,5,EL BURRION,17,SINALOA,31000,TOMATE VERDE,0,,500,Tonelada,1,OTOÑO-INVIERNO,1,RIEGO,15.0,15.0,0.0,210.0,14.0,2000.0,420000.0
2012,25,SINALOA,134,GUASAVE,5,EL BURRION,17,SINALOA,31200,TORONJA (POMELO),0,,500,Tonelada,3,PERENNES,1,RIEGO,10.0,0.0,10.0,0.0,0.0,0.0,0.0
2012,25,SINALOA,134,GUASAVE,6,PETATLAN,11,GUASAVE,1600,ALFALFA ACHICALADA,0,,500,Tonelada,3,PERENNES,1,RIEGO,382.63,382.63,0.0,2257.52,5.9,2800.0,6321056.0
2012,25,SINALOA,134,GUASAVE,6,PETATLAN,11,GUASAVE,1800,ALGODÓN HUESO,0,,500,Tonelada,1,OTOÑO-INVIERNO,1,RIEGO,95.15,95.15,0.0,294.97,3.1,6000.0,1769820.0
2012,25,SINALOA,134,GUASAVE,6,PETATLAN,11,GUASAVE,5800,CALABACITA,200,ITALIANA (Zucchini),500,Tonelada,1,OTOÑO-INVIERNO,1,RIEGO,146.03,146.03,0.0,1460.3,10.0,6000.0,8761800.0
2012,25,SINALOA,134,GUASAVE,6,PETATLAN,11,GUASAVE,6900,CARTAMO,0,,500,Tonelada,1,OTOÑO-INVIERNO,1,RIEGO,3.08,3.08,0.0,4.62,1.5,5500.0,25410.0
2012,25,SINALOA,134,GUASAVE,6,PETATLAN,11,GUASAVE,11400,CHILE VERDE,200,JALAPEÑO,500,Tonelada,1,OTOÑO-INVIERNO,1,RIEGO,5.0,5.0,0.0,175.0,35.0,7300.0,1277500.0
2012,25,SINALOA,134,GUASAVE,6,PETATLAN,11,GUASAVE,11400,CHILE VERDE,900,SERRANO,500,Tonelada,1,OTOÑO-INVIERNO,1,RIEGO,4.0,4.0,0.0,112.0,28.0,7000.0,784000.0
2012,25,SINALOA,134,GUASAVE,6,PETATLAN,11,GUASAVE,11400,CHILE VERDE,1200,BELL PEPPER,500,Tonelada,1,OTOÑO-INVIERNO,1,RIEGO,41.0,41.0,0.0,1845.0,45.0,7000.0,12915000.0
2012,25,SINALOA,134,GUASAVE,6,PETATLAN,11,GUASAVE,11400,CHILE VERDE,1300,ANAHEIM,500,Tonelada,1,OTOÑO-INVIERNO,1,RIEGO,54.0,54.0,0.0,1890.0,35.0,6500.0,12285000.0
2012,25,SINALOA,134,GUASAVE,6,PETATLAN,11,GUASAVE,11400,CHILE VERDE,3600,BELL PEPPER MALLA SOMBRA,500,Tonelada,1,OTOÑO-INVIERNO,1,RIEGO,13.0,13.0,0.0,910.0,70.0,8000.0,7280000.0
2012,25,SINALOA,134,GUASAVE,6,PETATLAN,11,GUASAVE,14200,FRIJOL,100,AZUFRADO,500,Tonelada,1,OTOÑO-INVIERNO,1,RIEGO,3255.15,3255.15,0.0,4557.21,1.4,16000.0,72915360.0
2012,25,SINALOA,134,GUASAVE,6,PETATLAN,11,GUASAVE,19000,LIMON,100,AGRIO (MEXICANO),500,Tonelada,3,PERENNES,1,RIEGO,25.0,0.0,25.0,0.0,0.0,0.0,0.0
2012,25,SINALOA,134,GUASAVE,6,PETATLAN,11,GUASAVE,19700,MAIZ GRANO,200,BLANCO,500,Tonelada,1,OTOÑO-INVIERNO,1,RIEGO,33486.25,33486.25,0.0,354954.25,10.6,4000.0,1419817000.0
2012,25,SINALOA,134,GUASAVE,6,PETATLAN,11,GUASAVE,19700,MAIZ GRANO,200,BLANCO,500,Tonelada,2,PRIMAVERA-VERANO,1,RIEGO,1160.39,1160.39,0.0,11023.71,9.5,3060.0,33732552.6
2012,25,SINALOA,134,GUASAVE,6,PETATLAN,11,GUASAVE,20300,MANDARINA,0,,500,Tonelada,3,PERENNES,1,RIEGO,15.0,0.0,15.0,0.0,0.0,0.0,0.0
2012,25,SINALOA,134,GUASAVE,6,PETATLAN,11,GUASAVE,20400,MANGO,500,KENT,500,Tonelada,3,PERENNES,1,RIEGO,116.0,80.0,36.0,280.0,3.5,2000.0,560000.0
2012,25,SINALOA,134,GUASAVE,6,PETATLAN,11,GUASAVE,22400,NARANJA,400,VALENCIA,500,Tonelada,3,PERENNES,1,RIEGO,20.0,20.0,0.0,276.0,13.8,2000.0,552000.0
2012,25,SINALOA,134,GUASAVE,6,PETATLAN,11,GUASAVE,24800,PASTOS Y PRADERAS EN VERDE,0,,500,Tonelada,3,PERENNES,1,RIEGO,15.0,15.0,0.0,345.0,23.0,510.0,175950.0
2012,25,SINALOA,134,GUASAVE,6,PETATLAN,11,GUASAVE,24900,PEPINO,400,MALLA SOMBRA,500,Tonelada,1,OTOÑO-INVIERNO,1,RIEGO,7.85,7.85,0.0,471.0,60.0,5000.0,2355000.0
2012,25,SINALOA,134,GUASAVE,6,PETATLAN,11,GUASAVE,28700,SANDIA,300,VERDE (JUBILIE),500,Tonelada,1,OTOÑO-INVIERNO,1,RIEGO,13.0,13.0,0.0,260.0,20.0,3500.0,910000.0
2012,25,SINALOA,134,GUASAVE,6,PETATLAN,11,GUASAVE,29500,SORGO GRANO,0,,500,Tonelada,1,OTOÑO-INVIERNO,1,RIEGO,284.94,284.94,0.0,1424.7,5.0,3300.0,4701510.0
2012,25,SINALOA,134,GUASAVE,6,PETATLAN,11,GUASAVE,29500,SORGO GRANO,0,,500,Tonelada,2,PRIMAVERA-VERANO,1,RIEGO,1243.63,1243.63,0.0,6964.33,5.6,3300.0,22982289.0
2012,25,SINALOA,134,GUASAVE,6,PETATLAN,11,GUASAVE,30800,TOMATE ROJO (JITOMATE),100,CHERRY,500,Tonelada,1,OTOÑO-INVIERNO,1,RIEGO,205.5,205.5,0.0,5548.5,27.0,6000.0,33291000.0
2012,25,SINALOA,134,GUASAVE,6,PETATLAN,11,GUASAVE,30800,TOMATE ROJO (JITOMATE),300,EXPORTACION,500,Tonelada,1,OTOÑO-INVIERNO,1,RIEGO,216.0,216.0,0.0,7560.0,35.0,2500.0,18900000.0
2012,25,SINALOA,134,GUASAVE,6,PETATLAN,11,GUASAVE,30800,TOMATE ROJO (JITOMATE),400,INDUSTRIAL,500,Tonelada,1,OTOÑO-INVIERNO,1,RIEGO,145.0,145.0,0.0,3625.0,25.0,5000.0,18125000.0
2012,25,SINALOA,134,GUASAVE,6,PETATLAN,11,GUASAVE,30800,TOMATE ROJO (JITOMATE),800,SALADETTE,500,Tonelada,1,OTOÑO-INVIERNO,1,RIEGO,172.0,172.0,0.0,6880.0,40.0,2500.0,17200000.0
2012,25,SINALOA,134,GUASAVE,6,PETATLAN,11,GUASAVE,30800,TOMATE ROJO (JITOMATE),1500,SALADETTE MALLA SOMBRA,500,Tonelada,1,OTOÑO-INVIERNO,1,RIEGO,125.0,125.0,0.0,10250.0,82.0,6500.0,66625000.0
2012,25,SINALOA,134,GUASAVE,6,PETATLAN,11,GUASAVE,31000,TOMATE VERDE,0,,500,Tonelada,1,OTOÑO-INVIERNO,1,RIEGO,83.38,83.38,0.0,1334.08,16.0,2000.0,2668160.0
2012,25,SINALOA,134,GUASAVE,6,PETATLAN,11,GUASAVE,31200,TORONJA (POMELO),0,,500,Tonelada,3,PERENNES,1,RIEGO,15.0,0.0,15.0,0.0,0.0,0.0,0.0
2012,25,SINALOA,134,GUASAVE,6,PETATLAN,11,GUASAVE,31500,TRIGO GRANO,400,SUAVE,500,Tonelada,1,OTOÑO-INVIERNO,1,RIEGO,1172.17,1172.17,0.0,4102.6,3.5,4400.0,18051440.0
2012,25,SINALOA,135,GUAMUCHIL,2,MOCORITO,13,MOCORITO,800,AJONJOLÍ,0,,500,Tonelada,2,PRIMAVERA-VERANO,2,TEMPORAL,2150.0,1800.0,350.0,1080.0,0.6,14000.0,15120000.0
2012,25,SINALOA,135,GUAMUCHIL,2,MOCORITO,13,MOCORITO,5300,CACAHUATE,0,,500,Tonelada,2,PRIMAVERA-VERANO,2,TEMPORAL,7239.0,7239.0,0.0,14137.77,1.95,8000.0,113102136.0
2012,25,SINALOA,135,GUAMUCHIL,2,MOCORITO,13,MOCORITO,6900,CARTAMO,0,,500,Tonelada,1,OTOÑO-INVIERNO,2,TEMPORAL,8295.0,8215.0,80.0,2300.2,0.28,5600.0,12881120.0
2012,25,SINALOA,135,GUAMUCHIL,2,MOCORITO,13,MOCORITO,7400,CEBOLLA,100,BLANCA,500,Tonelada,1,OTOÑO-INVIERNO,2,TEMPORAL,220.0,220.0,0.0,4400.0,20.0,4000.0,17600000.0
2012,25,SINALOA,135,GUAMUCHIL,2,MOCORITO,13,MOCORITO,11400,CHILE VERDE,1300,ANAHEIM,500,Tonelada,1,OTOÑO-INVIERNO,2,TEMPORAL,18.0,18.0,0.0,249.0,13.83,6000.0,1494000.0
2012,25,SINALOA,135,GUAMUCHIL,2,MOCORITO,13,MOCORITO,12600,EJOTE,0,,500,Tonelada,1,OTOÑO-INVIERNO,2,TEMPORAL,4.0,4.0,0.0,14.0,3.5,3000.0,42000.0
2012,25,SINALOA,135,GUAMUCHIL,2,MOCORITO,13,MOCORITO,14200,FRIJOL,100,AZUFRADO,500,Tonelada,1,OTOÑO-INVIERNO,2,TEMPORAL,322.0,194.0,128.0,58.2,0.3,15000.0,873000.0
2012,25,SINALOA,135,GUAMUCHIL,2,MOCORITO,13,MOCORITO,14700,GARBANZO GRANO,100,BLANCO,500,Tonelada,1,OTOÑO-INVIERNO,2,TEMPORAL,4740.0,4740.0,0.0,4740.0,1.0,11000.0,52140000.0
2012,25,SINALOA,135,GUAMUCHIL,2,MOCORITO,13,MOCORITO,16930,HORTALIZAS,0,,500,Tonelada,1,OTOÑO-INVIERNO,2,TEMPORAL,7.0,7.0,0.0,70.0,10.0,3500.0,245000.0
2012,25,SINALOA,135,GUAMUCHIL,2,MOCORITO,13,MOCORITO,19700,MAIZ GRANO,200,BLANCO,500,Tonelada,1,OTOÑO-INVIERNO,2,TEMPORAL,203.0,167.0,36.0,805.2,4.82,3900.0,3140280.0
2012,25,SINALOA,135,GUAMUCHIL,2,MOCORITO,13,MOCORITO,19700,MAIZ GRANO,200,BLANCO,500,Tonelada,2,PRIMAVERA-VERANO,2,TEMPORAL,2296.53,2296.53,0.0,6889.59,3.0,3160.0,21771104.4
2012,25,SINALOA,135,GUAMUCHIL,2,MOCORITO,13,MOCORITO,24800,PASTOS Y PRADERAS EN VERDE,700,SUDAN,500,Tonelada,2,PRIMAVERA-VERANO,2,TEMPORAL,10.0,10.0,0.0,70.0,7.0,700.0,49000.0
2012,25,SINALOA,135,GUAMUCHIL,2,MOCORITO,13,MOCORITO,24900,PEPINO,0,,500,Tonelada,1,OTOÑO-INVIERNO,2,TEMPORAL,25.5,25.5,0.0,459.0,18.0,5500.0,2524500.0
2012,25,SINALOA,135,GUAMUCHIL,2,MOCORITO,13,MOCORITO,28700,SANDIA,0,,500,Tonelada,2,PRIMAVERA-VERANO,2,TEMPORAL,6.0,6.0,0.0,60.0,10.0,4500.0,270000.0
2012,25,SINALOA,135,GUAMUCHIL,2,MOCORITO,13,MOCORITO,28700,SANDIA,200,CHARLESTON (GRAY),500,Tonelada,1,OTOÑO-INVIERNO,2,TEMPORAL,590.0,590.0,0.0,14750.0,25.0,3700.0,54575000.0
2012,25,SINALOA,135,GUAMUCHIL,2,MOCORITO,13,MOCORITO,29500,SORGO GRANO,0,,500,Tonelada,2,PRIMAVERA-VERANO,2,TEMPORAL,13802.04,13202.04,600.0,10957.68,0.83,3500.0,38351880.0
2012,25,SINALOA,135,GUAMUCHIL,2,MOCORITO,13,MOCORITO,30800,TOMATE ROJO (JITOMATE),800,SALADETTE,500,Tonelada,1,OTOÑO-INVIERNO,2,TEMPORAL,568.0,568.0,0.0,10224.0,18.0,2500.0,25560000.0
2012,25,SINALOA,135,GUAMUCHIL,2,MOCORITO,13,MOCORITO,31000,TOMATE VERDE,0,,500,Tonelada,1,OTOÑO-INVIERNO,2,TEMPORAL,6.0,6.0,0.0,114.0,19.0,3000.0,342000.0
2012,25,SINALOA,135,GUAMUCHIL,2,MOCORITO,13,MOCORITO,31500,TRIGO GRANO,400,SUAVE,500,Tonelada,1,OTOÑO-INVIERNO,2,TEMPORAL,55.0,55.0,0.0,209.0,3.8,3700.0,773300.0
2012,25,SINALOA,135,GUAMUCHIL,3,GUAMUCHIL,2,ANGOSTURA,1600,ALFALFA ACHICALADA,0,,500,Tonelada,3,PERENNES,1,RIEGO,312.0,156.0,156.0,893.88,5.73,2650.0,2368782.0
2012,25,SINALOA,135,GUAMUCHIL,3,GUAMUCHIL,2,ANGOSTURA,5800,CALABACITA,200,ITALIANA (Zucchini),500,Tonelada,1,OTOÑO-INVIERNO,1,RIEGO,69.0,69.0,0.0,1725.0,25.0,7000.0,12075000.0
2012,25,SINALOA,135,GUAMUCHIL,3,GUAMUCHIL,2,ANGOSTURA,6900,CARTAMO,0,,500,Tonelada,1,OTOÑO-INVIERNO,1,RIEGO,12809.0,12809.0,0.0,8902.25,0.7,5600.0,49852628.0
2012,25,SINALOA,135,GUAMUCHIL,3,GUAMUCHIL,2,ANGOSTURA,7400,CEBOLLA,100,BLANCA,500,Tonelada,1,OTOÑO-INVIERNO,1,RIEGO,5.0,5.0,0.0,150.0,30.0,4000.0,600000.0
2012,25,SINALOA,135,GUAMUCHIL,3,GUAMUCHIL,2,ANGOSTURA,11400,CHILE VERDE,800,POBLANO,500,Tonelada,1,OTOÑO-INVIERNO,1,RIEGO,9.0,9.0,0.0,180.0,20.0,6000.0,1080000.0
2012,25,SINALOA,135,GUAMUCHIL,3,GUAMUCHIL,2,ANGOSTURA,14200,FRIJOL,100,AZUFRADO,500,Tonelada,1,OTOÑO-INVIERNO,1,RIEGO,3976.44,1866.44,2110.0,2799.66,1.5,16000.0,44794560.0
2012,25,SINALOA,135,GUAMUCHIL,3,GUAMUCHIL,2,ANGOSTURA,14700,GARBANZO GRANO,100,BLANCO,500,Tonelada,1,OTOÑO-INVIERNO,1,RIEGO,2410.48,1310.48,1100.0,2358.86,1.8,8000.0,18870880.0
2012,25,SINALOA,135,GUAMUCHIL,3,GUAMUCHIL,2,ANGOSTURA,19700,MAIZ GRANO,200,BLANCO,500,Tonelada,1,OTOÑO-INVIERNO,1,RIEGO,7658.0,6818.0,840.0,64327.83,9.44,3900.0,250878537.0
2012,25,SINALOA,135,GUAMUCHIL,3,GUAMUCHIL,2,ANGOSTURA,22400,NARANJA,0,,500,Tonelada,3,PERENNES,1,RIEGO,5.0,5.0,0.0,35.0,7.0,7000.0,245000.0
2012,25,SINALOA,135,GUAMUCHIL,3,GUAMUCHIL,2,ANGOSTURA,24800,PASTOS Y PRADERAS EN VERDE,0,,500,Tonelada,3,PERENNES,1,RIEGO,18.0,18.0,0.0,72.0,4.0,677.64,48790.08
2012,25,SINALOA,135,GUAMUCHIL,3,GUAMUCHIL,2,ANGOSTURA,24900,PEPINO,200,CHINO,500,Tonelada,1,OTOÑO-INVIERNO,1,RIEGO,17.09,17.0,0.09,1020.0,60.0,5500.0,5610000.0
2012,25,SINALOA,135,GUAMUCHIL,3,GUAMUCHIL,2,ANGOSTURA,29500,SORGO GRANO,0,,500,Tonelada,1,OTOÑO-INVIERNO,1,RIEGO,2187.0,2187.0,0.0,10519.47,4.81,3900.0,41025933.0
2012,25,SINALOA,135,GUAMUCHIL,3,GUAMUCHIL,2,ANGOSTURA,31000,TOMATE VERDE,0,,500,Tonelada,1,OTOÑO-INVIERNO,1,RIEGO,31.38,31.38,0.0,313.8,10.0,3000.0,941400.0
2012,25,SINALOA,135,GUAMUCHIL,3,GUAMUCHIL,2,ANGOSTURA,31500,TRIGO GRANO,400,SUAVE,500,Tonelada,1,OTOÑO-INVIERNO,1,RIEGO,74.0,74.0,0.0,259.0,3.5,3700.0,958300.0
2012,25,SINALOA,135,GUAMUCHIL,3,GUAMUCHIL,11,GUASAVE,6900,CARTAMO,0,,500,Tonelada,1,OTOÑO-INVIERNO,1,RIEGO,2089.0,2046.8,42.2,3315.82,1.62,5600.0,18568592.0
2012,25,SINALOA,135,GUAMUCHIL,3,GUAMUCHIL,11,GUASAVE,7400,CEBOLLA,100,BLANCA,500,Tonelada,1,OTOÑO-INVIERNO,1,RIEGO,32.0,32.0,0.0,896.0,28.0,4000.0,3584000.0
2012,25,SINALOA,135,GUAMUCHIL,3,GUAMUCHIL,11,GUASAVE,11400,CHILE VERDE,200,JALAPEÑO,500,Tonelada,1,OTOÑO-INVIERNO,1,RIEGO,5.0,5.0,0.0,60.0,12.0,6000.0,360000.0
2012,25,SINALOA,135,GUAMUCHIL,3,GUAMUCHIL,11,GUASAVE,14200,FRIJOL,100,AZUFRADO,500,Tonelada,1,OTOÑO-INVIERNO,1,RIEGO,1062.0,529.0,533.0,740.6,1.4,20000.0,14812000.0
2012,25,SINALOA,135,GUAMUCHIL,3,GUAMUCHIL,11,GUASAVE,14700,GARBANZO GRANO,100,BLANCO,500,Tonelada,1,OTOÑO-INVIERNO,1,RIEGO,4272.0,3287.0,985.0,5259.2,1.6,8500.0,44703200.0
2012,25,SINALOA,135,GUAMUCHIL,3,GUAMUCHIL,11,GUASAVE,19700,MAIZ GRANO,200,BLANCO,500,Tonelada,1,OTOÑO-INVIERNO,1,RIEGO,523.0,274.0,249.0,1630.3,5.95,3900.0,6358170.0
2012,25,SINALOA,135,GUAMUCHIL,3,GUAMUCHIL,11,GUASAVE,24800,PASTOS Y PRADERAS EN VERDE,0,,500,Tonelada,3,PERENNES,1,RIEGO,39.0,39.0,0.0,468.0,12.0,721.4,337615.2
2012,25,SINALOA,135,GUAMUCHIL,3,GUAMUCHIL,11,GUASAVE,29500,SORGO GRANO,0,,500,Tonelada,1,OTOÑO-INVIERNO,1,RIEGO,1888.0,1863.0,25.0,6520.5,3.5,3900.0,25429950.0
2012,25,SINALOA,135,GUAMUCHIL,3,GUAMUCHIL,11,GUASAVE,31000,TOMATE VERDE,0,,500,Tonelada,1,OTOÑO-INVIERNO,1,RIEGO,15.0,0.0,15.0,0.0,0.0,0.0,0.0
2012,25,SINALOA,135,GUAMUCHIL,3,GUAMUCHIL,11,GUASAVE,31500,TRIGO GRANO,400,SUAVE,500,Tonelada,1,OTOÑO-INVIERNO,1,RIEGO,400.0,400.0,0.0,1720.0,4.3,3700.0,6364000.0
2012,25,SINALOA,135,GUAMUCHIL,3,GUAMUCHIL,15,SALVADOR ALVARADO,800,AJONJOLÍ,0,,500,Tonelada,2,PRIMAVERA-VERANO,2,TEMPORAL,3700.0,150.0,3550.0,60.0,0.4,14000.0,840000.0
2012,25,SINALOA,135,GUAMUCHIL,3,GUAMUCHIL,15,SALVADOR ALVARADO,5800,CALABACITA,200,ITALIANA (Zucchini),500,Tonelada,1,OTOÑO-INVIERNO,1,RIEGO,10.0,0.0,10.0,0.0,0.0,0.0,0.0
2012,25,SINALOA,135,GUAMUCHIL,3,GUAMUCHIL,15,SALVADOR ALVARADO,6900,CARTAMO,0,,500,Tonelada,1,OTOÑO-INVIERNO,1,RIEGO,4924.0,4845.9,78.1,6590.42,1.36,5600.0,36906352.0
2012,25,SINALOA,135,GUAMUCHIL,3,GUAMUCHIL,15,SALVADOR ALVARADO,6900,CARTAMO,0,,500,Tonelada,1,OTOÑO-INVIERNO,2,TEMPORAL,16752.33,16752.33,0.0,6684.18,0.4,5600.0,37431406.15
2012,25,SINALOA,135,GUAMUCHIL,3,GUAMUCHIL,15,SALVADOR ALVARADO,7400,CEBOLLA,100,BLANCA,500,Tonelada,1,OTOÑO-INVIERNO,1,RIEGO,120.0,120.0,0.0,3279.6,27.33,4000.0,13118400.0
2012,25,SINALOA,135,GUAMUCHIL,3,GUAMUCHIL,15,SALVADOR ALVARADO,14200,FRIJOL,100,AZUFRADO,500,Tonelada,1,OTOÑO-INVIERNO,1,RIEGO,1165.0,598.0,567.0,598.0,1.0,19500.0,11661000.0
2012,25,SINALOA,135,GUAMUCHIL,3,GUAMUCHIL,15,SALVADOR ALVARADO,14200,FRIJOL,100,AZUFRADO,500,Tonelada,1,OTOÑO-INVIERNO,2,TEMPORAL,30.0,30.0,0.0,9.0,0.3,16000.0,144000.0
2012,25,SINALOA,135,GUAMUCHIL,3,GUAMUCHIL,15,SALVADOR ALVARADO,14700,GARBANZO GRANO,100,BLANCO,500,Tonelada,1,OTOÑO-INVIERNO,1,RIEGO,4200.0,2248.0,1952.0,4046.4,1.8,10560.0,42729984.0
2012,25,SINALOA,135,GUAMUCHIL,3,GUAMUCHIL,15,SALVADOR ALVARADO,14700,GARBANZO GRANO,100,BLANCO,500,Tonelada,1,OTOÑO-INVIERNO,2,TEMPORAL,3800.0,3800.0,0.0,3800.0,1.0,9000.0,34200000.0
2012,25,SINALOA,135,GUAMUCHIL,3,GUAMUCHIL,15,SALVADOR ALVARADO,19700,MAIZ GRANO,200,BLANCO,500,Tonelada,1,OTOÑO-INVIERNO,1,RIEGO,916.0,891.0,25.0,6005.34,6.74,3900.0,23420826.0
2012,25,SINALOA,135,GUAMUCHIL,3,GUAMUCHIL,15,SALVADOR ALVARADO,19700,MAIZ GRANO,200,BLANCO,500,Tonelada,1,OTOÑO-INVIERNO,2,TEMPORAL,80.0,80.0,0.0,240.0,3.0,3900.0,936000.0
2012,25,SINALOA,135,GUAMUCHIL,3,GUAMUCHIL,15,SALVADOR ALVARADO,19700,MAIZ GRANO,200,BLANCO,500,Tonelada,2,PRIMAVERA-VERANO,2,TEMPORAL,165.0,165.0,0.0,660.0,4.0,3100.0,2046000.0
2012,25,SINALOA,135,GUAMUCHIL,3,GUAMUCHIL,15,SALVADOR ALVARADO,24800,PASTOS Y PRADERAS EN VERDE,0,,500,Tonelada,3,PERENNES,1,RIEGO,295.0,35.0,260.0,140.0,4.0,725.26,101536.4
2012,25,SINALOA,135,GUAMUCHIL,3,GUAMUCHIL,15,SALVADOR ALVARADO,24800,PASTOS Y PRADERAS EN VERDE,700,SUDAN,500,Tonelada,2,PRIMAVERA-VERANO,2,TEMPORAL,180.0,180.0,0.0,1170.0,6.5,750.0,877500.0
2012,25,SINALOA,135,GUAMUCHIL,3,GUAMUCHIL,15,SALVADOR ALVARADO,29500,SORGO GRANO,0,,500,Tonelada,1,OTOÑO-INVIERNO,1,RIEGO,1681.0,1671.0,10.0,8118.0,4.86,3900.0,31660200.0
2012,25,SINALOA,135,GUAMUCHIL,3,GUAMUCHIL,15,SALVADOR ALVARADO,29500,SORGO GRANO,0,,500,Tonelada,2,PRIMAVERA-VERANO,2,TEMPORAL,24000.0,24000.0,0.0,55320.0,2.31,3100.0,171492000.0
2012,25,SINALOA,135,GUAMUCHIL,3,GUAMUCHIL,15,SALVADOR ALVARADO,31000,TOMATE VERDE,0,,500,Tonelada,1,OTOÑO-INVIERNO,1,RIEGO,120.0,79.0,41.0,2212.0,28.0,3000.0,6636000.0
2012,25,SINALOA,135,GUAMUCHIL,3,GUAMUCHIL,15,SALVADOR ALVARADO,31500,TRIGO GRANO,400,SUAVE,500,Tonelada,1,OTOÑO-INVIERNO,1,RIEGO,78.0,78.0,0.0,335.4,4.3,3700.0,1240980.0
2012,25,SINALOA,135,GUAMUCHIL,6,ANGOSTURA,2,ANGOSTURA,1600,ALFALFA ACHICALADA,0,,500,Tonelada,3,PERENNES,1,RIEGO,42.0,42.0,0.0,210.0,5.0,2500.0,525000.0
2012,25,SINALOA,135,GUAMUCHIL,6,ANGOSTURA,2,ANGOSTURA,5300,CACAHUATE,0,,500,Tonelada,2,PRIMAVERA-VERANO,2,TEMPORAL,220.0,220.0,0.0,396.0,1.8,10000.0,3960000.0
2012,25,SINALOA,135,GUAMUCHIL,6,ANGOSTURA,2,ANGOSTURA,5800,CALABACITA,200,ITALIANA (Zucchini),500,Tonelada,1,OTOÑO-INVIERNO,1,RIEGO,1543.0,1245.5,297.5,31137.5,25.0,7000.0,217962500.0
2012,25,SINALOA,135,GUAMUCHIL,6,ANGOSTURA,2,ANGOSTURA,6900,CARTAMO,0,,500,Tonelada,1,OTOÑO-INVIERNO,1,RIEGO,7113.0,7110.0,3.0,17234.64,2.42,5600.0,96513984.0
2012,25,SINALOA,135,GUAMUCHIL,6,ANGOSTURA,2,ANGOSTURA,6900,CARTAMO,0,,500,Tonelada,1,OTOÑO-INVIERNO,2,TEMPORAL,260.0,260.0,0.0,78.0,0.3,5600.0,436800.0
2012,25,SINALOA,135,GUAMUCHIL,6,ANGOSTURA,2,ANGOSTURA,7400,CEBOLLA,100,BLANCA,500,Tonelada,1,OTOÑO-INVIERNO,1,RIEGO,230.0,230.0,0.0,5230.0,22.74,4000.0,20920000.0
2012,25,SINALOA,135,GUAMUCHIL,6,ANGOSTURA,2,ANGOSTURA,11400,CHILE VERDE,200,JALAPEÑO,500,Tonelada,1,OTOÑO-INVIERNO,1,RIEGO,108.5,108.5,0.0,1867.0,17.21,6000.0,11202000.0
2012,25,SINALOA,135,GUAMUCHIL,6,ANGOSTURA,2,ANGOSTURA,12600,EJOTE,0,,500,Tonelada,1,OTOÑO-INVIERNO,1,RIEGO,82.0,82.0,0.0,297.0,3.62,3000.0,891000.0
2012,25,SINALOA,135,GUAMUCHIL,6,ANGOSTURA,2,ANGOSTURA,12700,ELOTE,0,,500,Tonelada,1,OTOÑO-INVIERNO,1,RIEGO,9.0,9.0,0.0,60.0,6.67,5000.0,300000.0
2012,25,SINALOA,135,GUAMUCHIL,6,ANGOSTURA,2,ANGOSTURA,14200,FRIJOL,100,AZUFRADO,500,Tonelada,1,OTOÑO-INVIERNO,1,RIEGO,7967.0,6727.2,1239.8,8684.82,1.29,16000.0,138957043.2
2012,25,SINALOA,135,GUAMUCHIL,6,ANGOSTURA,2,ANGOSTURA,14700,GARBANZO GRANO,100,BLANCO,500,Tonelada,1,OTOÑO-INVIERNO,1,RIEGO,12862.0,12770.0,92.0,27583.2,2.16,10000.0,275832000.0
2012,25,SINALOA,135,GUAMUCHIL,6,ANGOSTURA,2,ANGOSTURA,16930,HORTALIZAS,0,,500,Tonelada,1,OTOÑO-INVIERNO,1,RIEGO,148.5,148.5,0.0,1890.0,12.73,3500.0,6615000.0
2012,25,SINALOA,135,GUAMUCHIL,6,ANGOSTURA,2,ANGOSTURA,19000,LIMON,100,AGRIO (MEXICANO),500,Tonelada,3,PERENNES,1,RIEGO,60.0,60.0,0.0,900.0,15.0,2700.0,2430000.0
2012,25,SINALOA,135,GUAMUCHIL,6,ANGOSTURA,2,ANGOSTURA,19700,MAIZ GRANO,200,BLANCO,500,Tonelada,1,OTOÑO-INVIERNO,1,RIEGO,306.5,303.0,3.5,2353.0,7.77,3900.0,9176700.0
2012,25,SINALOA,135,GUAMUCHIL,6,ANGOSTURA,2,ANGOSTURA,20400,MANGO,300,HADEN,500,Tonelada,3,PERENNES,1,RIEGO,24.0,0.0,24.0,0.0,0.0,0.0,0.0
2012,25,SINALOA,135,GUAMUCHIL,6,ANGOSTURA,2,ANGOSTURA,22400,NARANJA,0,,500,Tonelada,3,PERENNES,1,RIEGO,26.0,26.0,0.0,494.0,19.0,4000.0,1976000.0
2012,25,SINALOA,135,GUAMUCHIL,6,ANGOSTURA,2,ANGOSTURA,23000,NOPALITOS,0,,500,Tonelada,3,PERENNES,1,RIEGO,5.0,2.0,3.0,5.0,2.5,2000.0,10000.0
2012,25,SINALOA,135,GUAMUCHIL,6,ANGOSTURA,2,ANGOSTURA,24800,PASTOS Y PRADERAS EN VERDE,0,,500,Tonelada,3,PERENNES,1,RIEGO,105.0,105.0,0.0,2500.0,23.81,620.0,1550000.0
2012,25,SINALOA,135,GUAMUCHIL,6,ANGOSTURA,2,ANGOSTURA,24900,PEPINO,200,CHINO,500,Tonelada,1,OTOÑO-INVIERNO,1,RIEGO,38.0,38.0,0.0,1242.0,32.68,3700.0,4595400.0
2012,25,SINALOA,135,GUAMUCHIL,6,ANGOSTURA,2,ANGOSTURA,28700,SANDIA,100,CAMBRAY (SANGRIA),500,Tonelada,1,OTOÑO-INVIERNO,1,RIEGO,40.0,40.0,0.0,720.0,18.0,6000.0,4320000.0
2012,25,SINALOA,135,GUAMUCHIL,6,ANGOSTURA,2,ANGOSTURA,29500,SORGO GRANO,0,,500,Tonelada,1,OTOÑO-INVIERNO,1,RIEGO,8950.5,8950.5,0.0,57471.16,6.42,3900.0,224137526.0
2012,25,SINALOA,135,GUAMUCHIL,6,ANGOSTURA,2,ANGOSTURA,30800,TOMATE ROJO (JITOMATE),1500,SALADETTE MALLA SOMBRA,500,Tonelada,1,OTOÑO-INVIERNO,1,RIEGO,91.0,91.0,0.0,7735.0,85.0,7500.0,58012500.0
2012,25,SINALOA,135,GUAMUCHIL,6,ANGOSTURA,2,ANGOSTURA,31000,TOMATE VERDE,0,,500,Tonelada,1,OTOÑO-INVIERNO,1,RIEGO,132.5,96.0,36.5,1969.0,20.51,3000.0,5907000.0
2012,25,SINALOA,135,GUAMUCHIL,6,ANGOSTURA,2,ANGOSTURA,31500,TRIGO GRANO,400,SUAVE,500,Tonelada,1,OTOÑO-INVIERNO,1,RIEGO,1532.0,1532.0,0.0,7203.46,4.7,3700.0,26652816.8
2012,25,SINALOA,135,GUAMUCHIL,6,ANGOSTURA,2,ANGOSTURA,32800,ZACATE,600,SUDAN,500,Tonelada,3,PERENNES,1,RIEGO,4.0,0.0,4.0,0.0,0.0,0.0,0.0
2012,25,SINALOA,135,GUAMUCHIL,6,ANGOSTURA,13,MOCORITO,6900,CARTAMO,0,,500,Tonelada,1,OTOÑO-INVIERNO,1,RIEGO,84.0,84.0,0.0,202.0,2.41,5600.0,1131200.0
2012,25,SINALOA,135,GUAMUCHIL,6,ANGOSTURA,13,MOCORITO,7400,CEBOLLA,100,BLANCA,500,Tonelada,1,OTOÑO-INVIERNO,1,RIEGO,16.0,16.0,0.0,320.0,20.0,4000.0,1280000.0
2012,25,SINALOA,135,GUAMUCHIL,6,ANGOSTURA,13,MOCORITO,14200,FRIJOL,100,AZUFRADO,500,Tonelada,1,OTOÑO-INVIERNO,1,RIEGO,1260.0,1200.0,60.0,1536.0,1.28,16000.0,24576000.0
2012,25,SINALOA,135,GUAMUCHIL,6,ANGOSTURA,13,MOCORITO,14700,GARBANZO GRANO,100,BLANCO,500,Tonelada,1,OTOÑO-INVIERNO,1,RIEGO,1313.0,1283.0,30.0,1925.0,1.5,8000.0,15400000.0
2012,25,SINALOA,135,GUAMUCHIL,6,ANGOSTURA,13,MOCORITO,22400,NARANJA,0,,500,Tonelada,3,PERENNES,1,RIEGO,10.0,10.0,0.0,100.0,10.0,4000.0,400000.0
2012,25,SINALOA,135,GUAMUCHIL,6,ANGOSTURA,13,MOCORITO,29500,SORGO GRANO,0,,500,Tonelada,1,OTOÑO-INVIERNO,1,RIEGO,817.0,817.0,0.0,5514.0,6.75,3400.0,18747600.0
2012,25,SINALOA,135,GUAMUCHIL,6,ANGOSTURA,13,MOCORITO,30800,TOMATE ROJO (JITOMATE),800,SALADETTE,500,Tonelada,1,OTOÑO-INVIERNO,1,RIEGO,17.0,17.0,0.0,720.0,42.35,7500.0,5400000.0
2012,25,SINALOA,135,GUAMUCHIL,6,ANGOSTURA,13,MOCORITO,30800,TOMATE ROJO (JITOMATE),1500,SALADETTE MALLA SOMBRA,500,Tonelada,1,OTOÑO-INVIERNO,1,RIEGO,30.0,30.0,0.0,2905.0,96.83,5600.0,16268000.0
2012,25,SINALOA,135,GUAMUCHIL,6,ANGOSTURA,13,MOCORITO,31500,TRIGO GRANO,400,SUAVE,500,Tonelada,1,OTOÑO-INVIERNO,1,RIEGO,139.0,139.0,0.0,667.0,4.8,3700.0,2467900.0
2012,25,SINALOA,135,GUAMUCHIL,6,ANGOSTURA,13,MOCORITO,32800,ZACATE,600,SUDAN,500,Tonelada,3,PERENNES,1,RIEGO,3.0,0.0,3.0,0.0,0.0,0.0,0.0
2012,25,SINALOA,135,GUAMUCHIL,6,ANGOSTURA,15,SALVADOR ALVARADO,5800,CALABACITA,200,ITALIANA (Zucchini),500,Tonelada,1,OTOÑO-INVIERNO,1,RIEGO,44.5,44.5,0.0,1112.5,25.0,7800.0,8677500.0
2012,25,SINALOA,135,GUAMUCHIL,6,ANGOSTURA,15,SALVADOR ALVARADO,6900,CARTAMO,0,,500,Tonelada,1,OTOÑO-INVIERNO,1,RIEGO,25.0,25.0,0.0,37.0,1.48,5600.0,207200.0
2012,25,SINALOA,135,GUAMUCHIL,6,ANGOSTURA,15,SALVADOR ALVARADO,14200,FRIJOL,100,AZUFRADO,500,Tonelada,1,OTOÑO-INVIERNO,1,RIEGO,345.0,345.0,0.0,517.5,1.5,19160.0,9915300.0
2012,25,SINALOA,135,GUAMUCHIL,6,ANGOSTURA,15,SALVADOR ALVARADO,14700,GARBANZO GRANO,100,BLANCO,500,Tonelada,1,OTOÑO-INVIERNO,1,RIEGO,92.0,92.0,0.0,165.6,1.8,11500.0,1904400.0
2012,25,SINALOA,135,GUAMUCHIL,6,ANGOSTURA,15,SALVADOR ALVARADO,16930,HORTALIZAS,0,,500,Tonelada,1,OTOÑO-INVIERNO,1,RIEGO,6.0,6.0,0.0,28.0,4.67,6000.0,168000.0
2012,25,SINALOA,135,GUAMUCHIL,6,ANGOSTURA,15,SALVADOR ALVARADO,22400,NARANJA,0,,500,Tonelada,3,PERENNES,1,RIEGO,5.0,0.0,5.0,0.0,0.0,0.0,0.0
2012,25,SINALOA,135,GUAMUCHIL,6,ANGOSTURA,15,SALVADOR ALVARADO,23000,NOPALITOS,0,,500,Tonelada,3,PERENNES,1,RIEGO,3.0,0.0,3.0,0.0,0.0,0.0,0.0
2012,25,SINALOA,135,GUAMUCHIL,6,ANGOSTURA,15,SALVADOR ALVARADO,28700,SANDIA,100,CAMBRAY (SANGRIA),500,Tonelada,1,OTOÑO-INVIERNO,1,RIEGO,23.5,23.5,0.0,423.0,18.0,4488.89,1898800.47
2012,25,SINALOA,135,GUAMUCHIL,6,ANGOSTURA,18,NAVOLATO,6900,CARTAMO,0,,500,Tonelada,1,OTOÑO-INVIERNO,1,RIEGO,43.0,43.0,0.0,105.0,2.44,5000.0,525000.0
2012,25,SINALOA,135,GUAMUCHIL,6,ANGOSTURA,18,NAVOLATO,7400,CEBOLLA,100,BLANCA,500,Tonelada,1,OTOÑO-INVIERNO,1,RIEGO,2.0,2.0,0.0,42.0,21.0,7000.0,294000.0
2012,25,SINALOA,135,GUAMUCHIL,6,ANGOSTURA,18,NAVOLATO,14200,FRIJOL,100,AZUFRADO,500,Tonelada,1,OTOÑO-INVIERNO,1,RIEGO,276.0,259.0,17.0,362.6,1.4,18000.0,6526800.0
2012,25,SINALOA,135,GUAMUCHIL,6,ANGOSTURA,18,NAVOLATO,14700,GARBANZO GRANO,100,BLANCO,500,Tonelada,1,OTOÑO-INVIERNO,1,RIEGO,820.0,820.0,0.0,1435.0,1.75,9126.27,13096197.45
2012,25,SINALOA,135,GUAMUCHIL,6,ANGOSTURA,18,NAVOLATO,29500,SORGO GRANO,0,,500,Tonelada,1,OTOÑO-INVIERNO,1,RIEGO,706.0,706.0,0.0,4765.0,6.75,3668.14,17478687.1
2012,25,SINALOA,135,GUAMUCHIL,6,ANGOSTURA,18,NAVOLATO,30800,TOMATE ROJO (JITOMATE),800,SALADETTE,500,Tonelada,1,OTOÑO-INVIERNO,1,RIEGO,20.0,20.0,0.0,1057.0,52.85,6500.0,6870500.0
2012,25,SINALOA,135,GUAMUCHIL,6,ANGOSTURA,18,NAVOLATO,30800,TOMATE ROJO (JITOMATE),1500,SALADETTE MALLA SOMBRA,500,Tonelada,1,OTOÑO-INVIERNO,1,RIEGO,9.0,9.0,0.0,1080.0,120.0,5500.0,5940000.0
2012,25,SINALOA,135,GUAMUCHIL,6,ANGOSTURA,18,NAVOLATO,31500,TRIGO GRANO,400,SUAVE,500,Tonelada,1,OTOÑO-INVIERNO,1,RIEGO,75.0,75.0,0.0,412.0,5.49,3700.0,1524400.0
2012,25,SINALOA,136,CULIACAN,1,CULIACAN ALTOS,6,CULIACAN,800,AJONJOLÍ,0,,500,Tonelada,2,PRIMAVERA-VERANO,2,TEMPORAL,284.0,245.0,39.0,189.0,0.77,14859.52,2808449.28
2012,25,SINALOA,136,CULIACAN,1,CULIACAN ALTOS,6,CULIACAN,4600,BERENJENA,0,,500,Tonelada,1,OTOÑO-INVIERNO,1,RIEGO,15.0,15.0,0.0,845.0,56.33,3056.86,2583046.7
2012,25,SINALOA,136,CULIACAN,1,CULIACAN ALTOS,6,CULIACAN,5300,CACAHUATE,0,,500,Tonelada,2,PRIMAVERA-VERANO,2,TEMPORAL,45.0,45.0,0.0,35.0,0.78,24000.0,840000.0
2012,25,SINALOA,136,CULIACAN,1,CULIACAN ALTOS,6,CULIACAN,6500,CAÑA DE AZUCAR,200,INDUSTRIAL,500,Tonelada,3,PERENNES,1,RIEGO,205.0,200.0,5.0,20000.0,100.0,640.0,12800000.0
2012,25,SINALOA,136,CULIACAN,1,CULIACAN ALTOS,6,CULIACAN,6900,CARTAMO,0,,500,Tonelada,1,OTOÑO-INVIERNO,2,TEMPORAL,1148.0,1148.0,0.0,764.57,0.67,4800.0,3669926.4
2012,25,SINALOA,136,CULIACAN,1,CULIACAN ALTOS,6,CULIACAN,12600,EJOTE,0,,500,Tonelada,1,OTOÑO-INVIERNO,1,RIEGO,21.0,21.0,0.0,309.0,14.71,3722.33,1150199.97
2012,25,SINALOA,136,CULIACAN,1,CULIACAN ALTOS,6,CULIACAN,14200,FRIJOL,500,MAYOCOBA,500,Tonelada,1,OTOÑO-INVIERNO,1,RIEGO,70.0,70.0,0.0,112.0,1.6,18000.0,2016000.0
2012,25,SINALOA,136,CULIACAN,1,CULIACAN ALTOS,6,CULIACAN,14200,FRIJOL,500,MAYOCOBA,500,Tonelada,1,OTOÑO-INVIERNO,2,TEMPORAL,190.0,190.0,0.0,125.0,0.66,13000.0,1625000.0
2012,25,SINALOA,136,CULIACAN,1,CULIACAN ALTOS,6,CULIACAN,14700,GARBANZO GRANO,100,BLANCO,500,Tonelada,1,OTOÑO-INVIERNO,1,RIEGO,55.0,55.0,0.0,103.0,1.87,11500.0,1184500.0
2012,25,SINALOA,136,CULIACAN,1,CULIACAN ALTOS,6,CULIACAN,14700,GARBANZO GRANO,100,BLANCO,500,Tonelada,1,OTOÑO-INVIERNO,2,TEMPORAL,320.0,320.0,0.0,369.0,1.15,10838.75,3999498.75
2012,25,SINALOA,136,CULIACAN,1,CULIACAN ALTOS,6,CULIACAN,16930,HORTALIZAS,0,,500,Tonelada,1,OTOÑO-INVIERNO,1,RIEGO,36.0,36.0,0.0,386.0,10.72,6249.74,2412399.64
2012,25,SINALOA,136,CULIACAN,1,CULIACAN ALTOS,6,CULIACAN,19000,LIMON,100,AGRIO (MEXICANO),500,Tonelada,3,PERENNES,1,RIEGO,61.0,61.0,0.0,295.0,4.84,3200.0,944000.0
2012,25,SINALOA,136,CULIACAN,1,CULIACAN ALTOS,6,CULIACAN,19300,LITCHI,0,,500,Tonelada,3,PERENNES,1,RIEGO,12.0,12.0,0.0,24.0,2.0,17000.0,408000.0
2012,25,SINALOA,136,CULIACAN,1,CULIACAN ALTOS,6,CULIACAN,19700,MAIZ GRANO,200,BLANCO,500,Tonelada,1,OTOÑO-INVIERNO,1,RIEGO,815.0,815.0,0.0,7745.0,9.5,4333.89,33565978.05
2012,25,SINALOA,136,CULIACAN,1,CULIACAN ALTOS,6,CULIACAN,19700,MAIZ GRANO,200,BLANCO,500,Tonelada,1,OTOÑO-INVIERNO,2,TEMPORAL,190.0,190.0,0.0,247.0,1.3,4400.0,1086800.0
2012,25,SINALOA,136,CULIACAN,1,CULIACAN ALTOS,6,CULIACAN,19700,MAIZ GRANO,200,BLANCO,500,Tonelada,2,PRIMAVERA-VERANO,2,TEMPORAL,7440.0,4703.0,2737.0,4609.0,0.98,3011.59,13880418.31
2012,25,SINALOA,136,CULIACAN,1,CULIACAN ALTOS,6,CULIACAN,20300,MANDARINA,0,,500,Tonelada,3,PERENNES,1,RIEGO,8.0,8.0,0.0,35.0,4.38,2850.0,99750.0
2012,25,SINALOA,136,CULIACAN,1,CULIACAN ALTOS,6,CULIACAN,20400,MANGO,0,,500,Tonelada,3,PERENNES,1,RIEGO,148.0,148.0,0.0,1106.0,7.47,2100.0,2322600.0
2012,25,SINALOA,136,CULIACAN,1,CULIACAN ALTOS,6,CULIACAN,22400,NARANJA,0,,500,Tonelada,3,PERENNES,1,RIEGO,115.0,115.0,0.0,523.0,4.55,1350.0,706050.0
2012,25,SINALOA,136,CULIACAN,1,CULIACAN ALTOS,6,CULIACAN,24800,PASTOS Y PRADERAS EN VERDE,0,,500,Tonelada,2,PRIMAVERA-VERANO,2,TEMPORAL,4761.0,4761.0,0.0,45229.5,9.5,478.24,21630556.08
2012,25,SINALOA,136,CULIACAN,1,CULIACAN ALTOS,6,CULIACAN,24800,PASTOS Y PRADERAS EN VERDE,0,,500,Tonelada,3,PERENNES,1,RIEGO,76.0,76.0,0.0,540.0,7.11,673.61,363749.4
2012,25,SINALOA,136,CULIACAN,1,CULIACAN ALTOS,6,CULIACAN,29500,SORGO GRANO,0,,500,Tonelada,1,OTOÑO-INVIERNO,2,TEMPORAL,30.0,0.0,30.0,0.0,0.0,0.0,0.0
2012,25,SINALOA,136,CULIACAN,1,CULIACAN ALTOS,6,CULIACAN,29500,SORGO GRANO,0,,500,Tonelada,2,PRIMAVERA-VERANO,2,TEMPORAL,35220.52,26097.52,9123.0,49585.29,1.9,3540.21,175542339.5
2012,25,SINALOA,136,CULIACAN,1,CULIACAN ALTOS,6,CULIACAN,30800,TOMATE ROJO (JITOMATE),800,SALADETTE,500,Tonelada,1,OTOÑO-INVIERNO,1,RIEGO,25.0,25.0,0.0,1520.0,60.8,4500.0,6840000.0
2012,25,SINALOA,136,CULIACAN,1,CULIACAN ALTOS,6,CULIACAN,31200,TORONJA (POMELO),0,,500,Tonelada,3,PERENNES,1,RIEGO,16.0,16.0,0.0,190.0,11.88,2150.0,408500.0
2012,25,SINALOA,136,CULIACAN,2,EL TAMARINDO,6,CULIACAN,1600,ALFALFA ACHICALADA,0,,500,Tonelada,3,PERENNES,1,RIEGO,27.0,27.0,0.0,310.0,11.48,2496.29,773849.9
2012,25,SINALOA,136,CULIACAN,2,EL TAMARINDO,6,CULIACAN,5800,CALABACITA,200,ITALIANA (Zucchini),500,Tonelada,1,OTOÑO-INVIERNO,1,RIEGO,12.0,12.0,0.0,140.0,11.67,6000.0,840000.0
2012,25,SINALOA,136,CULIACAN,2,EL TAMARINDO,6,CULIACAN,6500,CAÑA DE AZUCAR,200,INDUSTRIAL,500,Tonelada,3,PERENNES,1,RIEGO,180.0,171.0,9.0,18468.0,108.0,650.0,12004200.0
2012,25,SINALOA,136,CULIACAN,2,EL TAMARINDO,6,CULIACAN,6900,CARTAMO,0,,500,Tonelada,1,OTOÑO-INVIERNO,1,RIEGO,158.0,158.0,0.0,210.0,1.33,5264.76,1105599.6
2012,25,SINALOA,136,CULIACAN,2,EL TAMARINDO,6,CULIACAN,7400,CEBOLLA,100,BLANCA,500,Tonelada,1,OTOÑO-INVIERNO,1,RIEGO,28.0,28.0,0.0,700.0,25.0,4557.14,3189998.0
2012,25,SINALOA,136,CULIACAN,2,EL TAMARINDO,6,CULIACAN,11400,CHILE VERDE,1200,BELL PEPPER,500,Tonelada,1,OTOÑO-INVIERNO,1,RIEGO,42.0,42.0,0.0,1470.0,35.0,4000.0,5880000.0
2012,25,SINALOA,136,CULIACAN,2,EL TAMARINDO,6,CULIACAN,11400,CHILE VERDE,1300,ANAHEIM,500,Tonelada,1,OTOÑO-INVIERNO,1,RIEGO,18.0,18.0,0.0,666.0,37.0,4500.0,2997000.0
2012,25,SINALOA,136,CULIACAN,2,EL TAMARINDO,6,CULIACAN,11400,CHILE VERDE,3500,BELL PEPPER INVERNADERO,500,Tonelada,1,OTOÑO-INVIERNO,1,RIEGO,6.0,6.0,0.0,510.0,85.0,5500.0,2805000.0
2012,25,SINALOA,136,CULIACAN,2,EL TAMARINDO,6,CULIACAN,11400,CHILE VERDE,3600,BELL PEPPER MALLA SOMBRA,500,Tonelada,1,OTOÑO-INVIERNO,1,RIEGO,35.0,35.0,0.0,2100.0,60.0,5000.0,10500000.0
2012,25,SINALOA,136,CULIACAN,2,EL TAMARINDO,6,CULIACAN,14200,FRIJOL,500,MAYOCOBA,500,Tonelada,1,OTOÑO-INVIERNO,1,RIEGO,1740.0,1740.0,0.0,2784.0,1.6,16000.0,44544000.0
2012,25,SINALOA,136,CULIACAN,2,EL TAMARINDO,6,CULIACAN,14700,GARBANZO GRANO,100,BLANCO,500,Tonelada,1,OTOÑO-INVIERNO,1,RIEGO,2129.0,2129.0,0.0,4045.0,1.9,10789.12,43641990.4
2012,25,SINALOA,136,CULIACAN,2,EL TAMARINDO,6,CULIACAN,16930,HORTALIZAS,0,,500,Tonelada,1,OTOÑO-INVIERNO,1,RIEGO,79.0,79.0,0.0,656.0,8.3,5955.34,3906703.04
2012,25,SINALOA,136,CULIACAN,2,EL TAMARINDO,6,CULIACAN,19000,LIMON,100,AGRIO (MEXICANO),500,Tonelada,3,PERENNES,1,RIEGO,15.0,15.0,0.0,32.0,2.13,2138.58,68434.56
2012,25,SINALOA,136,CULIACAN,2,EL TAMARINDO,6,CULIACAN,19700,MAIZ GRANO,100,AMARILLO,500,Tonelada,1,OTOÑO-INVIERNO,1,RIEGO,53.0,53.0,0.0,510.0,9.62,4000.0,2040000.0
2012,25,SINALOA,136,CULIACAN,2,EL TAMARINDO,6,CULIACAN,19700,MAIZ GRANO,200,BLANCO,500,Tonelada,1,OTOÑO-INVIERNO,1,RIEGO,7947.0,7947.0,0.0,79597.15,10.02,4233.09,336941908.2
2012,25,SINALOA,136,CULIACAN,2,EL TAMARINDO,6,CULIACAN,20300,MANDARINA,0,,500,Tonelada,3,PERENNES,1,RIEGO,6.0,6.0,0.0,51.0,8.5,1350.0,68850.0
2012,25,SINALOA,136,CULIACAN,2,EL TAMARINDO,6,CULIACAN,22400,NARANJA,0,,500,Tonelada,3,PERENNES,1,RIEGO,351.0,351.0,0.0,2849.0,8.12,1522.39,4337289.11
2012,25,SINALOA,136,CULIACAN,2,EL TAMARINDO,6,CULIACAN,24800,PASTOS Y PRADERAS EN VERDE,0,,500,Tonelada,3,PERENNES,1,RIEGO,366.0,366.0,0.0,2928.0,8.0,737.09,2158199.52
2012,25,SINALOA,136,CULIACAN,2,EL TAMARINDO,6,CULIACAN,24900,PEPINO,400,MALLA SOMBRA,500,Tonelada,1,OTOÑO-INVIERNO,1,RIEGO,78.0,78.0,0.0,6240.0,80.0,4000.0,24960000.0
2012,25,SINALOA,136,CULIACAN,2,EL TAMARINDO,6,CULIACAN,29500,SORGO GRANO,0,,500,Tonelada,1,OTOÑO-INVIERNO,1,RIEGO,347.0,347.0,0.0,2481.0,7.15,3600.0,8931600.0
2012,25,SINALOA,136,CULIACAN,2,EL TAMARINDO,6,CULIACAN,30800,TOMATE ROJO (JITOMATE),800,SALADETTE,500,Tonelada,1,OTOÑO-INVIERNO,1,RIEGO,493.0,493.0,0.0,23664.0,48.0,2590.8,61308691.2
2012,25,SINALOA,136,CULIACAN,2,EL TAMARINDO,6,CULIACAN,31200,TORONJA (POMELO),0,,500,Tonelada,3,PERENNES,1,RIEGO,18.0,18.0,0.0,81.0,4.5,1340.0,108540.0
2012,25,SINALOA,136,CULIACAN,2,EL TAMARINDO,13,MOCORITO,5800,CALABACITA,0,,500,Tonelada,1,OTOÑO-INVIERNO,1,RIEGO,1.0,1.0,0.0,12.0,12.0,6533.33,78399.96
2012,25,SINALOA,136,CULIACAN,2,EL TAMARINDO,13,MOCORITO,6900,CARTAMO,0,,500,Tonelada,1,OTOÑO-INVIERNO,1,RIEGO,658.0,658.0,0.0,785.0,1.19,5331.97,4185596.45
2012,25,SINALOA,136,CULIACAN,2,EL TAMARINDO,13,MOCORITO,7400,CEBOLLA,300,MORADA,500,Tonelada,1,OTOÑO-INVIERNO,1,RIEGO,36.0,36.0,0.0,900.0,25.0,4600.0,4140000.0
2012,25,SINALOA,136,CULIACAN,2,EL TAMARINDO,13,MOCORITO,11400,CHILE VERDE,1200,BELL PEPPER,500,Tonelada,1,OTOÑO-INVIERNO,1,RIEGO,22.0,22.0,0.0,880.0,40.0,4600.0,4048000.0
2012,25,SINALOA,136,CULIACAN,2,EL TAMARINDO,13,MOCORITO,11400,CHILE VERDE,1300,ANAHEIM,500,Tonelada,1,OTOÑO-INVIERNO,1,RIEGO,4.0,4.0,0.0,148.0,37.0,4500.0,666000.0
2012,25,SINALOA,136,CULIACAN,2,EL TAMARINDO,13,MOCORITO,11400,CHILE VERDE,3500,BELL PEPPER INVERNADERO,500,Tonelada,1,OTOÑO-INVIERNO,1,RIEGO,3.0,3.0,0.0,253.38,84.46,6000.0,1520280.0
2012,25,SINALOA,136,CULIACAN,2,EL TAMARINDO,13,MOCORITO,11400,CHILE VERDE,3600,BELL PEPPER MALLA SOMBRA,500,Tonelada,1,OTOÑO-INVIERNO,1,RIEGO,2.0,2.0,0.0,130.0,65.0,5500.0,715000.0
2012,25,SINALOA,136,CULIACAN,2,EL TAMARINDO,13,MOCORITO,14200,FRIJOL,500,MAYOCOBA,500,Tonelada,1,OTOÑO-INVIERNO,1,RIEGO,1900.0,1900.0,0.0,3040.0,1.6,16000.0,48640000.0
2012,25,SINALOA,136,CULIACAN,2,EL TAMARINDO,13,MOCORITO,14700,GARBANZO GRANO,100,BLANCO,500,Tonelada,1,OTOÑO-INVIERNO,1,RIEGO,5145.0,5145.0,0.0,9261.0,1.8,11025.0,102102525.0
2012,25,SINALOA,136,CULIACAN,2,EL TAMARINDO,13,MOCORITO,16930,HORTALIZAS,0,,500,Tonelada,1,OTOÑO-INVIERNO,1,RIEGO,20.0,20.0,0.0,166.0,8.3,6102.41,1013000.06
2012,25,SINALOA,136,CULIACAN,2,EL TAMARINDO,13,MOCORITO,19000,LIMON,100,AGRIO (MEXICANO),500,Tonelada,3,PERENNES,1,RIEGO,2.0,2.0,0.0,3.2,1.6,2300.0,7360.0
2012,25,SINALOA,136,CULIACAN,2,EL TAMARINDO,13,MOCORITO,19700,MAIZ GRANO,100,AMARILLO,500,Tonelada,1,OTOÑO-INVIERNO,1,RIEGO,82.0,82.0,0.0,790.0,9.63,4000.0,3160000.0
2012,25,SINALOA,136,CULIACAN,2,EL TAMARINDO,13,MOCORITO,19700,MAIZ GRANO,200,BLANCO,500,Tonelada,1,OTOÑO-INVIERNO,1,RIEGO,6672.0,6672.0,0.0,66693.31,10.0,4232.33,282268105.2
2012,25,SINALOA,136,CULIACAN,2,EL TAMARINDO,13,MOCORITO,20300,MANDARINA,0,,500,Tonelada,3,PERENNES,1,RIEGO,3.0,3.0,0.0,26.0,8.67,1250.0,32500.0
2012,25,SINALOA,136,CULIACAN,2,EL TAMARINDO,13,MOCORITO,22400,NARANJA,0,,500,Tonelada,3,PERENNES,1,RIEGO,450.0,450.0,0.0,4452.0,9.89,1536.32,6839696.64
2012,25,SINALOA,136,CULIACAN,2,EL TAMARINDO,13,MOCORITO,24800,PASTOS Y PRADERAS EN VERDE,0,,500,Tonelada,3,PERENNES,1,RIEGO,198.0,198.0,0.0,1320.0,6.67,750.0,990000.0
2012,25,SINALOA,136,CULIACAN,2,EL TAMARINDO,13,MOCORITO,24900,PEPINO,0,,500,Tonelada,1,OTOÑO-INVIERNO,1,RIEGO,45.0,45.0,0.0,1935.0,43.0,3700.0,7159500.0
2012,25,SINALOA,136,CULIACAN,2,EL TAMARINDO,13,MOCORITO,29500,SORGO GRANO,0,,500,Tonelada,1,OTOÑO-INVIERNO,1,RIEGO,1658.0,1658.0,0.0,11720.0,7.07,3426.89,40163150.8
2012,25,SINALOA,136,CULIACAN,2,EL TAMARINDO,13,MOCORITO,30800,TOMATE ROJO (JITOMATE),800,SALADETTE,500,Tonelada,1,OTOÑO-INVIERNO,1,RIEGO,160.0,160.0,0.0,7680.0,48.0,2444.79,18775987.2
2012,25,SINALOA,136,CULIACAN,2,EL TAMARINDO,13,MOCORITO,31200,TORONJA (POMELO),0,,500,Tonelada,3,PERENNES,1,RIEGO,5.0,5.0,0.0,23.0,4.6,1340.0,30820.0
2012,25,SINALOA,136,CULIACAN,2,EL TAMARINDO,13,MOCORITO,31500,TRIGO GRANO,400,SUAVE,500,Tonelada,1,OTOÑO-INVIERNO,1,RIEGO,24.0,24.0,0.0,120.0,5.0,3600.0,432000.0
2012,25,SINALOA,136,CULIACAN,2,EL TAMARINDO,18,NAVOLATO,6500,CAÑA DE AZUCAR,200,INDUSTRIAL,500,Tonelada,3,PERENNES,1,RIEGO,542.0,507.0,35.0,53539.2,105.6,655.0,35068176.0
2012,25,SINALOA,136,CULIACAN,2,EL TAMARINDO,18,NAVOLATO,6900,CARTAMO,0,,500,Tonelada,1,OTOÑO-INVIERNO,1,RIEGO,267.0,267.0,0.0,397.0,1.49,5340.15,2120039.55
2012,25,SINALOA,136,CULIACAN,2,EL TAMARINDO,18,NAVOLATO,7400,CEBOLLA,100,BLANCA,500,Tonelada,1,OTOÑO-INVIERNO,1,RIEGO,8.0,8.0,0.0,200.0,25.0,4300.0,860000.0
2012,25,SINALOA,136,CULIACAN,2,EL TAMARINDO,18,NAVOLATO,11400,CHILE VERDE,1200,BELL PEPPER,500,Tonelada,1,OTOÑO-INVIERNO,1,RIEGO,57.0,57.0,0.0,2394.0,42.0,4600.0,11012400.0
2012,25,SINALOA,136,CULIACAN,2,EL TAMARINDO,18,NAVOLATO,11400,CHILE VERDE,1300,ANAHEIM,500,Tonelada,1,OTOÑO-INVIERNO,1,RIEGO,50.0,50.0,0.0,1950.0,39.0,4500.0,8775000.0
2012,25,SINALOA,136,CULIACAN,2,EL TAMARINDO,18,NAVOLATO,11400,CHILE VERDE,3600,BELL PEPPER MALLA SOMBRA,500,Tonelada,1,OTOÑO-INVIERNO,1,RIEGO,8.0,8.0,0.0,520.0,65.0,5000.0,2600000.0
2012,25,SINALOA,136,CULIACAN,2,EL TAMARINDO,18,NAVOLATO,14200,FRIJOL,500,MAYOCOBA,500,Tonelada,1,OTOÑO-INVIERNO,1,RIEGO,1120.0,1120.0,0.0,1792.0,1.6,16000.0,28672000.0
2012,25,SINALOA,136,CULIACAN,2,EL TAMARINDO,18,NAVOLATO,14700,GARBANZO GRANO,100,BLANCO,500,Tonelada,1,OTOÑO-INVIERNO,1,RIEGO,2658.0,2658.0,0.0,4917.0,1.85,11037.83,54273010.11
2012,25,SINALOA,136,CULIACAN,2,EL TAMARINDO,18,NAVOLATO,16930,HORTALIZAS,0,,500,Tonelada,1,OTOÑO-INVIERNO,1,RIEGO,77.0,77.0,0.0,639.0,8.3,5990.61,3827999.79
2012,25,SINALOA,136,CULIACAN,2,EL TAMARINDO,18,NAVOLATO,19700,MAIZ GRANO,100,AMARILLO,500,Tonelada,1,OTOÑO-INVIERNO,1,RIEGO,82.0,82.0,0.0,794.0,9.68,4000.0,3176000.0
2012,25,SINALOA,136,CULIACAN,2,EL TAMARINDO,18,NAVOLATO,19700,MAIZ GRANO,200,BLANCO,500,Tonelada,1,OTOÑO-INVIERNO,1,RIEGO,5237.0,5237.0,0.0,52464.27,10.02,4236.67,222273781.8
2012,25,SINALOA,136,CULIACAN,2,EL TAMARINDO,18,NAVOLATO,24800,PASTOS Y PRADERAS EN VERDE,0,,500,Tonelada,3,PERENNES,1,RIEGO,305.0,305.0,0.0,1740.0,5.71,750.0,1305000.0
2012,25,SINALOA,136,CULIACAN,2,EL TAMARINDO,18,NAVOLATO,24900,PEPINO,400,MALLA SOMBRA,500,Tonelada,1,OTOÑO-INVIERNO,1,RIEGO,106.0,106.0,0.0,7420.0,70.0,4100.0,30422000.0
2012,25,SINALOA,136,CULIACAN,2,EL TAMARINDO,18,NAVOLATO,29500,SORGO GRANO,0,,500,Tonelada,1,OTOÑO-INVIERNO,1,RIEGO,422.0,422.0,0.0,2933.0,6.95,3575.32,10486413.56
2012,25,SINALOA,136,CULIACAN,2,EL TAMARINDO,18,NAVOLATO,30800,TOMATE ROJO (JITOMATE),800,SALADETTE,500,Tonelada,1,OTOÑO-INVIERNO,1,RIEGO,380.0,380.0,0.0,18240.0,48.0,2444.79,44592969.6
2012,25,SINALOA,136,CULIACAN,2,EL TAMARINDO,18,NAVOLATO,31500,TRIGO GRANO,400,SUAVE,500,Tonelada,1,OTOÑO-INVIERNO,1,RIEGO,32.0,32.0,0.0,160.0,5.0,3800.0,608000.0
2012,25,SINALOA,136,CULIACAN,3,NAVOLATO,18,NAVOLATO,600,AGUACATE,0,,500,Tonelada,3,PERENNES,1,RIEGO,12.0,12.0,0.0,120.0,10.0,16000.0,1920000.0
2012,25,SINALOA,136,CULIACAN,3,NAVOLATO,18,NAVOLATO,1600,ALFALFA ACHICALADA,0,,500,Tonelada,3,PERENNES,1,RIEGO,43.0,43.0,0.0,520.0,12.09,2452.61,1275357.2
2012,25,SINALOA,136,CULIACAN,3,NAVOLATO,18,NAVOLATO,1800,ALGODÓN HUESO,0,,500,Tonelada,1,OTOÑO-INVIERNO,1,RIEGO,420.0,388.0,32.0,1047.0,2.7,7611.27,7968999.69
2012,25,SINALOA,136,CULIACAN,3,NAVOLATO,18,NAVOLATO,4600,BERENJENA,0,,500,Tonelada,1,OTOÑO-INVIERNO,1,RIEGO,109.0,109.0,0.0,5668.0,52.0,5320.0,30153760.0
2012,25,SINALOA,136,CULIACAN,3,NAVOLATO,18,NAVOLATO,5800,CALABACITA,200,ITALIANA (Zucchini),500,Tonelada,1,OTOÑO-INVIERNO,1,RIEGO,145.0,145.0,0.0,1667.0,11.5,6200.0,10335400.0
2012,25,SINALOA,136,CULIACAN,3,NAVOLATO,18,NAVOLATO,6500,CAÑA DE AZUCAR,200,INDUSTRIAL,500,Tonelada,3,PERENNES,1,RIEGO,1501.0,1501.0,0.0,121416.0,80.89,660.0,80134560.0
2012,25,SINALOA,136,CULIACAN,3,NAVOLATO,18,NAVOLATO,6510,CAÑA DE AZUCAR SEMILLA,0,,500,Tonelada,3,PERENNES,1,RIEGO,71.0,71.0,0.0,5771.0,81.28,650.0,3751150.0
2012,25,SINALOA,136,CULIACAN,3,NAVOLATO,18,NAVOLATO,6900,CARTAMO,0,,500,Tonelada,1,OTOÑO-INVIERNO,1,RIEGO,1378.0,1378.0,0.0,3060.54,2.22,4897.4,14988678.8
2012,25,SINALOA,136,CULIACAN,3,NAVOLATO,18,NAVOLATO,11400,CHILE VERDE,1200,BELL PEPPER,500,Tonelada,1,OTOÑO-INVIERNO,1,RIEGO,257.0,257.0,0.0,11051.0,43.0,4300.0,47519300.0
2012,25,SINALOA,136,CULIACAN,3,NAVOLATO,18,NAVOLATO,11400,CHILE VERDE,1300,ANAHEIM,500,Tonelada,1,OTOÑO-INVIERNO,1,RIEGO,100.0,100.0,0.0,3500.0,35.0,4000.0,14000000.0
2012,25,SINALOA,136,CULIACAN,3,NAVOLATO,18,NAVOLATO,11400,CHILE VERDE,3500,BELL PEPPER INVERNADERO,500,Tonelada,1,OTOÑO-INVIERNO,1,RIEGO,11.0,11.0,0.0,935.0,85.0,6500.0,6077500.0
2012,25,SINALOA,136,CULIACAN,3,NAVOLATO,18,NAVOLATO,11400,CHILE VERDE,3600,BELL PEPPER MALLA SOMBRA,500,Tonelada,1,OTOÑO-INVIERNO,1,RIEGO,16.0,16.0,0.0,960.0,60.0,5500.0,5280000.0
2012,25,SINALOA,136,CULIACAN,3,NAVOLATO,18,NAVOLATO,12600,EJOTE,0,,500,Tonelada,1,OTOÑO-INVIERNO,1,RIEGO,354.0,354.0,0.0,3221.0,9.1,5145.67,16574203.07
2012,25,SINALOA,136,CULIACAN,3,NAVOLATO,18,NAVOLATO,14200,FRIJOL,500,MAYOCOBA,500,Tonelada,1,OTOÑO-INVIERNO,1,RIEGO,2154.0,2154.0,0.0,3511.0,1.63,16000.0,56176000.0
2012,25,SINALOA,136,CULIACAN,3,NAVOLATO,18,NAVOLATO,14700,GARBANZO GRANO,100,BLANCO,500,Tonelada,1,OTOÑO-INVIERNO,1,RIEGO,112.0,102.0,10.0,179.0,1.76,11000.0,1969000.0
2012,25,SINALOA,136,CULIACAN,3,NAVOLATO,18,NAVOLATO,16930,HORTALIZAS,0,,500,Tonelada,1,OTOÑO-INVIERNO,1,RIEGO,344.0,344.0,0.0,3406.0,9.9,6533.38,22252692.28
2012,25,SINALOA,136,CULIACAN,3,NAVOLATO,18,NAVOLATO,19000,LIMON,100,AGRIO (MEXICANO),500,Tonelada,3,PERENNES,1,RIEGO,3.0,3.0,0.0,10.2,3.4,3300.0,33660.0
2012,25,SINALOA,136,CULIACAN,3,NAVOLATO,18,NAVOLATO,19300,LITCHI,0,,500,Tonelada,3,PERENNES,1,RIEGO,29.0,29.0,0.0,58.0,2.0,16115.38,934692.04
2012,25,SINALOA,136,CULIACAN,3,NAVOLATO,18,NAVOLATO,19700,MAIZ GRANO,200,BLANCO,500,Tonelada,1,OTOÑO-INVIERNO,1,RIEGO,25328.0,25275.0,53.0,277342.58,10.97,4219.1,1170136058.0
2012,25,SINALOA,136,CULIACAN,3,NAVOLATO,18,NAVOLATO,20400,MANGO,0,,500,Tonelada,3,PERENNES,1,RIEGO,65.0,65.0,0.0,585.0,9.0,3500.0,2047500.0
2012,25,SINALOA,136,CULIACAN,3,NAVOLATO,18,NAVOLATO,24800,PASTOS Y PRADERAS EN VERDE,0,,500,Tonelada,1,OTOÑO-INVIERNO,1,RIEGO,30.0,0.0,30.0,0.0,0.0,0.0,0.0
2012,25,SINALOA,136,CULIACAN,3,NAVOLATO,18,NAVOLATO,24800,PASTOS Y PRADERAS EN VERDE,0,,500,Tonelada,3,PERENNES,1,RIEGO,104.0,104.0,0.0,728.0,7.0,700.0,509600.0
2012,25,SINALOA,136,CULIACAN,3,NAVOLATO,18,NAVOLATO,24900,PEPINO,200,CHINO,500,Tonelada,1,OTOÑO-INVIERNO,1,RIEGO,400.0,400.0,0.0,17200.0,43.0,3700.0,63640000.0
2012,25,SINALOA,136,CULIACAN,3,NAVOLATO,18,NAVOLATO,24900,PEPINO,300,INVERNADERO,500,Tonelada,1,OTOÑO-INVIERNO,1,RIEGO,36.0,36.0,0.0,3528.0,98.0,4500.0,15876000.0
2012,25,SINALOA,136,CULIACAN,3,NAVOLATO,18,NAVOLATO,24900,PEPINO,400,MALLA SOMBRA,500,Tonelada,1,OTOÑO-INVIERNO,1,RIEGO,40.0,40.0,0.0,2800.0,70.0,4000.0,11200000.0
2012,25,SINALOA,136,CULIACAN,3,NAVOLATO,18,NAVOLATO,28700,SANDIA,300,VERDE (JUBILIE),500,Tonelada,1,OTOÑO-INVIERNO,1,RIEGO,136.0,136.0,0.0,5984.0,44.0,3750.0,22440000.0
2012,25,SINALOA,136,CULIACAN,3,NAVOLATO,18,NAVOLATO,29500,SORGO GRANO,0,,500,Tonelada,1,OTOÑO-INVIERNO,1,RIEGO,1600.0,1373.0,227.0,9181.0,6.69,3586.63,32928850.03
2012,25,SINALOA,136,CULIACAN,3,NAVOLATO,18,NAVOLATO,30800,TOMATE ROJO (JITOMATE),1400,SALADETTE INVERNADERO,500,Tonelada,1,OTOÑO-INVIERNO,1,RIEGO,1102.0,1102.0,0.0,109098.0,99.0,2950.0,321839100.0
2012,25,SINALOA,136,CULIACAN,3,NAVOLATO,18,NAVOLATO,30800,TOMATE ROJO (JITOMATE),1500,SALADETTE MALLA SOMBRA,500,Tonelada,1,OTOÑO-INVIERNO,1,RIEGO,134.0,134.0,0.0,11390.0,85.0,3046.88,34703963.2
2012,25,SINALOA,136,CULIACAN,3,NAVOLATO,18,NAVOLATO,31500,TRIGO GRANO,400,SUAVE,500,Tonelada,1,OTOÑO-INVIERNO,1,RIEGO,12.0,12.0,0.0,60.0,5.0,3500.0,210000.0
2012,25,SINALOA,136,CULIACAN,4,CULIACAN,6,CULIACAN,1600,ALFALFA ACHICALADA,0,,500,Tonelada,3,PERENNES,1,RIEGO,28.5,28.5,0.0,235.0,8.25,2424.06,569654.1
2012,25,SINALOA,136,CULIACAN,4,CULIACAN,6,CULIACAN,4600,BERENJENA,300,INVERNADERO,500,Tonelada,1,OTOÑO-INVIERNO,1,RIEGO,760.0,760.0,0.0,77520.0,102.0,5250.0,406980000.0
2012,25,SINALOA,136,CULIACAN,4,CULIACAN,6,CULIACAN,5800,CALABACITA,200,ITALIANA (Zucchini),500,Tonelada,1,OTOÑO-INVIERNO,1,RIEGO,129.0,129.0,0.0,1393.0,10.8,4800.0,6686400.0
2012,25,SINALOA,136,CULIACAN,4,CULIACAN,6,CULIACAN,6500,CAÑA DE AZUCAR,200,INDUSTRIAL,500,Tonelada,3,PERENNES,1,RIEGO,416.0,395.0,21.0,39579.0,100.2,620.0,24538980.0
2012,25,SINALOA,136,CULIACAN,4,CULIACAN,6,CULIACAN,6900,CARTAMO,0,,500,Tonelada,1,OTOÑO-INVIERNO,1,RIEGO,282.0,282.0,0.0,648.6,2.3,5600.0,3632160.0
2012,25,SINALOA,136,CULIACAN,4,CULIACAN,6,CULIACAN,11400,CHILE VERDE,1200,BELL PEPPER,500,Tonelada,1,OTOÑO-INVIERNO,1,RIEGO,1221.41,1221.41,0.0,64391.65,52.72,3800.0,244688270.0
2012,25,SINALOA,136,CULIACAN,4,CULIACAN,6,CULIACAN,11400,CHILE VERDE,1300,ANAHEIM,500,Tonelada,1,OTOÑO-INVIERNO,1,RIEGO,360.48,360.48,0.0,17303.04,48.0,3500.0,60560640.0
2012,25,SINALOA,136,CULIACAN,4,CULIACAN,6,CULIACAN,11400,CHILE VERDE,3500,BELL PEPPER INVERNADERO,500,Tonelada,1,OTOÑO-INVIERNO,1,RIEGO,34.85,34.85,0.0,13554.7,388.94,4500.0,60996150.0
2012,25,SINALOA,136,CULIACAN,4,CULIACAN,6,CULIACAN,11400,CHILE VERDE,3600,BELL PEPPER MALLA SOMBRA,500,Tonelada,1,OTOÑO-INVIERNO,1,RIEGO,328.26,328.26,0.0,32902.1,100.23,4000.0,131608400.0
2012,25,SINALOA,136,CULIACAN,4,CULIACAN,6,CULIACAN,12600,EJOTE,0,,500,Tonelada,1,OTOÑO-INVIERNO,1,RIEGO,619.0,619.0,0.0,8047.0,13.0,3257.24,26211010.28
2012,25,SINALOA,136,CULIACAN,4,CULIACAN,6,CULIACAN,14200,FRIJOL,500,MAYOCOBA,500,Tonelada,1,OTOÑO-INVIERNO,1,RIEGO,2695.0,2695.0,0.0,4851.0,1.8,15000.0,72765000.0
2012,25,SINALOA,136,CULIACAN,4,CULIACAN,6,CULIACAN,14700,GARBANZO GRANO,100,BLANCO,500,Tonelada,1,OTOÑO-INVIERNO,1,RIEGO,5350.0,5350.0,0.0,9630.0,1.8,11000.0,105930000.0
2012,25,SINALOA,136,CULIACAN,4,CULIACAN,6,CULIACAN,16930,HORTALIZAS,0,,500,Tonelada,1,OTOÑO-INVIERNO,1,RIEGO,3867.0,3867.0,0.0,31709.4,8.2,6036.63,191417915.3
2012,25,SINALOA,136,CULIACAN,4,CULIACAN,6,CULIACAN,19000,LIMON,100,AGRIO (MEXICANO),500,Tonelada,3,PERENNES,1,RIEGO,22.0,22.0,0.0,44.0,2.0,3200.0,140800.0
2012,25,SINALOA,136,CULIACAN,4,CULIACAN,6,CULIACAN,19300,LITCHI,0,,500,Tonelada,3,PERENNES,1,RIEGO,20.0,20.0,0.0,46.0,2.3,16500.0,759000.0
2012,25,SINALOA,136,CULIACAN,4,CULIACAN,6,CULIACAN,19700,MAIZ GRANO,100,AMARILLO,500,Tonelada,1,OTOÑO-INVIERNO,1,RIEGO,388.0,388.0,0.0,3453.0,8.9,4161.83,14370798.99
2012,25,SINALOA,136,CULIACAN,4,CULIACAN,6,CULIACAN,19700,MAIZ GRANO,200,BLANCO,500,Tonelada,1,OTOÑO-INVIERNO,1,RIEGO,35265.0,30425.0,4840.0,283682.7,9.32,4000.0,1134730800.0
2012,25,SINALOA,136,CULIACAN,4,CULIACAN,6,CULIACAN,20400,MANGO,0,,500,Tonelada,3,PERENNES,1,RIEGO,4.0,4.0,0.0,32.0,8.0,3000.0,96000.0
2012,25,SINALOA,136,CULIACAN,4,CULIACAN,6,CULIACAN,22400,NARANJA,0,,500,Tonelada,3,PERENNES,1,RIEGO,37.0,37.0,0.0,234.0,6.32,1500.0,351000.0
2012,25,SINALOA,136,CULIACAN,4,CULIACAN,6,CULIACAN,24800,PASTOS Y PRADERAS EN VERDE,0,,500,Tonelada,1,OTOÑO-INVIERNO,1,RIEGO,57.0,52.0,5.0,558.5,10.74,656.15,366459.77
2012,25,SINALOA,136,CULIACAN,4,CULIACAN,6,CULIACAN,24800,PASTOS Y PRADERAS EN VERDE,0,,500,Tonelada,3,PERENNES,1,RIEGO,68.0,25.0,43.0,195.0,7.8,750.0,146250.0
2012,25,SINALOA,136,CULIACAN,4,CULIACAN,6,CULIACAN,24900,PEPINO,200,CHINO,500,Tonelada,1,OTOÑO-INVIERNO,1,RIEGO,267.8,267.8,0.0,16871.4,63.0,3700.0,62424180.0
2012,25,SINALOA,136,CULIACAN,4,CULIACAN,6,CULIACAN,24900,PEPINO,300,INVERNADERO,500,Tonelada,1,OTOÑO-INVIERNO,1,RIEGO,669.5,669.5,0.0,70297.5,105.0,3700.0,260100750.0
2012,25,SINALOA,136,CULIACAN,4,CULIACAN,6,CULIACAN,24900,PEPINO,400,MALLA SOMBRA,500,Tonelada,1,OTOÑO-INVIERNO,1,RIEGO,401.7,401.7,0.0,34144.5,85.0,3000.0,102433500.0
2012,25,SINALOA,136,CULIACAN,4,CULIACAN,6,CULIACAN,28700,SANDIA,0,,500,Tonelada,1,OTOÑO-INVIERNO,1,RIEGO,3.0,3.0,0.0,75.0,25.0,4500.0,337500.0
2012,25,SINALOA,136,CULIACAN,4,CULIACAN,6,CULIACAN,29500,SORGO GRANO,0,,500,Tonelada,1,OTOÑO-INVIERNO,1,RIEGO,1384.0,1384.0,0.0,8720.58,6.3,3537.85,30852103.95
2012,25,SINALOA,136,CULIACAN,4,CULIACAN,6,CULIACAN,30800,TOMATE ROJO (JITOMATE),800,SALADETTE,500,Tonelada,1,OTOÑO-INVIERNO,1,RIEGO,1616.0,1616.0,0.0,68119.25,42.15,2500.0,170298120.0
2012,25,SINALOA,136,CULIACAN,4,CULIACAN,6,CULIACAN,30800,TOMATE ROJO (JITOMATE),1100,BOLA,500,Tonelada,1,OTOÑO-INVIERNO,1,RIEGO,105.0,105.0,0.0,3035.0,28.91,2000.0,6070000.0
2012,25,SINALOA,136,CULIACAN,4,CULIACAN,6,CULIACAN,30800,TOMATE ROJO (JITOMATE),1400,SALADETTE INVERNADERO,500,Tonelada,1,OTOÑO-INVIERNO,1,RIEGO,852.5,852.5,0.0,140662.5,165.0,3500.0,492318750.0
2012,25,SINALOA,136,CULIACAN,4,CULIACAN,6,CULIACAN,30800,TOMATE ROJO (JITOMATE),1500,SALADETTE MALLA SOMBRA,500,Tonelada,1,OTOÑO-INVIERNO,1,RIEGO,172.0,172.0,0.0,14276.0,83.0,2600.0,37117600.0
2012,25,SINALOA,136,CULIACAN,4,CULIACAN,6,CULIACAN,30800,TOMATE ROJO (JITOMATE),1600,BOLA INVERNADERO,500,Tonelada,1,OTOÑO-INVIERNO,1,RIEGO,117.0,117.0,0.0,15210.0,130.0,2500.0,38025000.0
2012,25,SINALOA,136,CULIACAN,4,CULIACAN,6,CULIACAN,30800,TOMATE ROJO (JITOMATE),1700,BOLA MALLA SOMBRA,500,Tonelada,1,OTOÑO-INVIERNO,1,RIEGO,669.5,669.5,0.0,53560.0,80.0,2500.0,133900000.0
2012,25,SINALOA,136,CULIACAN,4,CULIACAN,18,NAVOLATO,600,AGUACATE,0,,500,Tonelada,3,PERENNES,1,RIEGO,6.0,6.0,0.0,50.4,8.4,14500.0,730800.0
2012,25,SINALOA,136,CULIACAN,4,CULIACAN,18,NAVOLATO,1600,ALFALFA ACHICALADA,0,,500,Tonelada,3,PERENNES,1,RIEGO,34.3,34.3,0.0,345.0,10.06,2423.05,835952.25
2012,25,SINALOA,136,CULIACAN,4,CULIACAN,18,NAVOLATO,4600,BERENJENA,300,INVERNADERO,500,Tonelada,1,OTOÑO-INVIERNO,1,RIEGO,327.0,327.0,0.0,32373.0,99.0,6074.32,196643961.4
2012,25,SINALOA,136,CULIACAN,4,CULIACAN,18,NAVOLATO,5800,CALABACITA,0,,500,Tonelada,1,OTOÑO-INVIERNO,1,RIEGO,62.0,62.0,0.0,670.0,10.81,6317.61,4232798.7
2012,25,SINALOA,136,CULIACAN,4,CULIACAN,18,NAVOLATO,6500,CAÑA DE AZUCAR,200,INDUSTRIAL,500,Tonelada,3,PERENNES,1,RIEGO,947.0,947.0,0.0,81757.0,86.33,640.0,52324480.0
2012,25,SINALOA,136,CULIACAN,4,CULIACAN,18,NAVOLATO,6510,CAÑA DE AZUCAR SEMILLA,0,,500,Tonelada,3,PERENNES,1,RIEGO,50.0,50.0,0.0,4320.0,86.4,650.0,2808000.0
2012,25,SINALOA,136,CULIACAN,4,CULIACAN,18,NAVOLATO,6900,CARTAMO,0,,500,Tonelada,1,OTOÑO-INVIERNO,1,RIEGO,220.0,153.0,67.0,382.5,2.5,5600.0,2142000.0
2012,25,SINALOA,136,CULIACAN,4,CULIACAN,18,NAVOLATO,11400,CHILE VERDE,3500,BELL PEPPER INVERNADERO,500,Tonelada,1,OTOÑO-INVIERNO,1,RIEGO,1073.0,1073.0,0.0,71891.0,67.0,4799.94,345072486.5
2012,25,SINALOA,136,CULIACAN,4,CULIACAN,18,NAVOLATO,12600,EJOTE,0,,500,Tonelada,1,OTOÑO-INVIERNO,1,RIEGO,343.0,343.0,0.0,4459.0,13.0,4900.02,21849189.18
2012,25,SINALOA,136,CULIACAN,4,CULIACAN,18,NAVOLATO,14200,FRIJOL,500,MAYOCOBA,500,Tonelada,1,OTOÑO-INVIERNO,1,RIEGO,968.0,968.0,0.0,1645.0,1.7,14800.0,24346000.0
2012,25,SINALOA,136,CULIACAN,4,CULIACAN,18,NAVOLATO,14700,GARBANZO GRANO,100,BLANCO,500,Tonelada,1,OTOÑO-INVIERNO,1,RIEGO,2356.0,2356.0,0.0,4241.0,1.8,10726.48,45491001.68
2012,25,SINALOA,136,CULIACAN,4,CULIACAN,18,NAVOLATO,16000,GUAYABA,0,,500,Tonelada,3,PERENNES,1,RIEGO,3.0,3.0,0.0,5.4,1.8,2300.0,12420.0
2012,25,SINALOA,136,CULIACAN,4,CULIACAN,18,NAVOLATO,16930,HORTALIZAS,0,,500,Tonelada,1,OTOÑO-INVIERNO,1,RIEGO,906.0,906.0,0.0,7429.2,8.2,5737.0,42621320.4
2012,25,SINALOA,136,CULIACAN,4,CULIACAN,18,NAVOLATO,19000,LIMON,100,AGRIO (MEXICANO),500,Tonelada,3,PERENNES,1,RIEGO,3.0,3.0,0.0,8.2,2.73,3200.0,26240.0
2012,25,SINALOA,136,CULIACAN,4,CULIACAN,18,NAVOLATO,19300,LITCHI,0,,500,Tonelada,3,PERENNES,1,RIEGO,32.0,32.0,0.0,64.0,2.0,16500.0,1056000.0
2012,25,SINALOA,136,CULIACAN,4,CULIACAN,18,NAVOLATO,19700,MAIZ GRANO,100,AMARILLO,500,Tonelada,1,OTOÑO-INVIERNO,1,RIEGO,91.0,20.0,71.0,178.0,8.9,4200.0,747600.0
2012,25,SINALOA,136,CULIACAN,4,CULIACAN,18,NAVOLATO,19700,MAIZ GRANO,200,BLANCO,500,Tonelada,1,OTOÑO-INVIERNO,1,RIEGO,16403.0,14211.0,2192.0,126961.07,8.93,4000.0,507844296.0
2012,25,SINALOA,136,CULIACAN,4,CULIACAN,18,NAVOLATO,20400,MANGO,0,,500,Tonelada,3,PERENNES,1,RIEGO,162.0,162.0,0.0,1296.0,8.0,2150.0,2786400.0
2012,25,SINALOA,136,CULIACAN,4,CULIACAN,18,NAVOLATO,22400,NARANJA,400,VALENCIA,500,Tonelada,3,PERENNES,1,RIEGO,89.0,89.0,0.0,560.0,6.29,1500.0,840000.0
2012,25,SINALOA,136,CULIACAN,4,CULIACAN,18,NAVOLATO,24800,PASTOS Y PRADERAS EN VERDE,0,,500,Tonelada,3,PERENNES,1,RIEGO,24.0,0.0,24.0,0.0,0.0,0.0,0.0
2012,25,SINALOA,136,CULIACAN,4,CULIACAN,18,NAVOLATO,24900,PEPINO,300,INVERNADERO,500,Tonelada,1,OTOÑO-INVIERNO,1,RIEGO,480.0,480.0,0.0,48960.0,102.0,3625.99,177528470.4
2012,25,SINALOA,136,CULIACAN,4,CULIACAN,18,NAVOLATO,24900,PEPINO,500,PICKLE,500,Tonelada,1,OTOÑO-INVIERNO,1,RIEGO,91.0,91.0,0.0,4895.0,53.79,3200.0,15664000.0
2012,25,SINALOA,136,CULIACAN,4,CULIACAN,18,NAVOLATO,29500,SORGO GRANO,0,,500,Tonelada,1,OTOÑO-INVIERNO,1,RIEGO,494.0,494.0,0.0,3113.19,6.3,3537.59,11013189.81
2012,25,SINALOA,136,CULIACAN,4,CULIACAN,18,NAVOLATO,30800,TOMATE ROJO (JITOMATE),800,SALADETTE,500,Tonelada,1,OTOÑO-INVIERNO,1,RIEGO,869.0,869.0,0.0,34760.0,40.0,3500.0,121660000.0
2012,25,SINALOA,136,CULIACAN,4,CULIACAN,18,NAVOLATO,30800,TOMATE ROJO (JITOMATE),1600,BOLA INVERNADERO,500,Tonelada,1,OTOÑO-INVIERNO,1,RIEGO,2024.0,2024.0,0.0,168982.0,83.49,2649.97,447797230.5
2012,25,SINALOA,136,CULIACAN,5,ELDORADO,6,CULIACAN,1600,ALFALFA ACHICALADA,0,,500,Tonelada,3,PERENNES,1,RIEGO,15.0,15.0,0.0,220.0,14.67,2576.36,566799.2
2012,25,SINALOA,136,CULIACAN,5,ELDORADO,6,CULIACAN,6500,CAÑA DE AZUCAR,200,INDUSTRIAL,500,Tonelada,3,PERENNES,1,RIEGO,6294.0,6294.0,0.0,542158.87,86.14,670.0,363246440.2
2012,25,SINALOA,136,CULIACAN,5,ELDORADO,6,CULIACAN,6510,CAÑA DE AZUCAR SEMILLA,0,,500,Tonelada,3,PERENNES,1,RIEGO,316.0,316.0,0.0,27196.0,86.06,660.0,17949360.0
2012,25,SINALOA,136,CULIACAN,5,ELDORADO,6,CULIACAN,11400,CHILE VERDE,1200,BELL PEPPER,500,Tonelada,1,OTOÑO-INVIERNO,1,RIEGO,2.0,2.0,0.0,96.0,48.0,4440.11,426250.56
2012,25,SINALOA,136,CULIACAN,5,ELDORADO,6,CULIACAN,14200,FRIJOL,500,MAYOCOBA,500,Tonelada,1,OTOÑO-INVIERNO,1,RIEGO,540.0,540.0,0.0,875.0,1.62,14900.0,13037500.0
2012,25,SINALOA,136,CULIACAN,5,ELDORADO,6,CULIACAN,14700,GARBANZO GRANO,100,BLANCO,500,Tonelada,1,OTOÑO-INVIERNO,1,RIEGO,1000.0,1000.0,0.0,1750.0,1.75,11000.0,19250000.0
2012,25,SINALOA,136,CULIACAN,5,ELDORADO,6,CULIACAN,16930,HORTALIZAS,0,,500,Tonelada,1,OTOÑO-INVIERNO,1,RIEGO,104.0,104.0,0.0,910.0,8.75,6285.71,5719996.1
2012,25,SINALOA,136,CULIACAN,5,ELDORADO,6,CULIACAN,19300,LITCHI,0,,500,Tonelada,3,PERENNES,1,RIEGO,200.0,200.0,0.0,500.0,2.5,16500.0,8250000.0
2012,25,SINALOA,136,CULIACAN,5,ELDORADO,6,CULIACAN,19700,MAIZ GRANO,100,AMARILLO,500,Tonelada,1,OTOÑO-INVIERNO,1,RIEGO,100.0,100.0,0.0,870.0,8.7,4200.0,3654000.0
2012,25,SINALOA,136,CULIACAN,5,ELDORADO,6,CULIACAN,19700,MAIZ GRANO,200,BLANCO,500,Tonelada,1,OTOÑO-INVIERNO,1,RIEGO,17840.0,17840.0,0.0,158847.36,8.9,4237.55,673123630.4
2012,25,SINALOA,136,CULIACAN,5,ELDORADO,6,CULIACAN,20400,MANGO,0,,500,Tonelada,3,PERENNES,1,RIEGO,40.0,40.0,0.0,427.0,10.68,3700.0,1579900.0
2012,25,SINALOA,136,CULIACAN,5,ELDORADO,6,CULIACAN,22400,NARANJA,400,VALENCIA,500,Tonelada,3,PERENNES,1,RIEGO,21.0,21.0,0.0,53.34,2.54,1500.0,80010.0
2012,25,SINALOA,136,CULIACAN,5,ELDORADO,6,CULIACAN,24800,PASTOS Y PRADERAS EN VERDE,0,,500,Tonelada,3,PERENNES,1,RIEGO,59.0,59.0,0.0,430.0,7.29,740.0,318200.0
2012,25,SINALOA,136,CULIACAN,5,ELDORADO,6,CULIACAN,29500,SORGO GRANO,0,,500,Tonelada,1,OTOÑO-INVIERNO,1,RIEGO,78.0,78.0,0.0,374.4,4.8,3551.14,1329546.82
2012,25,SINALOA,136,CULIACAN,5,ELDORADO,6,CULIACAN,30800,TOMATE ROJO (JITOMATE),800,SALADETTE,500,Tonelada,1,OTOÑO-INVIERNO,1,RIEGO,42.0,42.0,0.0,1890.0,45.0,2407.78,4550704.2
2012,25,SINALOA,136,CULIACAN,6,BADIRAGUATO,3,BADIRAGUATO,800,AJONJOLÍ,0,,500,Tonelada,2,PRIMAVERA-VERANO,2,TEMPORAL,210.0,189.0,21.0,147.0,0.78,12693.88,1866000.36
2012,25,SINALOA,136,CULIACAN,6,BADIRAGUATO,3,BADIRAGUATO,6900,CARTAMO,0,,500,Tonelada,1,OTOÑO-INVIERNO,2,TEMPORAL,684.0,684.0,0.0,384.0,0.56,5600.0,2150400.0
2012,25,SINALOA,136,CULIACAN,6,BADIRAGUATO,3,BADIRAGUATO,14200,FRIJOL,500,MAYOCOBA,500,Tonelada,1,OTOÑO-INVIERNO,2,TEMPORAL,724.0,724.0,0.0,435.0,0.6,11125.52,4839601.2
2012,25,SINALOA,136,CULIACAN,6,BADIRAGUATO,3,BADIRAGUATO,14700,GARBANZO GRANO,100,BLANCO,500,Tonelada,1,OTOÑO-INVIERNO,2,TEMPORAL,1840.0,1840.0,0.0,1012.0,0.55,9819.17,9937000.04
2012,25,SINALOA,136,CULIACAN,6,BADIRAGUATO,3,BADIRAGUATO,19700,MAIZ GRANO,200,BLANCO,500,Tonelada,1,OTOÑO-INVIERNO,2,TEMPORAL,228.0,228.0,0.0,285.0,1.25,4057.81,1156475.85
2012,25,SINALOA,136,CULIACAN,6,BADIRAGUATO,3,BADIRAGUATO,19700,MAIZ GRANO,200,BLANCO,500,Tonelada,2,PRIMAVERA-VERANO,2,TEMPORAL,10406.0,7284.0,3122.0,6993.0,0.96,3017.88,21104034.84
2012,25,SINALOA,136,CULIACAN,6,BADIRAGUATO,3,BADIRAGUATO,29500,SORGO GRANO,0,,500,Tonelada,1,OTOÑO-INVIERNO,2,TEMPORAL,351.0,316.0,35.0,278.0,0.88,3715.83,1033000.74
2012,25,SINALOA,136,CULIACAN,6,BADIRAGUATO,3,BADIRAGUATO,29500,SORGO GRANO,0,,500,Tonelada,2,PRIMAVERA-VERANO,2,TEMPORAL,12342.0,9256.0,3086.0,17772.0,1.92,3374.19,59966104.68
2012,25,SINALOA,136,CULIACAN,6,BADIRAGUATO,13,MOCORITO,800,AJONJOLÍ,0,,500,Tonelada,2,PRIMAVERA-VERANO,2,TEMPORAL,1503.0,1278.0,225.0,971.0,0.76,14646.76,14222003.96
2012,25,SINALOA,136,CULIACAN,6,BADIRAGUATO,13,MOCORITO,5300,CACAHUATE,0,,500,Tonelada,2,PRIMAVERA-VERANO,2,TEMPORAL,95.0,80.0,15.0,64.0,0.8,24000.0,1536000.0
2012,25,SINALOA,136,CULIACAN,6,BADIRAGUATO,13,MOCORITO,6900,CARTAMO,0,,500,Tonelada,1,OTOÑO-INVIERNO,2,TEMPORAL,4196.0,4196.0,0.0,2602.0,0.62,5400.0,14050800.0
2012,25,SINALOA,136,CULIACAN,6,BADIRAGUATO,13,MOCORITO,14200,FRIJOL,500,MAYOCOBA,500,Tonelada,1,OTOÑO-INVIERNO,2,TEMPORAL,724.0,724.0,0.0,435.0,0.6,12057.36,5244951.6
2012,25,SINALOA,136,CULIACAN,6,BADIRAGUATO,13,MOCORITO,14700,GARBANZO GRANO,100,BLANCO,500,Tonelada,1,OTOÑO-INVIERNO,2,TEMPORAL,1840.0,1840.0,0.0,1269.6,0.69,10500.0,13330800.0
2012,25,SINALOA,136,CULIACAN,6,BADIRAGUATO,13,MOCORITO,19700,MAIZ GRANO,200,BLANCO,500,Tonelada,1,OTOÑO-INVIERNO,2,TEMPORAL,228.0,228.0,0.0,342.0,1.5,4083.81,1396663.02
2012,25,SINALOA,136,CULIACAN,6,BADIRAGUATO,13,MOCORITO,19700,MAIZ GRANO,200,BLANCO,500,Tonelada,2,PRIMAVERA-VERANO,2,TEMPORAL,3340.0,2238.0,1102.0,2193.0,0.98,3010.03,6600995.79
2012,25,SINALOA,136,CULIACAN,6,BADIRAGUATO,13,MOCORITO,29500,SORGO GRANO,0,,500,Tonelada,1,OTOÑO-INVIERNO,2,TEMPORAL,576.0,534.0,42.0,521.0,0.98,3517.66,1832700.86
2012,25,SINALOA,136,CULIACAN,6,BADIRAGUATO,13,MOCORITO,29500,SORGO GRANO,0,,500,Tonelada,2,PRIMAVERA-VERANO,2,TEMPORAL,11315.0,8147.0,3168.0,15398.0,1.89,3378.05,52015213.9
2012,25,SINALOA,137,LA CRUZ,1,PUEBLOS UNIDOS,6,CULIACAN,800,AJONJOLÍ,0,,500,Tonelada,2,PRIMAVERA-VERANO,2,TEMPORAL,500.0,500.0,0.0,425.0,0.85,13460.0,5720500.0
2012,25,SINALOA,137,LA CRUZ,1,PUEBLOS UNIDOS,6,CULIACAN,1500,ALFALFA VERDE,0,,500,Tonelada,3,PERENNES,1,RIEGO,28.0,26.0,2.0,305.0,11.73,410.0,125050.0
2012,25,SINALOA,137,LA CRUZ,1,PUEBLOS UNIDOS,6,CULIACAN,5300,CACAHUATE,0,,500,Tonelada,2,PRIMAVERA-VERANO,2,TEMPORAL,1350.5,1350.5,0.0,1823.2,1.35,15000.0,27348000.0
2012,25,SINALOA,137,LA CRUZ,1,PUEBLOS UNIDOS,6,CULIACAN,6500,CAÑA DE AZUCAR,200,INDUSTRIAL,500,Tonelada,3,PERENNES,1,RIEGO,3757.0,3168.0,589.0,291323.0,91.96,645.38,188014037.7
2012,25,SINALOA,137,LA CRUZ,1,PUEBLOS UNIDOS,6,CULIACAN,6510,CAÑA DE AZUCAR SEMILLA,0,,500,Tonelada,3,PERENNES,1,RIEGO,136.0,136.0,0.0,12548.0,92.27,650.0,8156200.0
2012,25,SINALOA,137,LA CRUZ,1,PUEBLOS UNIDOS,6,CULIACAN,6900,CARTAMO,0,,500,Tonelada,1,OTOÑO-INVIERNO,1,RIEGO,765.71,765.71,0.0,1133.25,1.48,4500.0,5099625.0
2012,25,SINALOA,137,LA CRUZ,1,PUEBLOS UNIDOS,6,CULIACAN,12600,EJOTE,0,,500,Tonelada,1,OTOÑO-INVIERNO,1,RIEGO,140.0,140.0,0.0,420.0,3.0,3300.0,1386000.0
2012,25,SINALOA,137,LA CRUZ,1,PUEBLOS UNIDOS,6,CULIACAN,14200,FRIJOL,100,AZUFRADO,500,Tonelada,1,OTOÑO-INVIERNO,1,RIEGO,2153.7,2153.7,0.0,3015.18,1.4,16000.0,48242880.0
2012,25,SINALOA,137,LA CRUZ,1,PUEBLOS UNIDOS,6,CULIACAN,14700,GARBANZO GRANO,100,BLANCO,500,Tonelada,1,OTOÑO-INVIERNO,1,RIEGO,662.66,662.66,0.0,1126.52,1.7,8500.0,9575420.0
2012,25,SINALOA,137,LA CRUZ,1,PUEBLOS UNIDOS,6,CULIACAN,16930,HORTALIZAS,0,,500,Tonelada,1,OTOÑO-INVIERNO,1,RIEGO,13.0,13.0,0.0,104.0,8.0,7500.0,780000.0
2012,25,SINALOA,137,LA CRUZ,1,PUEBLOS UNIDOS,6,CULIACAN,19300,LITCHI,0,,500,Tonelada,3,PERENNES,1,RIEGO,36.0,0.0,36.0,0.0,0.0,0.0,0.0
2012,25,SINALOA,137,LA CRUZ,1,PUEBLOS UNIDOS,6,CULIACAN,19700,MAIZ GRANO,100,AMARILLO,500,Tonelada,1,OTOÑO-INVIERNO,1,RIEGO,330.44,330.44,0.0,3139.18,9.5,4000.0,12556720.0
2012,25,SINALOA,137,LA CRUZ,1,PUEBLOS UNIDOS,6,CULIACAN,19700,MAIZ GRANO,200,BLANCO,500,Tonelada,1,OTOÑO-INVIERNO,1,RIEGO,23497.0,23497.0,0.0,211238.03,8.99,4000.0,844952120.0
2012,25,SINALOA,137,LA CRUZ,1,PUEBLOS UNIDOS,6,CULIACAN,19700,MAIZ GRANO,200,BLANCO,500,Tonelada,2,PRIMAVERA-VERANO,2,TEMPORAL,290.5,290.5,0.0,348.6,1.2,4700.0,1638420.0
2012,25,SINALOA,137,LA CRUZ,1,PUEBLOS UNIDOS,6,CULIACAN,20400,MANGO,500,KENT,500,Tonelada,3,PERENNES,1,RIEGO,25.0,25.0,0.0,60.0,2.4,1500.0,90000.0
2012,25,SINALOA,137,LA CRUZ,1,PUEBLOS UNIDOS,6,CULIACAN,23000,NOPALITOS,0,,500,Tonelada,3,PERENNES,1,RIEGO,3.0,3.0,0.0,20.25,6.75,2484.44,50309.91
2012,25,SINALOA,137,LA CRUZ,1,PUEBLOS UNIDOS,6,CULIACAN,24700,PAPAYA,100,AMARILLA,500,Tonelada,3,PERENNES,1,RIEGO,20.0,20.0,0.0,368.44,18.42,3750.0,1381650.0
2012,25,SINALOA,137,LA CRUZ,1,PUEBLOS UNIDOS,6,CULIACAN,24700,PAPAYA,100,AMARILLA,500,Tonelada,3,PERENNES,2,TEMPORAL,10.0,10.0,0.0,46.0,4.6,3700.0,170200.0
2012,25,SINALOA,137,LA CRUZ,1,PUEBLOS UNIDOS,6,CULIACAN,29300,SORGO FORRAJERO EN VERDE,0,,500,Tonelada,2,PRIMAVERA-VERANO,2,TEMPORAL,264.2,264.2,0.0,2166.44,8.2,350.0,758254.0
2012,25,SINALOA,137,LA CRUZ,1,PUEBLOS UNIDOS,6,CULIACAN,29500,SORGO GRANO,0,,500,Tonelada,1,OTOÑO-INVIERNO,1,RIEGO,93.24,93.24,0.0,428.9,4.6,3500.0,1501150.0
2012,25,SINALOA,137,LA CRUZ,1,PUEBLOS UNIDOS,6,CULIACAN,29500,SORGO GRANO,0,,500,Tonelada,2,PRIMAVERA-VERANO,2,TEMPORAL,11950.8,11275.73,675.07,17590.14,1.56,3550.0,62444997.0
2012,25,SINALOA,137,LA CRUZ,1,PUEBLOS UNIDOS,6,CULIACAN,30800,TOMATE ROJO (JITOMATE),300,EXPORTACION,500,Tonelada,1,OTOÑO-INVIERNO,1,RIEGO,115.53,115.53,0.0,5198.85,45.0,8200.0,42630570.0
2012,25,SINALOA,137,LA CRUZ,1,PUEBLOS UNIDOS,6,CULIACAN,30800,TOMATE ROJO (JITOMATE),1500,SALADETTE MALLA SOMBRA,500,Tonelada,1,OTOÑO-INVIERNO,1,RIEGO,75.0,75.0,0.0,7672.25,102.3,8750.0,67132187.5
2012,25,SINALOA,137,LA CRUZ,1,PUEBLOS UNIDOS,6,CULIACAN,32800,ZACATE,400,BUFFEL,500,Tonelada,3,PERENNES,1,RIEGO,252.0,252.0,0.0,5756.69,22.84,560.0,3223746.4
2012,25,SINALOA,137,LA CRUZ,1,PUEBLOS UNIDOS,6,CULIACAN,32800,ZACATE,600,SUDAN,500,Tonelada,3,PERENNES,2,TEMPORAL,182.0,182.0,0.0,4590.04,25.22,540.0,2478621.6
2012,25,SINALOA,137,LA CRUZ,2,ELOTA-COSALA,5,COSALA,800,AJONJOLÍ,0,,500,Tonelada,2,PRIMAVERA-VERANO,2,TEMPORAL,2.0,2.0,0.0,0.8,0.4,13460.0,10768.0
2012,25,SINALOA,137,LA CRUZ,2,ELOTA-COSALA,5,COSALA,1500,ALFALFA VERDE,0,,500,Tonelada,3,PERENNES,1,RIEGO,46.0,46.0,0.0,679.88,14.78,460.0,312744.8
2012,25,SINALOA,137,LA CRUZ,2,ELOTA-COSALA,5,COSALA,5300,CACAHUATE,0,,500,Tonelada,2,PRIMAVERA-VERANO,2,TEMPORAL,2.0,2.0,0.0,2.0,1.0,15000.0,30000.0
2012,25,SINALOA,137,LA CRUZ,2,ELOTA-COSALA,5,COSALA,6500,CAÑA DE AZUCAR,200,INDUSTRIAL,500,Tonelada,3,PERENNES,1,RIEGO,18.0,18.0,0.0,1710.0,95.0,660.0,1128600.0
2012,25,SINALOA,137,LA CRUZ,2,ELOTA-COSALA,5,COSALA,14200,FRIJOL,100,AZUFRADO,500,Tonelada,1,OTOÑO-INVIERNO,1,RIEGO,54.19,50.0,4.19,70.0,1.4,18000.0,1260000.0
2012,25,SINALOA,137,LA CRUZ,2,ELOTA-COSALA,5,COSALA,14200,FRIJOL,100,AZUFRADO,500,Tonelada,1,OTOÑO-INVIERNO,2,TEMPORAL,4.5,4.5,0.0,1.9,0.42,15000.0,28500.0
2012,25,SINALOA,137,LA CRUZ,2,ELOTA-COSALA,5,COSALA,19700,MAIZ GRANO,200,BLANCO,500,Tonelada,1,OTOÑO-INVIERNO,1,RIEGO,11.0,11.0,0.0,85.8,7.8,4200.0,360360.0
2012,25,SINALOA,137,LA CRUZ,2,ELOTA-COSALA,5,COSALA,19700,MAIZ GRANO,200,BLANCO,500,Tonelada,1,OTOÑO-INVIERNO,2,TEMPORAL,2.0,2.0,0.0,5.0,2.5,3900.0,19500.0
2012,25,SINALOA,137,LA CRUZ,2,ELOTA-COSALA,5,COSALA,19700,MAIZ GRANO,200,BLANCO,500,Tonelada,2,PRIMAVERA-VERANO,2,TEMPORAL,3202.0,3042.0,160.0,3650.4,1.2,3160.0,11535264.0
2012,25,SINALOA,137,LA CRUZ,2,ELOTA-COSALA,5,COSALA,29300,SORGO FORRAJERO EN VERDE,0,,500,Tonelada,2,PRIMAVERA-VERANO,2,TEMPORAL,3439.24,3439.24,0.0,26138.22,7.6,477.62,12484136.64
2012,25,SINALOA,137,LA CRUZ,2,ELOTA-COSALA,5,COSALA,29500,SORGO GRANO,0,,500,Tonelada,2,PRIMAVERA-VERANO,2,TEMPORAL,13.5,13.5,0.0,49.28,3.65,3550.0,174944.0
2012,25,SINALOA,137,LA CRUZ,2,ELOTA-COSALA,8,ELOTA,800,AJONJOLÍ,0,,500,Tonelada,1,OTOÑO-INVIERNO,1,RIEGO,26.0,0.0,26.0,0.0,0.0,0.0,0.0
2012,25,SINALOA,137,LA CRUZ,2,ELOTA-COSALA,8,ELOTA,800,AJONJOLÍ,0,,500,Tonelada,2,PRIMAVERA-VERANO,1,RIEGO,247.5,247.5,0.0,173.25,0.7,13460.0,2331945.0
2012,25,SINALOA,137,LA CRUZ,2,ELOTA-COSALA,8,ELOTA,800,AJONJOLÍ,0,,500,Tonelada,2,PRIMAVERA-VERANO,2,TEMPORAL,1800.5,1700.5,100.0,782.0,0.46,13508.58,10563709.56
2012,25,SINALOA,137,LA CRUZ,2,ELOTA-COSALA,8,ELOTA,1500,ALFALFA VERDE,0,,500,Tonelada,3,PERENNES,1,RIEGO,23.0,23.0,0.0,340.0,14.78,520.0,176800.0
2012,25,SINALOA,137,LA CRUZ,2,ELOTA-COSALA,8,ELOTA,4600,BERENJENA,0,,500,Tonelada,1,OTOÑO-INVIERNO,1,RIEGO,6.0,6.0,0.0,390.0,65.0,5600.0,2184000.0
2012,25,SINALOA,137,LA CRUZ,2,ELOTA-COSALA,8,ELOTA,5800,CALABACITA,200,ITALIANA (Zucchini),500,Tonelada,1,OTOÑO-INVIERNO,1,RIEGO,21.0,21.0,0.0,264.0,12.57,5600.0,1478400.0
2012,25,SINALOA,137,LA CRUZ,2,ELOTA-COSALA,8,ELOTA,6000,CALABAZA,200,KABOCHA,500,Tonelada,1,OTOÑO-INVIERNO,1,RIEGO,11.0,0.0,11.0,0.0,0.0,0.0,0.0
2012,25,SINALOA,137,LA CRUZ,2,ELOTA-COSALA,8,ELOTA,6500,CAÑA DE AZUCAR,200,INDUSTRIAL,500,Tonelada,3,PERENNES,1,RIEGO,254.0,254.0,0.0,30490.16,120.04,660.0,20123505.6
2012,25,SINALOA,137,LA CRUZ,2,ELOTA-COSALA,8,ELOTA,6900,CARTAMO,0,,500,Tonelada,1,OTOÑO-INVIERNO,1,RIEGO,458.0,458.0,0.0,412.2,0.9,5580.0,2300076.0
2012,25,SINALOA,137,LA CRUZ,2,ELOTA-COSALA,8,ELOTA,6900,CARTAMO,0,,500,Tonelada,1,OTOÑO-INVIERNO,2,TEMPORAL,9.0,9.0,0.0,5.4,0.6,3000.0,16200.0
2012,25,SINALOA,137,LA CRUZ,2,ELOTA-COSALA,8,ELOTA,11400,CHILE VERDE,3600,BELL PEPPER MALLA SOMBRA,500,Tonelada,1,OTOÑO-INVIERNO,1,RIEGO,1156.0,1156.0,0.0,97751.36,84.56,7500.0,733135200.0
2012,25,SINALOA,137,LA CRUZ,2,ELOTA-COSALA,8,ELOTA,14000,FRESA,0,,500,Tonelada,1,OTOÑO-INVIERNO,1,RIEGO,2.0,2.0,0.0,22.0,11.0,18500.0,407000.0
2012,25,SINALOA,137,LA CRUZ,2,ELOTA-COSALA,8,ELOTA,14200,FRIJOL,100,AZUFRADO,500,Tonelada,1,OTOÑO-INVIERNO,1,RIEGO,137.0,137.0,0.0,224.68,1.64,18236.43,4097361.09
2012,25,SINALOA,137,LA CRUZ,2,ELOTA-COSALA,8,ELOTA,14200,FRIJOL,100,AZUFRADO,500,Tonelada,2,PRIMAVERA-VERANO,2,TEMPORAL,20.0,20.0,0.0,20.0,1.0,20000.0,400000.0
2012,25,SINALOA,137,LA CRUZ,2,ELOTA-COSALA,8,ELOTA,14700,GARBANZO GRANO,100,BLANCO,500,Tonelada,1,OTOÑO-INVIERNO,1,RIEGO,106.5,106.5,0.0,181.05,1.7,10500.0,1901025.0
2012,25,SINALOA,137,LA CRUZ,2,ELOTA-COSALA,8,ELOTA,14700,GARBANZO GRANO,100,BLANCO,500,Tonelada,1,OTOÑO-INVIERNO,2,TEMPORAL,10.0,10.0,0.0,7.0,0.7,10000.0,70000.0
2012,25,SINALOA,137,LA CRUZ,2,ELOTA-COSALA,8,ELOTA,19000,LIMON,200,PERSA,500,Tonelada,3,PERENNES,1,RIEGO,40.0,40.0,0.0,528.0,13.2,3200.0,1689600.0
2012,25,SINALOA,137,LA CRUZ,2,ELOTA-COSALA,8,ELOTA,19700,MAIZ GRANO,200,BLANCO,500,Tonelada,1,OTOÑO-INVIERNO,1,RIEGO,11335.5,11335.5,0.0,124690.5,11.0,4000.0,498762000.0
2012,25,SINALOA,137,LA CRUZ,2,ELOTA-COSALA,8,ELOTA,19700,MAIZ GRANO,200,BLANCO,500,Tonelada,2,PRIMAVERA-VERANO,1,RIEGO,71.5,71.5,0.0,568.0,7.94,4700.0,2669600.0
2012,25,SINALOA,137,LA CRUZ,2,ELOTA-COSALA,8,ELOTA,19700,MAIZ GRANO,200,BLANCO,500,Tonelada,2,PRIMAVERA-VERANO,2,TEMPORAL,560.22,560.22,0.0,784.3,1.4,4700.0,3686210.0
2012,25,SINALOA,137,LA CRUZ,2,ELOTA-COSALA,8,ELOTA,20400,MANGO,500,KENT,500,Tonelada,3,PERENNES,1,RIEGO,40.0,0.0,40.0,0.0,0.0,0.0,0.0
2012,25,SINALOA,137,LA CRUZ,2,ELOTA-COSALA,8,ELOTA,22400,NARANJA,400,VALENCIA,500,Tonelada,3,PERENNES,1,RIEGO,42.0,7.0,35.0,30.0,4.29,3000.0,90000.0
2012,25,SINALOA,137,LA CRUZ,2,ELOTA-COSALA,8,ELOTA,23000,NOPALITOS,0,,500,Tonelada,3,PERENNES,1,RIEGO,3.0,3.0,0.0,16.8,5.6,2800.0,47040.0
2012,25,SINALOA,137,LA CRUZ,2,ELOTA-COSALA,8,ELOTA,24700,PAPAYA,300,MARADOL,500,Tonelada,3,PERENNES,1,RIEGO,6.0,6.0,0.0,103.32,17.22,3700.0,382284.0
2012,25,SINALOA,137,LA CRUZ,2,ELOTA-COSALA,8,ELOTA,24900,PEPINO,200,CHINO,500,Tonelada,1,OTOÑO-INVIERNO,1,RIEGO,737.5,737.5,0.0,53402.37,72.41,3700.0,197588769.0
2012,25,SINALOA,137,LA CRUZ,2,ELOTA-COSALA,8,ELOTA,26300,PITAHAYA,0,,500,Tonelada,3,PERENNES,1,RIEGO,0.5,0.0,0.5,0.0,0.0,0.0,0.0
2012,25,SINALOA,137,LA CRUZ,2,ELOTA-COSALA,8,ELOTA,29000,SHOP SUEY,0,,500,Tonelada,1,OTOÑO-INVIERNO,1,RIEGO,49.0,49.0,0.0,93.1,1.9,11278.2,1050000.42
2012,25,SINALOA,137,LA CRUZ,2,ELOTA-COSALA,8,ELOTA,29000,SHOP SUEY,0,,500,Tonelada,2,PRIMAVERA-VERANO,1,RIEGO,9.5,9.5,0.0,13.3,1.4,14000.0,186200.0
2012,25,SINALOA,137,LA CRUZ,2,ELOTA-COSALA,8,ELOTA,29000,SHOP SUEY,0,,500,Tonelada,2,PRIMAVERA-VERANO,2,TEMPORAL,98.0,98.0,0.0,98.0,1.0,14000.0,1372000.0
2012,25,SINALOA,137,LA CRUZ,2,ELOTA-COSALA,8,ELOTA,29300,SORGO FORRAJERO EN VERDE,0,,500,Tonelada,1,OTOÑO-INVIERNO,1,RIEGO,394.0,394.0,0.0,3940.0,10.0,650.0,2561000.0
2012,25,SINALOA,137,LA CRUZ,2,ELOTA-COSALA,8,ELOTA,29300,SORGO FORRAJERO EN VERDE,0,,500,Tonelada,1,OTOÑO-INVIERNO,2,TEMPORAL,16.0,16.0,0.0,6.4,0.4,350.0,2240.0
2012,25,SINALOA,137,LA CRUZ,2,ELOTA-COSALA,8,ELOTA,29300,SORGO FORRAJERO EN VERDE,0,,500,Tonelada,2,PRIMAVERA-VERANO,1,RIEGO,233.0,233.0,0.0,3245.69,13.93,550.0,1785129.5
2012,25,SINALOA,137,LA CRUZ,2,ELOTA-COSALA,8,ELOTA,29300,SORGO FORRAJERO EN VERDE,0,,500,Tonelada,2,PRIMAVERA-VERANO,2,TEMPORAL,1850.3,1850.3,0.0,15390.8,8.32,250.0,3847700.0
2012,25,SINALOA,137,LA CRUZ,2,ELOTA-COSALA,8,ELOTA,29400,SORGO ESCOBERO,0,,500,Tonelada,1,OTOÑO-INVIERNO,2,TEMPORAL,10.0,10.0,0.0,6.0,0.6,5000.0,30000.0
2012,25,SINALOA,137,LA CRUZ,2,ELOTA-COSALA,8,ELOTA,29400,SORGO ESCOBERO,100,VERDE,500,Tonelada,1,OTOÑO-INVIERNO,1,RIEGO,33.0,33.0,0.0,42.9,1.3,2500.0,107250.0
2012,25,SINALOA,137,LA CRUZ,2,ELOTA-COSALA,8,ELOTA,29400,SORGO ESCOBERO,100,VERDE,500,Tonelada,2,PRIMAVERA-VERANO,2,TEMPORAL,33.0,33.0,0.0,34.65,1.05,564.46,19558.54
2012,25,SINALOA,137,LA CRUZ,2,ELOTA-COSALA,8,ELOTA,29500,SORGO GRANO,0,,500,Tonelada,1,OTOÑO-INVIERNO,1,RIEGO,963.46,963.46,0.0,4142.88,4.3,3489.24,14455502.61
2012,25,SINALOA,137,LA CRUZ,2,ELOTA-COSALA,8,ELOTA,29500,SORGO GRANO,0,,500,Tonelada,1,OTOÑO-INVIERNO,2,TEMPORAL,475.0,475.0,0.0,237.5,0.5,3200.0,760000.0
2012,25,SINALOA,137,LA CRUZ,2,ELOTA-COSALA,8,ELOTA,29500,SORGO GRANO,0,,500,Tonelada,2,PRIMAVERA-VERANO,1,RIEGO,1844.0,1844.0,0.0,7376.0,4.0,3550.0,26184800.0
2012,25,SINALOA,137,LA CRUZ,2,ELOTA-COSALA,8,ELOTA,29500,SORGO GRANO,0,,500,Tonelada,2,PRIMAVERA-VERANO,2,TEMPORAL,16022.0,15431.67,590.33,24690.67,1.6,3550.0,87651878.5
2012,25,SINALOA,137,LA CRUZ,2,ELOTA-COSALA,8,ELOTA,30800,TOMATE ROJO (JITOMATE),1000,INVERNADERO EXPORTACION,500,Tonelada,1,OTOÑO-INVIERNO,1,RIEGO,2006.0,2006.0,0.0,150450.0,75.0,2500.0,376125000.0
2012,25,SINALOA,137,LA CRUZ,2,ELOTA-COSALA,8,ELOTA,31000,TOMATE VERDE,0,,500,Tonelada,1,OTOÑO-INVIERNO,1,RIEGO,54.0,54.0,0.0,648.0,12.0,3500.0,2268000.0
2012,25,SINALOA,137,LA CRUZ,2,ELOTA-COSALA,8,ELOTA,32800,ZACATE,600,SUDAN,500,Tonelada,3,PERENNES,1,RIEGO,75.0,75.0,0.0,2211.98,29.49,520.0,1150229.6
2012,25,SINALOA,137,LA CRUZ,3,COYOTITAN,16,SAN IGNACIO,500,AGAVE,100,MEZCALERO,500,Tonelada,3,PERENNES,1,RIEGO,20.0,0.0,20.0,0.0,0.0,0.0,0.0
2012,25,SINALOA,137,LA CRUZ,3,COYOTITAN,16,SAN IGNACIO,500,AGAVE,100,MEZCALERO,500,Tonelada,3,PERENNES,2,TEMPORAL,90.0,80.0,10.0,2000.0,25.0,1500.0,3000000.0
2012,25,SINALOA,137,LA CRUZ,3,COYOTITAN,16,SAN IGNACIO,800,AJONJOLÍ,0,,500,Tonelada,2,PRIMAVERA-VERANO,2,TEMPORAL,155.0,147.25,7.75,66.7,0.45,13184.41,879400.15
2012,25,SINALOA,137,LA CRUZ,3,COYOTITAN,16,SAN IGNACIO,1500,ALFALFA VERDE,0,,500,Tonelada,3,PERENNES,1,RIEGO,22.0,20.0,2.0,426.6,21.33,575.0,245295.0
2012,25,SINALOA,137,LA CRUZ,3,COYOTITAN,16,SAN IGNACIO,6900,CARTAMO,0,,500,Tonelada,1,OTOÑO-INVIERNO,1,RIEGO,490.0,240.0,250.0,204.0,0.85,6000.0,1224000.0
2012,25,SINALOA,137,LA CRUZ,3,COYOTITAN,16,SAN IGNACIO,8300,CIRUELA,200,DEL PAIS,500,Tonelada,3,PERENNES,2,TEMPORAL,62.0,62.0,0.0,172.36,2.78,5000.0,861800.0
2012,25,SINALOA,137,LA CRUZ,3,COYOTITAN,16,SAN IGNACIO,11400,CHILE VERDE,1200,BELL PEPPER,500,Tonelada,1,OTOÑO-INVIERNO,1,RIEGO,200.5,200.5,0.0,4812.0,24.0,6400.0,30796800.0
2012,25,SINALOA,137,LA CRUZ,3,COYOTITAN,16,SAN IGNACIO,14200,FRIJOL,100,AZUFRADO,500,Tonelada,1,OTOÑO-INVIERNO,1,RIEGO,542.0,542.0,0.0,1084.0,2.0,16000.0,17344000.0
2012,25,SINALOA,137,LA CRUZ,3,COYOTITAN,16,SAN IGNACIO,14200,FRIJOL,100,AZUFRADO,500,Tonelada,1,OTOÑO-INVIERNO,2,TEMPORAL,36.16,36.16,0.0,16.0,0.44,17000.0,272000.0
2012,25,SINALOA,137,LA CRUZ,3,COYOTITAN,16,SAN IGNACIO,14200,FRIJOL,100,AZUFRADO,500,Tonelada,2,PRIMAVERA-VERANO,1,RIEGO,40.0,40.0,0.0,46.0,1.15,22000.0,1012000.0
2012,25,SINALOA,137,LA CRUZ,3,COYOTITAN,16,SAN IGNACIO,14200,FRIJOL,100,AZUFRADO,500,Tonelada,2,PRIMAVERA-VERANO,2,TEMPORAL,88.0,83.6,4.4,83.6,1.0,19000.0,1588400.0
2012,25,SINALOA,137,LA CRUZ,3,COYOTITAN,16,SAN IGNACIO,19000,LIMON,200,PERSA,500,Tonelada,3,PERENNES,1,RIEGO,17.0,17.0,0.0,306.0,18.0,2500.0,765000.0
2012,25,SINALOA,137,LA CRUZ,3,COYOTITAN,16,SAN IGNACIO,19700,MAIZ GRANO,200,BLANCO,500,Tonelada,1,OTOÑO-INVIERNO,1,RIEGO,877.0,877.0,0.0,9256.0,10.55,4116.98,38106766.88
2012,25,SINALOA,137,LA CRUZ,3,COYOTITAN,16,SAN IGNACIO,19700,MAIZ GRANO,200,BLANCO,500,Tonelada,1,OTOÑO-INVIERNO,2,TEMPORAL,35.0,35.0,0.0,122.5,3.5,4100.0,502250.0
2012,25,SINALOA,137,LA CRUZ,3,COYOTITAN,16,SAN IGNACIO,19700,MAIZ GRANO,200,BLANCO,500,Tonelada,2,PRIMAVERA-VERANO,2,TEMPORAL,2655.9,2523.1,132.8,3128.64,1.24,3160.0,9886502.4
2012,25,SINALOA,137,LA CRUZ,3,COYOTITAN,16,SAN IGNACIO,20400,MANGO,500,KENT,500,Tonelada,3,PERENNES,1,RIEGO,25.5,5.0,20.5,25.0,5.0,1500.0,37500.0
2012,25,SINALOA,137,LA CRUZ,3,COYOTITAN,16,SAN IGNACIO,20400,MANGO,500,KENT,500,Tonelada,3,PERENNES,2,TEMPORAL,57.0,57.0,0.0,90.06,1.58,1500.0,135090.0
2012,25,SINALOA,137,LA CRUZ,3,COYOTITAN,16,SAN IGNACIO,22400,NARANJA,400,VALENCIA,500,Tonelada,3,PERENNES,1,RIEGO,32.0,0.0,32.0,0.0,0.0,0.0,0.0
2012,25,SINALOA,137,LA CRUZ,3,COYOTITAN,16,SAN IGNACIO,29300,SORGO FORRAJERO EN VERDE,0,,500,Tonelada,1,OTOÑO-INVIERNO,1,RIEGO,455.0,455.0,0.0,4550.0,10.0,650.0,2957500.0
2012,25,SINALOA,137,LA CRUZ,3,COYOTITAN,16,SAN IGNACIO,29300,SORGO FORRAJERO EN VERDE,0,,500,Tonelada,1,OTOÑO-INVIERNO,2,TEMPORAL,134.0,134.0,0.0,643.2,4.8,600.0,385920.0
2012,25,SINALOA,137,LA CRUZ,3,COYOTITAN,16,SAN IGNACIO,29300,SORGO FORRAJERO EN VERDE,0,,500,Tonelada,2,PRIMAVERA-VERANO,2,TEMPORAL,1760.45,1560.45,200.0,12483.6,8.0,468.82,5852561.35
2012,25,SINALOA,137,LA CRUZ,3,COYOTITAN,16,SAN IGNACIO,29500,SORGO GRANO,0,,500,Tonelada,1,OTOÑO-INVIERNO,1,RIEGO,433.0,433.0,0.0,2081.43,4.81,2326.72,4842907.14
2012,25,SINALOA,137,LA CRUZ,3,COYOTITAN,16,SAN IGNACIO,29500,SORGO GRANO,0,,500,Tonelada,1,OTOÑO-INVIERNO,2,TEMPORAL,65.0,65.0,0.0,110.5,1.7,3600.0,397800.0
2012,25,SINALOA,137,LA CRUZ,3,COYOTITAN,16,SAN IGNACIO,29500,SORGO GRANO,0,,500,Tonelada,2,PRIMAVERA-VERANO,2,TEMPORAL,3000.0,2695.0,305.0,3907.75,1.45,3550.0,13872512.5
2012,25,SINALOA,137,LA CRUZ,3,COYOTITAN,16,SAN IGNACIO,32800,ZACATE,400,BUFFEL,500,Tonelada,3,PERENNES,1,RIEGO,44.64,44.64,0.0,1160.64,26.0,750.0,870480.0
2012,25,SINALOA,137,LA CRUZ,3,COYOTITAN,16,SAN IGNACIO,32800,ZACATE,600,SUDAN,500,Tonelada,3,PERENNES,2,TEMPORAL,3582.0,3582.0,0.0,37611.0,10.5,555.0,20874105.0
2012,25,SINALOA,138,MAZATLAN,1,MAZATLAN,12,MAZATLAN,500,AGAVE,200,TEQUILERO,500,Tonelada,3,PERENNES,1,RIEGO,120.0,0.0,120.0,0.0,0.0,0.0,0.0
2012,25,SINALOA,138,MAZATLAN,1,MAZATLAN,12,MAZATLAN,500,AGAVE,200,TEQUILERO,500,Tonelada,3,PERENNES,2,TEMPORAL,133.0,70.0,63.0,2500.0,35.71,1100.0,2750000.0
2012,25,SINALOA,138,MAZATLAN,1,MAZATLAN,12,MAZATLAN,5300,CACAHUATE,0,,500,Tonelada,2,PRIMAVERA-VERANO,2,TEMPORAL,22.0,22.0,0.0,17.16,0.78,9000.0,154440.0
2012,25,SINALOA,138,MAZATLAN,1,MAZATLAN,12,MAZATLAN,5800,CALABACITA,0,,500,Tonelada,2,PRIMAVERA-VERANO,1,RIEGO,9.0,9.0,0.0,110.0,12.22,3000.0,330000.0
2012,25,SINALOA,138,MAZATLAN,1,MAZATLAN,12,MAZATLAN,5800,CALABACITA,0,,500,Tonelada,2,PRIMAVERA-VERANO,2,TEMPORAL,32.0,32.0,0.0,224.0,7.0,3000.0,672000.0
2012,25,SINALOA,138,MAZATLAN,1,MAZATLAN,12,MAZATLAN,5800,CALABACITA,200,ITALIANA (Zucchini),500,Tonelada,1,OTOÑO-INVIERNO,1,RIEGO,29.5,29.5,0.0,367.38,12.45,3800.0,1396044.0
2012,25,SINALOA,138,MAZATLAN,1,MAZATLAN,12,MAZATLAN,8300,CIRUELA,200,DEL PAIS,500,Tonelada,3,PERENNES,2,TEMPORAL,35.0,35.0,0.0,29.05,0.83,9000.0,261450.0
2012,25,SINALOA,138,MAZATLAN,1,MAZATLAN,12,MAZATLAN,8800,COCO FRUTA,0,,500,Tonelada,3,PERENNES,2,TEMPORAL,770.0,770.0,0.0,6160.0,8.0,2020.0,12443200.0
2012,25,SINALOA,138,MAZATLAN,1,MAZATLAN,12,MAZATLAN,11400,CHILE VERDE,0,,500,Tonelada,1,OTOÑO-INVIERNO,1,RIEGO,3.5,3.5,0.0,65.63,18.75,7032.46,461540.35
2012,25,SINALOA,138,MAZATLAN,1,MAZATLAN,12,MAZATLAN,11400,CHILE VERDE,200,JALAPEÑO,500,Tonelada,1,OTOÑO-INVIERNO,1,RIEGO,83.0,83.0,0.0,1847.5,22.26,5117.31,9454214.87
2012,25,SINALOA,138,MAZATLAN,1,MAZATLAN,12,MAZATLAN,11400,CHILE VERDE,800,POBLANO,500,Tonelada,1,OTOÑO-INVIERNO,1,RIEGO,518.0,518.0,0.0,11836.3,22.85,5150.81,60966532.4
2012,25,SINALOA,138,MAZATLAN,1,MAZATLAN,12,MAZATLAN,11400,CHILE VERDE,900,SERRANO,500,Tonelada,1,OTOÑO-INVIERNO,1,RIEGO,11.5,11.5,0.0,254.82,22.16,6127.31,1561361.13
2012,25,SINALOA,138,MAZATLAN,1,MAZATLAN,12,MAZATLAN,11400,CHILE VERDE,1300,ANAHEIM,500,Tonelada,1,OTOÑO-INVIERNO,1,RIEGO,2.0,2.0,0.0,38.5,19.25,4025.97,154999.85
2012,25,SINALOA,138,MAZATLAN,1,MAZATLAN,12,MAZATLAN,11400,CHILE VERDE,1400,CALORO,500,Tonelada,1,OTOÑO-INVIERNO,1,RIEGO,1.0,1.0,0.0,19.75,19.75,5000.0,98750.0
2012,25,SINALOA,138,MAZATLAN,1,MAZATLAN,12,MAZATLAN,12700,ELOTE,0,,500,Tonelada,1,OTOÑO-INVIERNO,2,TEMPORAL,99.0,99.0,0.0,1386.0,14.0,1150.0,1593900.0
2012,25,SINALOA,138,MAZATLAN,1,MAZATLAN,12,MAZATLAN,12700,ELOTE,0,,500,Tonelada,2,PRIMAVERA-VERANO,1,RIEGO,264.9,264.9,0.0,3562.91,13.45,1800.0,6413238.0
2012,25,SINALOA,138,MAZATLAN,1,MAZATLAN,12,MAZATLAN,14200,FRIJOL,500,MAYOCOBA,500,Tonelada,1,OTOÑO-INVIERNO,1,RIEGO,894.8,894.8,0.0,984.28,1.1,18000.0,17717040.0
2012,25,SINALOA,138,MAZATLAN,1,MAZATLAN,12,MAZATLAN,14200,FRIJOL,500,MAYOCOBA,500,Tonelada,1,OTOÑO-INVIERNO,2,TEMPORAL,22.0,22.0,0.0,19.69,0.9,17000.0,334730.0
2012,25,SINALOA,138,MAZATLAN,1,MAZATLAN,12,MAZATLAN,16930,HORTALIZAS,0,,500,Tonelada,1,OTOÑO-INVIERNO,1,RIEGO,19.0,19.0,0.0,149.15,7.85,2681.86,399999.42
2012,25,SINALOA,138,MAZATLAN,1,MAZATLAN,12,MAZATLAN,16930,HORTALIZAS,0,,500,Tonelada,2,PRIMAVERA-VERANO,1,RIEGO,9.0,9.0,0.0,58.5,6.5,4200.0,245700.0
2012,25,SINALOA,138,MAZATLAN,1,MAZATLAN,12,MAZATLAN,19000,LIMON,100,AGRIO (MEXICANO),500,Tonelada,3,PERENNES,1,RIEGO,61.0,61.0,0.0,427.0,7.0,2981.07,1272916.89
2012,25,SINALOA,138,MAZATLAN,1,MAZATLAN,12,MAZATLAN,19000,LIMON,100,AGRIO (MEXICANO),500,Tonelada,3,PERENNES,2,TEMPORAL,13.0,13.0,0.0,65.0,5.0,3048.23,198134.95
2012,25,SINALOA,138,MAZATLAN,1,MAZATLAN,12,MAZATLAN,19700,MAIZ GRANO,200,BLANCO,500,Tonelada,1,OTOÑO-INVIERNO,1,RIEGO,3060.78,3060.78,0.0,28174.48,9.21,3960.0,111570940.4
2012,25,SINALOA,138,MAZATLAN,1,MAZATLAN,12,MAZATLAN,19700,MAIZ GRANO,200,BLANCO,500,Tonelada,2,PRIMAVERA-VERANO,2,TEMPORAL,429.0,429.0,0.0,476.19,1.11,2500.0,1190475.0
2012,25,SINALOA,138,MAZATLAN,1,MAZATLAN,12,MAZATLAN,20400,MANGO,100,ATAULFO,500,Tonelada,3,PERENNES,1,RIEGO,37.0,37.0,0.0,185.0,5.0,1500.0,277500.0
2012,25,SINALOA,138,MAZATLAN,1,MAZATLAN,12,MAZATLAN,20400,MANGO,100,ATAULFO,500,Tonelada,3,PERENNES,2,TEMPORAL,60.0,60.0,0.0,220.8,3.68,1500.0,331200.0
2012,25,SINALOA,138,MAZATLAN,1,MAZATLAN,12,MAZATLAN,20400,MANGO,300,HADEN,500,Tonelada,3,PERENNES,1,RIEGO,62.0,62.0,0.0,313.72,5.06,1454.47,456296.33
2012,25,SINALOA,138,MAZATLAN,1,MAZATLAN,12,MAZATLAN,20400,MANGO,300,HADEN,500,Tonelada,3,PERENNES,2,TEMPORAL,65.0,65.0,0.0,245.7,3.78,1551.54,381213.38
2012,25,SINALOA,138,MAZATLAN,1,MAZATLAN,12,MAZATLAN,20400,MANGO,400,KEITT,500,Tonelada,3,PERENNES,1,RIEGO,25.0,25.0,0.0,130.5,5.22,1500.0,195750.0
2012,25,SINALOA,138,MAZATLAN,1,MAZATLAN,12,MAZATLAN,20400,MANGO,400,KEITT,500,Tonelada,3,PERENNES,2,TEMPORAL,140.0,140.0,0.0,554.4,3.96,1500.0,831600.0
2012,25,SINALOA,138,MAZATLAN,1,MAZATLAN,12,MAZATLAN,20400,MANGO,500,KENT,500,Tonelada,3,PERENNES,1,RIEGO,35.0,35.0,0.0,181.3,5.18,1500.0,271950.0
2012,25,SINALOA,138,MAZATLAN,1,MAZATLAN,12,MAZATLAN,20400,MANGO,500,KENT,500,Tonelada,3,PERENNES,2,TEMPORAL,558.0,558.0,0.0,2176.2,3.9,1500.0,3264300.0
2012,25,SINALOA,138,MAZATLAN,1,MAZATLAN,12,MAZATLAN,20400,MANGO,600,MANILA,500,Tonelada,3,PERENNES,1,RIEGO,31.0,31.0,0.0,157.48,5.08,1500.0,236220.0
2012,25,SINALOA,138,MAZATLAN,1,MAZATLAN,12,MAZATLAN,20400,MANGO,600,MANILA,500,Tonelada,3,PERENNES,2,TEMPORAL,300.0,300.0,0.0,1125.0,3.75,1500.0,1687500.0
2012,25,SINALOA,138,MAZATLAN,1,MAZATLAN,12,MAZATLAN,20400,MANGO,800,TOMMY ATKINS,500,Tonelada,3,PERENNES,1,RIEGO,67.0,67.0,0.0,335.0,5.0,1500.0,502500.0
2012,25,SINALOA,138,MAZATLAN,1,MAZATLAN,12,MAZATLAN,20400,MANGO,800,TOMMY ATKINS,500,Tonelada,3,PERENNES,2,TEMPORAL,216.0,216.0,0.0,797.04,3.69,1500.0,1195560.0
2012,25,SINALOA,138,MAZATLAN,1,MAZATLAN,12,MAZATLAN,22200,NANCHE,0,,500,Tonelada,3,PERENNES,2,TEMPORAL,6.0,6.0,0.0,72.0,12.0,5000.0,360000.0
2012,25,SINALOA,138,MAZATLAN,1,MAZATLAN,12,MAZATLAN,22400,NARANJA,400,VALENCIA,500,Tonelada,3,PERENNES,1,RIEGO,10.0,10.0,0.0,88.9,8.89,2000.0,177800.0
2012,25,SINALOA,138,MAZATLAN,1,MAZATLAN,12,MAZATLAN,23000,NOPALITOS,0,,500,Tonelada,3,PERENNES,2,TEMPORAL,1.0,1.0,0.0,13.0,13.0,5000.0,65000.0
2012,25,SINALOA,138,MAZATLAN,1,MAZATLAN,12,MAZATLAN,24700,PAPAYA,300,MARADOL,500,Tonelada,3,PERENNES,1,RIEGO,120.0,120.0,0.0,9600.0,80.0,3000.0,28800000.0
2012,25,SINALOA,138,MAZATLAN,1,MAZATLAN,12,MAZATLAN,24800,PASTOS Y PRADERAS EN VERDE,0,,500,Tonelada,3,PERENNES,1,RIEGO,68.0,68.0,0.0,1224.0,18.0,550.0,673200.0
2012,25,SINALOA,138,MAZATLAN,1,MAZATLAN,12,MAZATLAN,24800,PASTOS Y PRADERAS EN VERDE,0,,500,Tonelada,3,PERENNES,2,TEMPORAL,4600.0,4600.0,0.0,55200.0,12.0,550.0,30360000.0
2012,25,SINALOA,138,MAZATLAN,1,MAZATLAN,12,MAZATLAN,24900,PEPINO,0,,500,Tonelada,1,OTOÑO-INVIERNO,1,RIEGO,1.5,1.5,0.0,35.0,23.33,3000.0,105000.0
2012,25,SINALOA,138,MAZATLAN,1,MAZATLAN,12,MAZATLAN,28700,SANDIA,200,CHARLESTON (GRAY),500,Tonelada,1,OTOÑO-INVIERNO,1,RIEGO,31.0,31.0,0.0,388.74,12.54,1788.04,695082.67
2012,25,SINALOA,138,MAZATLAN,1,MAZATLAN,12,MAZATLAN,28700,SANDIA,200,CHARLESTON (GRAY),500,Tonelada,2,PRIMAVERA-VERANO,1,RIEGO,1.0,1.0,0.0,20.0,20.0,1950.0,39000.0
2012,25,SINALOA,138,MAZATLAN,1,MAZATLAN,12,MAZATLAN,28700,SANDIA,200,CHARLESTON (GRAY),500,Tonelada,2,PRIMAVERA-VERANO,2,TEMPORAL,4.0,4.0,0.0,44.8,11.2,2800.0,125440.0
2012,25,SINALOA,138,MAZATLAN,1,MAZATLAN,12,MAZATLAN,29300,SORGO FORRAJERO EN VERDE,0,,500,Tonelada,1,OTOÑO-INVIERNO,1,RIEGO,220.5,220.5,0.0,3528.0,16.0,550.0,1940400.0
2012,25,SINALOA,138,MAZATLAN,1,MAZATLAN,12,MAZATLAN,29300,SORGO FORRAJERO EN VERDE,0,,500,Tonelada,1,OTOÑO-INVIERNO,2,TEMPORAL,3571.0,3571.0,0.0,45351.7,12.7,550.0,24943435.0
2012,25,SINALOA,138,MAZATLAN,1,MAZATLAN,12,MAZATLAN,29300,SORGO FORRAJERO EN VERDE,0,,500,Tonelada,2,PRIMAVERA-VERANO,1,RIEGO,356.0,356.0,0.0,5340.0,15.0,550.0,2937000.0
2012,25,SINALOA,138,MAZATLAN,1,MAZATLAN,12,MAZATLAN,29300,SORGO FORRAJERO EN VERDE,0,,500,Tonelada,2,PRIMAVERA-VERANO,2,TEMPORAL,10680.0,10680.0,0.0,96120.0,9.0,550.0,52866000.0
2012,25,SINALOA,138,MAZATLAN,1,MAZATLAN,12,MAZATLAN,29500,SORGO GRANO,0,,500,Tonelada,1,OTOÑO-INVIERNO,1,RIEGO,448.0,448.0,0.0,2129.8,4.75,3300.0,7028340.0
2012,25,SINALOA,138,MAZATLAN,1,MAZATLAN,12,MAZATLAN,29500,SORGO GRANO,0,,500,Tonelada,1,OTOÑO-INVIERNO,2,TEMPORAL,68.7,68.7,0.0,85.81,1.25,3400.0,291754.0
2012,25,SINALOA,138,MAZATLAN,1,MAZATLAN,12,MAZATLAN,29500,SORGO GRANO,0,,500,Tonelada,2,PRIMAVERA-VERANO,1,RIEGO,530.0,485.0,45.0,2158.25,4.45,3000.0,6474750.0
2012,25,SINALOA,138,MAZATLAN,1,MAZATLAN,12,MAZATLAN,29500,SORGO GRANO,0,,500,Tonelada,2,PRIMAVERA-VERANO,2,TEMPORAL,3162.0,3162.0,0.0,1786.53,0.57,2116.29,3780815.57
2012,25,SINALOA,138,MAZATLAN,1,MAZATLAN,12,MAZATLAN,30100,TAMARINDO,0,,500,Tonelada,3,PERENNES,2,TEMPORAL,5.0,5.0,0.0,10.0,2.0,4000.0,40000.0
2012,25,SINALOA,138,MAZATLAN,1,MAZATLAN,12,MAZATLAN,30800,TOMATE ROJO (JITOMATE),800,SALADETTE,500,Tonelada,1,OTOÑO-INVIERNO,1,RIEGO,121.01,121.01,0.0,3612.15,29.85,2373.6,8573799.24
2012,25,SINALOA,138,MAZATLAN,1,MAZATLAN,12,MAZATLAN,31000,TOMATE VERDE,0,,500,Tonelada,1,OTOÑO-INVIERNO,1,RIEGO,41.5,41.5,0.0,775.85,18.7,7839.3,6082120.91
2012,25,SINALOA,138,MAZATLAN,2,CONCORDIA,4,CONCORDIA,500,AGAVE,200,TEQUILERO,500,Tonelada,3,PERENNES,2,TEMPORAL,23.0,0.0,23.0,0.0,0.0,0.0,0.0
2012,25,SINALOA,138,MAZATLAN,2,CONCORDIA,4,CONCORDIA,600,AGUACATE,300,CRIOLLO,500,Tonelada,3,PERENNES,2,TEMPORAL,4.0,4.0,0.0,24.0,6.0,8000.0,192000.0
2012,25,SINALOA,138,MAZATLAN,2,CONCORDIA,4,CONCORDIA,5800,CALABACITA,200,ITALIANA (Zucchini),500,Tonelada,1,OTOÑO-INVIERNO,1,RIEGO,5.0,5.0,0.0,46.0,9.2,4250.0,195500.0
2012,25,SINALOA,138,MAZATLAN,2,CONCORDIA,4,CONCORDIA,8300,CIRUELA,200,DEL PAIS,500,Tonelada,3,PERENNES,2,TEMPORAL,1172.0,1172.0,0.0,914.16,0.78,9000.0,8227440.0
2012,25,SINALOA,138,MAZATLAN,2,CONCORDIA,4,CONCORDIA,11400,CHILE VERDE,200,JALAPEÑO,500,Tonelada,1,OTOÑO-INVIERNO,1,RIEGO,126.0,126.0,0.0,2565.0,20.36,5019.11,12874017.15
2012,25,SINALOA,138,MAZATLAN,2,CONCORDIA,4,CONCORDIA,11400,CHILE VERDE,800,POBLANO,500,Tonelada,1,OTOÑO-INVIERNO,1,RIEGO,2.0,2.0,0.0,40.0,20.0,4500.0,180000.0
2012,25,SINALOA,138,MAZATLAN,2,CONCORDIA,4,CONCORDIA,11400,CHILE VERDE,900,SERRANO,500,Tonelada,1,OTOÑO-INVIERNO,1,RIEGO,7.0,7.0,0.0,207.0,29.57,6637.68,1373999.76
2012,25,SINALOA,138,MAZATLAN,2,CONCORDIA,4,CONCORDIA,11400,CHILE VERDE,1400,CALORO,500,Tonelada,1,OTOÑO-INVIERNO,1,RIEGO,1.0,1.0,0.0,25.0,25.0,5000.0,125000.0
2012,25,SINALOA,138,MAZATLAN,2,CONCORDIA,4,CONCORDIA,12400,DURAZNO,100,CRIOLLO,500,Tonelada,3,PERENNES,2,TEMPORAL,33.0,33.0,0.0,165.0,5.0,5000.0,825000.0
2012,25,SINALOA,138,MAZATLAN,2,CONCORDIA,4,CONCORDIA,12600,EJOTE,0,,500,Tonelada,1,OTOÑO-INVIERNO,1,RIEGO,11.0,11.0,0.0,46.0,4.18,5979.78,275069.88
2012,25,SINALOA,138,MAZATLAN,2,CONCORDIA,4,CONCORDIA,14200,FRIJOL,500,MAYOCOBA,500,Tonelada,1,OTOÑO-INVIERNO,1,RIEGO,53.0,53.0,0.0,74.2,1.4,17000.0,1261400.0
2012,25,SINALOA,138,MAZATLAN,2,CONCORDIA,4,CONCORDIA,14200,FRIJOL,500,MAYOCOBA,500,Tonelada,1,OTOÑO-INVIERNO,2,TEMPORAL,6.8,6.8,0.0,5.75,0.85,17000.0,97750.0
2012,25,SINALOA,138,MAZATLAN,2,CONCORDIA,4,CONCORDIA,19000,LIMON,100,AGRIO (MEXICANO),500,Tonelada,3,PERENNES,2,TEMPORAL,6.0,6.0,0.0,24.0,4.0,2987.79,71706.96
2012,25,SINALOA,138,MAZATLAN,2,CONCORDIA,4,CONCORDIA,19700,MAIZ GRANO,200,BLANCO,500,Tonelada,1,OTOÑO-INVIERNO,1,RIEGO,291.0,291.0,0.0,1010.0,3.47,4100.0,4141000.0
2012,25,SINALOA,138,MAZATLAN,2,CONCORDIA,4,CONCORDIA,19700,MAIZ GRANO,200,BLANCO,500,Tonelada,1,OTOÑO-INVIERNO,2,TEMPORAL,36.0,36.0,0.0,43.2,1.2,3900.0,168480.0
2012,25,SINALOA,138,MAZATLAN,2,CONCORDIA,4,CONCORDIA,19700,MAIZ GRANO,200,BLANCO,500,Tonelada,2,PRIMAVERA-VERANO,2,TEMPORAL,4770.0,4770.0,0.0,5294.7,1.11,4200.0,22237740.0
2012,25,SINALOA,138,MAZATLAN,2,CONCORDIA,4,CONCORDIA,19800,MAIZ FORRAJERO EN VERDE,0,,500,Tonelada,1,OTOÑO-INVIERNO,2,TEMPORAL,137.75,137.75,0.0,1790.95,13.0,550.0,985022.5
2012,25,SINALOA,138,MAZATLAN,2,CONCORDIA,4,CONCORDIA,20400,MANGO,100,ATAULFO,500,Tonelada,3,PERENNES,1,RIEGO,13.0,13.0,0.0,76.05,5.85,1500.0,114075.0
2012,25,SINALOA,138,MAZATLAN,2,CONCORDIA,4,CONCORDIA,20400,MANGO,100,ATAULFO,500,Tonelada,3,PERENNES,2,TEMPORAL,5.0,5.0,0.0,20.25,4.05,1500.0,30375.0
2012,25,SINALOA,138,MAZATLAN,2,CONCORDIA,4,CONCORDIA,20400,MANGO,300,HADEN,500,Tonelada,3,PERENNES,1,RIEGO,5.0,5.0,0.0,29.55,5.91,1544.64,45644.11
2012,25,SINALOA,138,MAZATLAN,2,CONCORDIA,4,CONCORDIA,20400,MANGO,300,HADEN,500,Tonelada,3,PERENNES,2,TEMPORAL,70.0,70.0,0.0,291.2,4.16,1448.86,421908.03
2012,25,SINALOA,138,MAZATLAN,2,CONCORDIA,4,CONCORDIA,20400,MANGO,400,KEITT,500,Tonelada,3,PERENNES,1,RIEGO,19.0,19.0,0.0,118.18,6.22,1500.0,177270.0
2012,25,SINALOA,138,MAZATLAN,2,CONCORDIA,4,CONCORDIA,20400,MANGO,400,KEITT,500,Tonelada,3,PERENNES,2,TEMPORAL,310.0,310.0,0.0,1426.0,4.6,1500.0,2139000.0
2012,25,SINALOA,138,MAZATLAN,2,CONCORDIA,4,CONCORDIA,20400,MANGO,500,KENT,500,Tonelada,3,PERENNES,1,RIEGO,16.0,16.0,0.0,97.6,6.1,1500.0,146400.0
2012,25,SINALOA,138,MAZATLAN,2,CONCORDIA,4,CONCORDIA,20400,MANGO,500,KENT,500,Tonelada,3,PERENNES,2,TEMPORAL,453.0,453.0,0.0,2047.56,4.52,1500.0,3071340.0
2012,25,SINALOA,138,MAZATLAN,2,CONCORDIA,4,CONCORDIA,20400,MANGO,600,MANILA,500,Tonelada,3,PERENNES,1,RIEGO,26.0,26.0,0.0,154.44,5.94,1500.0,231660.0
2012,25,SINALOA,138,MAZATLAN,2,CONCORDIA,4,CONCORDIA,20400,MANGO,600,MANILA,500,Tonelada,3,PERENNES,2,TEMPORAL,210.0,210.0,0.0,865.2,4.12,1500.0,1297800.0
2012,25,SINALOA,138,MAZATLAN,2,CONCORDIA,4,CONCORDIA,20400,MANGO,800,TOMMY ATKINS,500,Tonelada,3,PERENNES,1,RIEGO,7.0,7.0,0.0,41.3,5.9,1500.0,61950.0
2012,25,SINALOA,138,MAZATLAN,2,CONCORDIA,4,CONCORDIA,20400,MANGO,800,TOMMY ATKINS,500,Tonelada,3,PERENNES,2,TEMPORAL,84.0,84.0,0.0,341.04,4.06,1500.0,511560.0
2012,25,SINALOA,138,MAZATLAN,2,CONCORDIA,4,CONCORDIA,23000,NOPALITOS,0,,500,Tonelada,3,PERENNES,1,RIEGO,1.0,1.0,0.0,12.0,12.0,5000.0,60000.0
2012,25,SINALOA,138,MAZATLAN,2,CONCORDIA,4,CONCORDIA,24800,PASTOS Y PRADERAS EN VERDE,0,,500,Tonelada,3,PERENNES,2,TEMPORAL,2830.0,2830.0,0.0,33960.0,12.0,550.0,18678000.0
2012,25,SINALOA,138,MAZATLAN,2,CONCORDIA,4,CONCORDIA,24900,PEPINO,0,,500,Tonelada,2,PRIMAVERA-VERANO,2,TEMPORAL,9.0,9.0,0.0,36.0,4.0,3000.0,108000.0
2012,25,SINALOA,138,MAZATLAN,2,CONCORDIA,4,CONCORDIA,28700,SANDIA,200,CHARLESTON (GRAY),500,Tonelada,1,OTOÑO-INVIERNO,1,RIEGO,9.0,9.0,0.0,158.85,17.65,2160.8,343243.08
2012,25,SINALOA,138,MAZATLAN,2,CONCORDIA,4,CONCORDIA,29300,SORGO FORRAJERO EN VERDE,0,,500,Tonelada,1,OTOÑO-INVIERNO,2,TEMPORAL,423.5,423.5,0.0,5543.61,13.09,550.0,3048988.25
2012,25,SINALOA,138,MAZATLAN,2,CONCORDIA,4,CONCORDIA,29500,SORGO GRANO,0,,500,Tonelada,1,OTOÑO-INVIERNO,1,RIEGO,25.0,25.0,0.0,115.0,4.6,3500.0,402500.0
2012,25,SINALOA,138,MAZATLAN,2,CONCORDIA,4,CONCORDIA,29500,SORGO GRANO,0,,500,Tonelada,1,OTOÑO-INVIERNO,2,TEMPORAL,40.0,40.0,0.0,24.1,0.6,3500.0,84350.0
2012,25,SINALOA,138,MAZATLAN,2,CONCORDIA,4,CONCORDIA,29500,SORGO GRANO,0,,500,Tonelada,2,PRIMAVERA-VERANO,2,TEMPORAL,5580.5,5580.5,0.0,5435.32,0.97,2000.0,10870640.0
2012,25,SINALOA,138,MAZATLAN,2,CONCORDIA,4,CONCORDIA,30800,TOMATE ROJO (JITOMATE),800,SALADETTE,500,Tonelada,1,OTOÑO-INVIERNO,1,RIEGO,89.0,89.0,0.0,3116.0,35.01,2505.07,7805798.12
2012,25,SINALOA,138,MAZATLAN,2,CONCORDIA,4,CONCORDIA,31000,TOMATE VERDE,0,,500,Tonelada,1,OTOÑO-INVIERNO,1,RIEGO,12.0,12.0,0.0,246.0,20.5,5853.66,1440000.36
2012,25,SINALOA,138,MAZATLAN,2,CONCORDIA,4,CONCORDIA,36900,BAMBU,0,,500,Tonelada,3,PERENNES,1,RIEGO,100.0,0.0,100.0,0.0,0.0,0.0,0.0
2012,25,SINALOA,138,MAZATLAN,3,EL ROSARIO,14,ROSARIO,500,AGAVE,200,TEQUILERO,500,Tonelada,3,PERENNES,2,TEMPORAL,980.0,0.0,980.0,0.0,0.0,0.0,0.0
2012,25,SINALOA,138,MAZATLAN,3,EL ROSARIO,14,ROSARIO,5300,CACAHUATE,0,,500,Tonelada,2,PRIMAVERA-VERANO,2,TEMPORAL,20.0,20.0,0.0,15.6,0.78,9000.0,140400.0
2012,25,SINALOA,138,MAZATLAN,3,EL ROSARIO,14,ROSARIO,5800,CALABACITA,0,,500,Tonelada,2,PRIMAVERA-VERANO,2,TEMPORAL,11.0,11.0,0.0,59.62,5.42,3000.0,178860.0
2012,25,SINALOA,138,MAZATLAN,3,EL ROSARIO,14,ROSARIO,5800,CALABACITA,200,ITALIANA (Zucchini),500,Tonelada,1,OTOÑO-INVIERNO,2,TEMPORAL,2.0,2.0,0.0,12.0,6.0,5000.0,60000.0
2012,25,SINALOA,138,MAZATLAN,3,EL ROSARIO,14,ROSARIO,8300,CIRUELA,200,DEL PAIS,500,Tonelada,3,PERENNES,2,TEMPORAL,383.0,383.0,0.0,275.76,0.72,9000.0,2481840.0
2012,25,SINALOA,138,MAZATLAN,3,EL ROSARIO,14,ROSARIO,8800,COCO FRUTA,0,,500,Tonelada,3,PERENNES,2,TEMPORAL,730.0,730.0,0.0,5110.0,7.0,2010.0,10271100.0
2012,25,SINALOA,138,MAZATLAN,3,EL ROSARIO,14,ROSARIO,11400,CHILE VERDE,0,,500,Tonelada,1,OTOÑO-INVIERNO,2,TEMPORAL,249.0,249.0,0.0,3324.15,13.35,4307.23,14317878.6
2012,25,SINALOA,138,MAZATLAN,3,EL ROSARIO,14,ROSARIO,11400,CHILE VERDE,200,JALAPEÑO,500,Tonelada,1,OTOÑO-INVIERNO,1,RIEGO,240.0,240.0,0.0,4644.0,19.35,2300.0,10681200.0
2012,25,SINALOA,138,MAZATLAN,3,EL ROSARIO,14,ROSARIO,11400,CHILE VERDE,200,JALAPEÑO,500,Tonelada,1,OTOÑO-INVIERNO,2,TEMPORAL,26.0,26.0,0.0,403.0,15.5,3998.76,1611500.28
2012,25,SINALOA,138,MAZATLAN,3,EL ROSARIO,14,ROSARIO,11400,CHILE VERDE,800,POBLANO,500,Tonelada,1,OTOÑO-INVIERNO,1,RIEGO,753.0,753.0,0.0,16076.55,21.35,4500.0,72344475.0
2012,25,SINALOA,138,MAZATLAN,3,EL ROSARIO,14,ROSARIO,11400,CHILE VERDE,900,SERRANO,500,Tonelada,1,OTOÑO-INVIERNO,1,RIEGO,225.0,225.0,0.0,4212.0,18.72,2000.0,8424000.0
2012,25,SINALOA,138,MAZATLAN,3,EL ROSARIO,14,ROSARIO,11400,CHILE VERDE,900,SERRANO,500,Tonelada,1,OTOÑO-INVIERNO,2,TEMPORAL,18.0,18.0,0.0,261.36,14.52,5500.0,1437480.0
2012,25,SINALOA,138,MAZATLAN,3,EL ROSARIO,14,ROSARIO,11400,CHILE VERDE,1300,ANAHEIM,500,Tonelada,1,OTOÑO-INVIERNO,1,RIEGO,97.0,97.0,0.0,1852.7,19.1,2500.0,4631750.0
2012,25,SINALOA,138,MAZATLAN,3,EL ROSARIO,14,ROSARIO,11400,CHILE VERDE,1400,CALORO,500,Tonelada,1,OTOÑO-INVIERNO,1,RIEGO,85.0,85.0,0.0,1564.85,18.41,2500.0,3912125.0
2012,25,SINALOA,138,MAZATLAN,3,EL ROSARIO,14,ROSARIO,12700,ELOTE,0,,500,Tonelada,1,OTOÑO-INVIERNO,2,TEMPORAL,784.0,784.0,0.0,11760.0,15.0,1100.0,12936000.0
2012,25,SINALOA,138,MAZATLAN,3,EL ROSARIO,14,ROSARIO,14200,FRIJOL,500,MAYOCOBA,500,Tonelada,1,OTOÑO-INVIERNO,1,RIEGO,180.0,180.0,0.0,178.96,0.99,17000.0,3042320.0
2012,25,SINALOA,138,MAZATLAN,3,EL ROSARIO,14,ROSARIO,14200,FRIJOL,500,MAYOCOBA,500,Tonelada,1,OTOÑO-INVIERNO,2,TEMPORAL,326.0,326.0,0.0,268.95,0.83,16484.03,4433379.87
2012,25,SINALOA,138,MAZATLAN,3,EL ROSARIO,14,ROSARIO,17300,JACA (JACKFRUIT),0,,500,Tonelada,3,PERENNES,2,TEMPORAL,11.0,11.0,0.0,176.0,16.0,3300.0,580800.0
2012,25,SINALOA,138,MAZATLAN,3,EL ROSARIO,14,ROSARIO,19000,LIMON,100,AGRIO (MEXICANO),500,Tonelada,3,PERENNES,1,RIEGO,29.0,29.0,0.0,232.0,8.0,2958.41,686351.12
2012,25,SINALOA,138,MAZATLAN,3,EL ROSARIO,14,ROSARIO,19000,LIMON,100,AGRIO (MEXICANO),500,Tonelada,3,PERENNES,2,TEMPORAL,43.0,43.0,0.0,172.0,4.0,2970.34,510898.48
2012,25,SINALOA,138,MAZATLAN,3,EL ROSARIO,14,ROSARIO,19700,MAIZ GRANO,200,BLANCO,500,Tonelada,1,OTOÑO-INVIERNO,1,RIEGO,380.0,380.0,0.0,3496.0,9.2,3900.0,13634400.0
2012,25,SINALOA,138,MAZATLAN,3,EL ROSARIO,14,ROSARIO,19700,MAIZ GRANO,200,BLANCO,500,Tonelada,2,PRIMAVERA-VERANO,2,TEMPORAL,3452.0,3452.0,0.0,3831.75,1.11,4438.74,17008141.99
2012,25,SINALOA,138,MAZATLAN,3,EL ROSARIO,14,ROSARIO,20400,MANGO,100,ATAULFO,500,Tonelada,3,PERENNES,1,RIEGO,176.0,176.0,0.0,1235.52,7.02,1500.0,1853280.0
2012,25,SINALOA,138,MAZATLAN,3,EL ROSARIO,14,ROSARIO,20400,MANGO,100,ATAULFO,500,Tonelada,3,PERENNES,2,TEMPORAL,690.0,690.0,0.0,4312.5,6.25,1500.0,6468750.0
2012,25,SINALOA,138,MAZATLAN,3,EL ROSARIO,14,ROSARIO,20400,MANGO,300,HADEN,500,Tonelada,3,PERENNES,1,RIEGO,50.0,50.0,0.0,420.0,8.4,1461.3,613746.0
2012,25,SINALOA,138,MAZATLAN,3,EL ROSARIO,14,ROSARIO,20400,MANGO,300,HADEN,500,Tonelada,3,PERENNES,2,TEMPORAL,245.0,245.0,0.0,1661.1,6.78,1541.2,2560087.32
2012,25,SINALOA,138,MAZATLAN,3,EL ROSARIO,14,ROSARIO,20400,MANGO,400,KEITT,500,Tonelada,3,PERENNES,1,RIEGO,205.0,205.0,0.0,1763.0,8.6,1500.0,2644500.0
2012,25,SINALOA,138,MAZATLAN,3,EL ROSARIO,14,ROSARIO,20400,MANGO,400,KEITT,500,Tonelada,3,PERENNES,2,TEMPORAL,1665.0,1665.0,0.0,11621.7,6.98,1500.0,17432550.0
2012,25,SINALOA,138,MAZATLAN,3,EL ROSARIO,14,ROSARIO,20400,MANGO,500,KENT,500,Tonelada,3,PERENNES,1,RIEGO,950.0,950.0,0.0,8094.0,8.52,1500.0,12141000.0
2012,25,SINALOA,138,MAZATLAN,3,EL ROSARIO,14,ROSARIO,20400,MANGO,500,KENT,500,Tonelada,3,PERENNES,2,TEMPORAL,3950.0,3950.0,0.0,26978.5,6.83,1500.0,40467750.0
2012,25,SINALOA,138,MAZATLAN,3,EL ROSARIO,14,ROSARIO,20400,MANGO,600,MANILA,500,Tonelada,3,PERENNES,1,RIEGO,130.0,130.0,0.0,923.0,7.1,1500.0,1384500.0
2012,25,SINALOA,138,MAZATLAN,3,EL ROSARIO,14,ROSARIO,20400,MANGO,600,MANILA,500,Tonelada,3,PERENNES,2,TEMPORAL,750.0,750.0,0.0,4710.0,6.28,1500.0,7065000.0
2012,25,SINALOA,138,MAZATLAN,3,EL ROSARIO,14,ROSARIO,20400,MANGO,800,TOMMY ATKINS,500,Tonelada,3,PERENNES,1,RIEGO,81.0,81.0,0.0,595.35,7.35,1500.0,893025.0
2012,25,SINALOA,138,MAZATLAN,3,EL ROSARIO,14,ROSARIO,20400,MANGO,800,TOMMY ATKINS,500,Tonelada,3,PERENNES,2,TEMPORAL,1250.0,1250.0,0.0,8687.5,6.95,1500.0,13031250.0
2012,25,SINALOA,138,MAZATLAN,3,EL ROSARIO,14,ROSARIO,23000,NOPALITOS,0,,500,Tonelada,3,PERENNES,1,RIEGO,3.0,3.0,0.0,36.0,12.0,5000.0,180000.0
2012,25,SINALOA,138,MAZATLAN,3,EL ROSARIO,14,ROSARIO,24700,PAPAYA,300,MARADOL,500,Tonelada,3,PERENNES,1,RIEGO,97.0,97.0,0.0,6305.0,65.0,3000.0,18915000.0
2012,25,SINALOA,138,MAZATLAN,3,EL ROSARIO,14,ROSARIO,24700,PAPAYA,300,MARADOL,500,Tonelada,3,PERENNES,2,TEMPORAL,120.0,120.0,0.0,5760.0,48.0,3000.0,17280000.0
2012,25,SINALOA,138,MAZATLAN,3,EL ROSARIO,14,ROSARIO,24800,PASTOS Y PRADERAS EN VERDE,0,,500,Tonelada,3,PERENNES,2,TEMPORAL,2100.0,2100.0,0.0,25200.0,12.0,550.0,13860000.0
2012,25,SINALOA,138,MAZATLAN,3,EL ROSARIO,14,ROSARIO,24900,PEPINO,0,,500,Tonelada,2,PRIMAVERA-VERANO,2,TEMPORAL,21.0,21.0,0.0,126.0,6.0,3000.0,378000.0
2012,25,SINALOA,138,MAZATLAN,3,EL ROSARIO,14,ROSARIO,24900,PEPINO,200,CHINO,500,Tonelada,1,OTOÑO-INVIERNO,2,TEMPORAL,6.0,6.0,0.0,49.0,8.17,3000.0,147000.0
2012,25,SINALOA,138,MAZATLAN,3,EL ROSARIO,14,ROSARIO,28700,SANDIA,200,CHARLESTON (GRAY),500,Tonelada,2,PRIMAVERA-VERANO,2,TEMPORAL,30.0,30.0,0.0,318.0,10.6,2600.0,826800.0
2012,25,SINALOA,138,MAZATLAN,3,EL ROSARIO,14,ROSARIO,29300,SORGO FORRAJERO EN VERDE,0,,500,Tonelada,1,OTOÑO-INVIERNO,1,RIEGO,390.0,390.0,0.0,6240.0,16.0,550.0,3432000.0
2012,25,SINALOA,138,MAZATLAN,3,EL ROSARIO,14,ROSARIO,29300,SORGO FORRAJERO EN VERDE,0,,500,Tonelada,1,OTOÑO-INVIERNO,2,TEMPORAL,1690.0,1690.0,0.0,21294.0,12.6,550.0,11711700.0
2012,25,SINALOA,138,MAZATLAN,3,EL ROSARIO,14,ROSARIO,29300,SORGO FORRAJERO EN VERDE,0,,500,Tonelada,2,PRIMAVERA-VERANO,2,TEMPORAL,6807.0,6807.0,0.0,61263.0,9.0,550.0,33694650.0
2012,25,SINALOA,138,MAZATLAN,3,EL ROSARIO,14,ROSARIO,29400,SORGO ESCOBERO,0,,500,Tonelada,2,PRIMAVERA-VERANO,2,TEMPORAL,1127.0,1127.0,0.0,1690.5,1.5,4000.0,6762000.0
2012,25,SINALOA,138,MAZATLAN,3,EL ROSARIO,14,ROSARIO,30100,TAMARINDO,0,,500,Tonelada,3,PERENNES,2,TEMPORAL,10.0,10.0,0.0,18.0,1.8,4000.0,72000.0
2012,25,SINALOA,138,MAZATLAN,3,EL ROSARIO,14,ROSARIO,30800,TOMATE ROJO (JITOMATE),800,SALADETTE,500,Tonelada,1,OTOÑO-INVIERNO,1,RIEGO,435.0,435.0,0.0,15225.0,35.0,2200.0,33495000.0
2012,25,SINALOA,138,MAZATLAN,3,EL ROSARIO,14,ROSARIO,30800,TOMATE ROJO (JITOMATE),800,SALADETTE,500,Tonelada,1,OTOÑO-INVIERNO,2,TEMPORAL,146.0,146.0,0.0,3555.1,24.35,2200.0,7821220.0
2012,25,SINALOA,138,MAZATLAN,3,EL ROSARIO,14,ROSARIO,31000,TOMATE VERDE,0,,500,Tonelada,1,OTOÑO-INVIERNO,2,TEMPORAL,260.0,260.0,0.0,3991.0,15.35,6000.0,23946000.0
2012,25,SINALOA,138,MAZATLAN,4,ESCUINAPA,9,ESCUINAPA,5800,CALABACITA,0,,500,Tonelada,2,PRIMAVERA-VERANO,2,TEMPORAL,5.0,5.0,0.0,26.25,5.25,3000.0,78750.0
2012,25,SINALOA,138,MAZATLAN,4,ESCUINAPA,9,ESCUINAPA,5800,CALABACITA,200,ITALIANA (Zucchini),500,Tonelada,1,OTOÑO-INVIERNO,1,RIEGO,95.0,95.0,0.0,679.25,7.15,3800.0,2581150.0
2012,25,SINALOA,138,MAZATLAN,4,ESCUINAPA,9,ESCUINAPA,8800,COCO FRUTA,0,,500,Tonelada,3,PERENNES,2,TEMPORAL,2607.0,2607.0,0.0,18249.0,7.0,2050.0,37410450.0
2012,25,SINALOA,138,MAZATLAN,4,ESCUINAPA,9,ESCUINAPA,11400,CHILE VERDE,0,,500,Tonelada,1,OTOÑO-INVIERNO,1,RIEGO,39.0,39.0,0.0,671.38,17.22,4104.21,2755484.51
2012,25,SINALOA,138,MAZATLAN,4,ESCUINAPA,9,ESCUINAPA,11400,CHILE VERDE,200,JALAPEÑO,500,Tonelada,1,OTOÑO-INVIERNO,1,RIEGO,696.0,696.0,0.0,12761.7,18.34,3941.03,50294242.55
2012,25,SINALOA,138,MAZATLAN,4,ESCUINAPA,9,ESCUINAPA,11400,CHILE VERDE,800,POBLANO,500,Tonelada,1,OTOÑO-INVIERNO,1,RIEGO,878.0,878.0,0.0,16638.1,18.95,5030.65,83700457.76
2012,25,SINALOA,138,MAZATLAN,4,ESCUINAPA,9,ESCUINAPA,11400,CHILE VERDE,900,SERRANO,500,Tonelada,1,OTOÑO-INVIERNO,1,RIEGO,2820.0,2820.0,0.0,54567.0,19.35,4720.05,257558968.4
2012,25,SINALOA,138,MAZATLAN,4,ESCUINAPA,9,ESCUINAPA,11400,CHILE VERDE,1200,BELL PEPPER,500,Tonelada,1,OTOÑO-INVIERNO,1,RIEGO,25.0,25.0,0.0,648.75,25.95,6500.0,4216875.0
2012,25,SINALOA,138,MAZATLAN,4,ESCUINAPA,9,ESCUINAPA,11400,CHILE VERDE,1300,ANAHEIM,500,Tonelada,1,OTOÑO-INVIERNO,1,RIEGO,93.0,93.0,0.0,1846.05,19.85,3821.21,7054144.72
2012,25,SINALOA,138,MAZATLAN,4,ESCUINAPA,9,ESCUINAPA,11400,CHILE VERDE,1400,CALORO,500,Tonelada,1,OTOÑO-INVIERNO,1,RIEGO,209.0,209.0,0.0,4292.86,20.54,4794.6,20582546.56
2012,25,SINALOA,138,MAZATLAN,4,ESCUINAPA,9,ESCUINAPA,11400,CHILE VERDE,1700,CHILACA,500,Tonelada,1,OTOÑO-INVIERNO,1,RIEGO,30.0,30.0,0.0,457.5,15.25,3500.0,1601250.0
2012,25,SINALOA,138,MAZATLAN,4,ESCUINAPA,9,ESCUINAPA,11400,CHILE VERDE,1900,DE ARBOL (COLA DE RATA),500,Tonelada,1,OTOÑO-INVIERNO,1,RIEGO,24.0,24.0,0.0,242.0,10.08,4599.17,1112999.14
2012,25,SINALOA,138,MAZATLAN,4,ESCUINAPA,9,ESCUINAPA,12700,ELOTE,0,,500,Tonelada,1,OTOÑO-INVIERNO,2,TEMPORAL,519.0,519.0,0.0,7266.0,14.0,1100.0,7992600.0
2012,25,SINALOA,138,MAZATLAN,4,ESCUINAPA,9,ESCUINAPA,14200,FRIJOL,100,AZUFRADO,500,Tonelada,1,OTOÑO-INVIERNO,1,RIEGO,60.0,60.0,0.0,65.75,1.1,16500.0,1084875.0
2012,25,SINALOA,138,MAZATLAN,4,ESCUINAPA,9,ESCUINAPA,14200,FRIJOL,100,AZUFRADO,500,Tonelada,1,OTOÑO-INVIERNO,2,TEMPORAL,167.0,167.0,0.0,137.44,0.82,13000.0,1786720.0
2012,25,SINALOA,138,MAZATLAN,4,ESCUINAPA,9,ESCUINAPA,14200,FRIJOL,1400,NEGRO JAMAPA,500,Tonelada,1,OTOÑO-INVIERNO,1,RIEGO,165.0,165.0,0.0,168.85,1.02,17000.0,2870450.0
2012,25,SINALOA,138,MAZATLAN,4,ESCUINAPA,9,ESCUINAPA,17300,JACA (JACKFRUIT),0,,500,Tonelada,3,PERENNES,2,TEMPORAL,2.0,2.0,0.0,32.0,16.0,3300.0,105600.0
2012,25,SINALOA,138,MAZATLAN,4,ESCUINAPA,9,ESCUINAPA,19000,LIMON,100,AGRIO (MEXICANO),500,Tonelada,3,PERENNES,1,RIEGO,30.0,30.0,0.0,240.0,8.0,3100.0,744000.0
2012,25,SINALOA,138,MAZATLAN,4,ESCUINAPA,9,ESCUINAPA,19000,LIMON,100,AGRIO (MEXICANO),500,Tonelada,3,PERENNES,2,TEMPORAL,120.0,120.0,0.0,480.0,4.0,2660.63,1277102.4
2012,25,SINALOA,138,MAZATLAN,4,ESCUINAPA,9,ESCUINAPA,19300,LITCHI,0,,500,Tonelada,3,PERENNES,2,TEMPORAL,2.0,2.0,0.0,6.0,3.0,13500.0,81000.0
2012,25,SINALOA,138,MAZATLAN,4,ESCUINAPA,9,ESCUINAPA,19700,MAIZ GRANO,200,BLANCO,500,Tonelada,1,OTOÑO-INVIERNO,1,RIEGO,388.0,388.0,0.0,3085.0,7.95,3900.0,12031500.0
2012,25,SINALOA,138,MAZATLAN,4,ESCUINAPA,9,ESCUINAPA,19700,MAIZ GRANO,200,BLANCO,500,Tonelada,2,PRIMAVERA-VERANO,2,TEMPORAL,270.0,270.0,0.0,299.7,1.11,3000.0,899100.0
2012,25,SINALOA,138,MAZATLAN,4,ESCUINAPA,9,ESCUINAPA,20400,MANGO,100,ATAULFO,500,Tonelada,3,PERENNES,1,RIEGO,213.73,213.73,0.0,1122.08,5.25,1500.0,1683120.0
2012,25,SINALOA,138,MAZATLAN,4,ESCUINAPA,9,ESCUINAPA,20400,MANGO,100,ATAULFO,500,Tonelada,3,PERENNES,2,TEMPORAL,582.0,582.0,0.0,2374.56,4.08,1500.0,3561840.0
2012,25,SINALOA,138,MAZATLAN,4,ESCUINAPA,9,ESCUINAPA,20400,MANGO,300,HADEN,500,Tonelada,3,PERENNES,1,RIEGO,149.4,149.4,0.0,815.72,5.46,1550.07,1264423.1
2012,25,SINALOA,138,MAZATLAN,4,ESCUINAPA,9,ESCUINAPA,20400,MANGO,300,HADEN,500,Tonelada,3,PERENNES,2,TEMPORAL,775.0,775.0,0.0,3216.25,4.15,1491.76,4797873.1
2012,25,SINALOA,138,MAZATLAN,4,ESCUINAPA,9,ESCUINAPA,20400,MANGO,400,KEITT,500,Tonelada,3,PERENNES,1,RIEGO,740.65,740.65,0.0,4310.58,5.82,1500.0,6465870.0
2012,25,SINALOA,138,MAZATLAN,4,ESCUINAPA,9,ESCUINAPA,20400,MANGO,400,KEITT,500,Tonelada,3,PERENNES,2,TEMPORAL,3930.0,3930.0,0.0,18078.0,4.6,1500.0,27117000.0
2012,25,SINALOA,138,MAZATLAN,4,ESCUINAPA,9,ESCUINAPA,20400,MANGO,500,KENT,500,Tonelada,3,PERENNES,1,RIEGO,652.8,652.8,0.0,3688.32,5.65,1500.0,5532480.0
2012,25,SINALOA,138,MAZATLAN,4,ESCUINAPA,9,ESCUINAPA,20400,MANGO,500,KENT,500,Tonelada,3,PERENNES,2,TEMPORAL,2156.0,2156.0,0.0,9809.8,4.55,1500.0,14714700.0
2012,25,SINALOA,138,MAZATLAN,4,ESCUINAPA,9,ESCUINAPA,20400,MANGO,600,MANILA,500,Tonelada,3,PERENNES,1,RIEGO,185.65,185.65,0.0,980.23,5.28,1500.0,1470345.0
2012,25,SINALOA,138,MAZATLAN,4,ESCUINAPA,9,ESCUINAPA,20400,MANGO,600,MANILA,500,Tonelada,3,PERENNES,2,TEMPORAL,1350.0,1350.0,0.0,5589.0,4.14,1500.0,8383500.0
2012,25,SINALOA,138,MAZATLAN,4,ESCUINAPA,9,ESCUINAPA,20400,MANGO,800,TOMMY ATKINS,500,Tonelada,3,PERENNES,1,RIEGO,295.3,295.3,0.0,1559.18,5.28,1500.0,2338770.0
2012,25,SINALOA,138,MAZATLAN,4,ESCUINAPA,9,ESCUINAPA,20400,MANGO,800,TOMMY ATKINS,500,Tonelada,3,PERENNES,2,TEMPORAL,740.0,740.0,0.0,2967.4,4.01,1500.0,4451100.0
2012,25,SINALOA,138,MAZATLAN,4,ESCUINAPA,9,ESCUINAPA,24700,PAPAYA,300,MARADOL,500,Tonelada,3,PERENNES,1,RIEGO,5.0,5.0,0.0,325.0,65.0,3000.0,975000.0
2012,25,SINALOA,138,MAZATLAN,4,ESCUINAPA,9,ESCUINAPA,24800,PASTOS Y PRADERAS EN VERDE,0,,500,Tonelada,3,PERENNES,2,TEMPORAL,6725.0,6725.0,0.0,80700.0,12.0,550.0,44385000.0
2012,25,SINALOA,138,MAZATLAN,4,ESCUINAPA,9,ESCUINAPA,24900,PEPINO,0,,500,Tonelada,2,PRIMAVERA-VERANO,2,TEMPORAL,12.0,12.0,0.0,78.0,6.5,3000.0,234000.0
2012,25,SINALOA,138,MAZATLAN,4,ESCUINAPA,9,ESCUINAPA,28700,SANDIA,200,CHARLESTON (GRAY),500,Tonelada,1,OTOÑO-INVIERNO,1,RIEGO,70.0,70.0,0.0,800.1,11.43,1800.0,1440180.0
2012,25,SINALOA,138,MAZATLAN,4,ESCUINAPA,9,ESCUINAPA,28700,SANDIA,200,CHARLESTON (GRAY),500,Tonelada,1,OTOÑO-INVIERNO,2,TEMPORAL,15.0,15.0,0.0,108.0,7.2,1789.17,193230.36
2012,25,SINALOA,138,MAZATLAN,4,ESCUINAPA,9,ESCUINAPA,28700,SANDIA,200,CHARLESTON (GRAY),500,Tonelada,2,PRIMAVERA-VERANO,2,TEMPORAL,10.0,10.0,0.0,102.0,10.2,2600.0,265200.0
2012,25,SINALOA,138,MAZATLAN,4,ESCUINAPA,9,ESCUINAPA,29300,SORGO FORRAJERO EN VERDE,0,,500,Tonelada,1,OTOÑO-INVIERNO,1,RIEGO,978.0,978.0,0.0,14670.0,15.0,550.0,8068500.0
2012,25,SINALOA,138,MAZATLAN,4,ESCUINAPA,9,ESCUINAPA,29300,SORGO FORRAJERO EN VERDE,0,,500,Tonelada,1,OTOÑO-INVIERNO,2,TEMPORAL,2014.0,2014.0,0.0,24168.0,12.0,550.0,13292400.0
2012,25,SINALOA,138,MAZATLAN,4,ESCUINAPA,9,ESCUINAPA,29300,SORGO FORRAJERO EN VERDE,0,,500,Tonelada,2,PRIMAVERA-VERANO,2,TEMPORAL,2188.0,2188.0,0.0,22126.5,10.11,550.0,12169575.0
2012,25,SINALOA,138,MAZATLAN,4,ESCUINAPA,9,ESCUINAPA,29500,SORGO GRANO,0,,500,Tonelada,1,OTOÑO-INVIERNO,1,RIEGO,35.0,35.0,0.0,125.0,3.57,3000.0,375000.0
2012,25,SINALOA,138,MAZATLAN,4,ESCUINAPA,9,ESCUINAPA,29500,SORGO GRANO,0,,500,Tonelada,1,OTOÑO-INVIERNO,2,TEMPORAL,1230.0,1230.0,0.0,2275.5,1.85,3000.0,6826500.0
2012,25,SINALOA,138,MAZATLAN,4,ESCUINAPA,9,ESCUINAPA,29500,SORGO GRANO,0,,500,Tonelada,2,PRIMAVERA-VERANO,2,TEMPORAL,45.0,45.0,0.0,53.1,1.18,3000.0,159300.0
2012,25,SINALOA,138,MAZATLAN,4,ESCUINAPA,9,ESCUINAPA,30800,TOMATE ROJO (JITOMATE),800,SALADETTE,500,Tonelada,1,OTOÑO-INVIERNO,1,RIEGO,652.0,652.0,0.0,19677.36,30.18,1800.0,35419248.0
2012,25,SINALOA,138,MAZATLAN,4,ESCUINAPA,9,ESCUINAPA,31000,TOMATE VERDE,0,,500,Tonelada,1,OTOÑO-INVIERNO,1,RIEGO,2824.0,2824.0,0.0,35017.6,12.4,1340.92,46955800.19
2013,25,SINALOA,133,LOS MOCHIS,1,CHOIX,7,CHOIX,800,AJONJOLÍ,0,,500,Tonelada,2,PRIMAVERA-VERANO,2,TEMPORAL,8893.0,8893.0,0.0,7559.05,0.85,14399.92,108849715.28
2013,25,SINALOA,133,LOS MOCHIS,1,CHOIX,7,CHOIX,5300,CACAHUATE,0,,500,Tonelada,2,PRIMAVERA-VERANO,2,TEMPORAL,2085.0,2085.0,0.0,4065.75,1.95,12936.36,52596005.67
2013,25,SINALOA,133,LOS MOCHIS,1,CHOIX,7,CHOIX,14200,FRIJOL,100,AZUFRADO,500,Tonelada,2,PRIMAVERA-VERANO,2,TEMPORAL,200.0,200.0,0.0,74.0,0.37,11000.0,814000.0
2013,25,SINALOA,133,LOS MOCHIS,1,CHOIX,7,CHOIX,19700,MAIZ GRANO,200,BLANCO,500,Tonelada,2,PRIMAVERA-VERANO,2,TEMPORAL,2939.0,2939.0,0.0,2939.0,1.0,2800.0,8229200.0
2013,25,SINALOA,133,LOS MOCHIS,1,CHOIX,7,CHOIX,24800,PASTOS Y PRADERAS EN VERDE,0,,500,Tonelada,3,PERENNES,2,TEMPORAL,6123.0,6123.0,0.0,21430.5,3.5,600.0,12858300.0
2013,25,SINALOA,133,LOS MOCHIS,1,CHOIX,7,CHOIX,28700,SANDIA,200,CHARLESTON (GRAY),500,Tonelada,2,PRIMAVERA-VERANO,2,TEMPORAL,750.0,750.0,0.0,9000.0,12.0,1750.0,15750000.0
2013,25,SINALOA,133,LOS MOCHIS,1,CHOIX,7,CHOIX,29500,SORGO GRANO,0,,500,Tonelada,2,PRIMAVERA-VERANO,2,TEMPORAL,1000.0,1000.0,0.0,960.0,0.96,3000.0,2880000.0
2013,25,SINALOA,133,LOS MOCHIS,2,EL FUERTE,10,EL FUERTE,500,AGAVE,200,TEQUILERO,500,Tonelada,3,PERENNES,1,RIEGO,30.0,0.0,30.0,0.0,0.0,0.0,0.0
2013,25,SINALOA,133,LOS MOCHIS,2,EL FUERTE,10,EL FUERTE,800,AJONJOLÍ,0,,500,Tonelada,2,PRIMAVERA-VERANO,2,TEMPORAL,650.0,650.0,0.0,377.0,0.58,13000.0,4901000.0
2013,25,SINALOA,133,LOS MOCHIS,2,EL FUERTE,10,EL FUERTE,1600,ALFALFA ACHICALADA,0,,500,Tonelada,3,PERENNES,1,RIEGO,170.0,170.0,0.0,1275.0,7.5,3300.0,4207500.0
2013,25,SINALOA,133,LOS MOCHIS,2,EL FUERTE,10,EL FUERTE,4900,BLUEBERRY,100,ARÁNDANO,500,Tonelada,3,PERENNES,1,RIEGO,97.0,97.0,0.0,242.5,2.5,20500.0,4971250.0
2013,25,SINALOA,133,LOS MOCHIS,2,EL FUERTE,10,EL FUERTE,5300,CACAHUATE,0,,500,Tonelada,2,PRIMAVERA-VERANO,2,TEMPORAL,300.0,300.0,0.0,600.0,2.0,7000.0,4200000.0
2013,25,SINALOA,133,LOS MOCHIS,2,EL FUERTE,10,EL FUERTE,6500,CAÑA DE AZUCAR,200,INDUSTRIAL,500,Tonelada,3,PERENNES,1,RIEGO,225.0,0.0,225.0,0.0,0.0,0.0,0.0
2013,25,SINALOA,133,LOS MOCHIS,2,EL FUERTE,10,EL FUERTE,11400,CHILE VERDE,200,JALAPEÑO,500,Tonelada,1,OTOÑO-INVIERNO,1,RIEGO,99.0,99.0,0.0,2227.5,22.5,8000.0,17820000.0
2013,25,SINALOA,133,LOS MOCHIS,2,EL FUERTE,10,EL FUERTE,12600,EJOTE,0,,500,Tonelada,1,OTOÑO-INVIERNO,1,RIEGO,0.75,0.75,0.0,4.5,6.0,4000.0,18000.0
2013,25,SINALOA,133,LOS MOCHIS,2,EL FUERTE,10,EL FUERTE,14200,FRIJOL,100,AZUFRADO,500,Tonelada,1,OTOÑO-INVIERNO,1,RIEGO,593.44,0.0,593.44,0.0,0.0,0.0,0.0
2013,25,SINALOA,133,LOS MOCHIS,2,EL FUERTE,10,EL FUERTE,16930,HORTALIZAS,0,,500,Tonelada,1,OTOÑO-INVIERNO,1,RIEGO,160.89,160.89,0.0,965.34,6.0,4300.0,4150962.0
2013,25,SINALOA,133,LOS MOCHIS,2,EL FUERTE,10,EL FUERTE,19700,MAIZ GRANO,200,BLANCO,500,Tonelada,1,OTOÑO-INVIERNO,1,RIEGO,4041.42,0.0,4041.42,0.0,0.0,0.0,0.0
2013,25,SINALOA,133,LOS MOCHIS,2,EL FUERTE,10,EL FUERTE,24800,PASTOS Y PRADERAS EN VERDE,0,,500,Tonelada,3,PERENNES,1,RIEGO,125.85,125.85,0.0,880.95,7.0,550.0,484522.5
2013,25,SINALOA,133,LOS MOCHIS,2,EL FUERTE,10,EL FUERTE,24800,PASTOS Y PRADERAS EN VERDE,0,,500,Tonelada,3,PERENNES,2,TEMPORAL,2803.0,2803.0,0.0,10758.0,3.838,800.0,8606400.0
2013,25,SINALOA,133,LOS MOCHIS,2,EL FUERTE,10,EL FUERTE,24900,PEPINO,200,CHINO,500,Tonelada,1,OTOÑO-INVIERNO,1,RIEGO,5.0,5.0,0.0,110.0,22.0,3400.0,374000.0
2013,25,SINALOA,133,LOS MOCHIS,2,EL FUERTE,10,EL FUERTE,29500,SORGO GRANO,0,,500,Tonelada,1,OTOÑO-INVIERNO,1,RIEGO,1651.37,1651.37,0.0,9082.54,5.5,3700.0,33605398.0
2013,25,SINALOA,133,LOS MOCHIS,2,EL FUERTE,10,EL FUERTE,30800,TOMATE ROJO (JITOMATE),800,SALADETTE,500,Tonelada,1,OTOÑO-INVIERNO,1,RIEGO,102.0,102.0,0.0,2346.0,23.0,2300.0,5395800.0
2013,25,SINALOA,133,LOS MOCHIS,2,EL FUERTE,10,EL FUERTE,31000,TOMATE VERDE,0,,500,Tonelada,1,OTOÑO-INVIERNO,1,RIEGO,345.47,97.94,247.53,783.57,8.001,1200.0,940284.0
2013,25,SINALOA,133,LOS MOCHIS,2,EL FUERTE,10,EL FUERTE,31500,TRIGO GRANO,200,FUERTE,500,Tonelada,1,OTOÑO-INVIERNO,1,RIEGO,158.35,158.35,0.0,791.75,5.0,3700.0,2929475.0
2013,25,SINALOA,133,LOS MOCHIS,3,EL CARRIZO,1,AHOME,500,AGAVE,200,TEQUILERO,500,Tonelada,3,PERENNES,1,RIEGO,60.0,0.0,60.0,0.0,0.0,0.0,0.0
2013,25,SINALOA,133,LOS MOCHIS,3,EL CARRIZO,1,AHOME,1600,ALFALFA ACHICALADA,0,,500,Tonelada,3,PERENNES,1,RIEGO,140.0,140.0,0.0,1162.0,8.3,2300.0,2672600.0
2013,25,SINALOA,133,LOS MOCHIS,3,EL CARRIZO,1,AHOME,1800,ALGODÓN HUESO,0,,500,Tonelada,1,OTOÑO-INVIERNO,1,RIEGO,100.0,30.0,70.0,75.0,2.5,7500.0,562500.0
2013,25,SINALOA,133,LOS MOCHIS,3,EL CARRIZO,1,AHOME,5800,CALABACITA,200,ITALIANA (Zucchini),500,Tonelada,1,OTOÑO-INVIERNO,1,RIEGO,254.79,168.0,86.79,3360.0,20.0,3500.0,11760000.0
2013,25,SINALOA,133,LOS MOCHIS,3,EL CARRIZO,1,AHOME,6900,CARTAMO,0,,500,Tonelada,1,OTOÑO-INVIERNO,1,RIEGO,985.0,985.0,0.0,1477.0,1.499,5000.0,7385000.0
2013,25,SINALOA,133,LOS MOCHIS,3,EL CARRIZO,1,AHOME,11400,CHILE VERDE,200,JALAPEÑO,500,Tonelada,1,OTOÑO-INVIERNO,1,RIEGO,257.35,124.44,132.91,6691.1,53.77,8000.0,53528800.0
2013,25,SINALOA,133,LOS MOCHIS,3,EL CARRIZO,1,AHOME,12700,ELOTE,0,,500,Tonelada,1,OTOÑO-INVIERNO,1,RIEGO,40.0,40.0,0.0,500.0,12.5,3200.0,1600000.0
2013,25,SINALOA,133,LOS MOCHIS,3,EL CARRIZO,1,AHOME,14200,FRIJOL,100,AZUFRADO,500,Tonelada,1,OTOÑO-INVIERNO,1,RIEGO,1458.0,964.12,493.88,1060.0,1.099,15000.0,15900000.0
2013,25,SINALOA,133,LOS MOCHIS,3,EL CARRIZO,1,AHOME,14700,GARBANZO GRANO,100,BLANCO,500,Tonelada,1,OTOÑO-INVIERNO,1,RIEGO,35.5,35.5,0.0,66.25,1.866,12892.45,854124.81
2013,25,SINALOA,133,LOS MOCHIS,3,EL CARRIZO,1,AHOME,16930,HORTALIZAS,0,,500,Tonelada,1,OTOÑO-INVIERNO,1,RIEGO,9.7,9.7,0.0,82.45,8.5,4200.0,346290.0
2013,25,SINALOA,133,LOS MOCHIS,3,EL CARRIZO,1,AHOME,19700,MAIZ GRANO,100,AMARILLO,500,Tonelada,1,OTOÑO-INVIERNO,1,RIEGO,40.12,40.12,0.0,389.16,9.7,4000.0,1556640.0
2013,25,SINALOA,133,LOS MOCHIS,3,EL CARRIZO,1,AHOME,19700,MAIZ GRANO,200,BLANCO,500,Tonelada,1,OTOÑO-INVIERNO,1,RIEGO,33607.46,4008.8,29598.66,36117.0,9.009,3215.06,116118322.02
2013,25,SINALOA,133,LOS MOCHIS,3,EL CARRIZO,1,AHOME,24400,PAPA,100,ALPHA (Blanca),500,Tonelada,1,OTOÑO-INVIERNO,1,RIEGO,60.0,60.0,0.0,1500.0,25.0,9750.0,14625000.0
2013,25,SINALOA,133,LOS MOCHIS,3,EL CARRIZO,1,AHOME,24800,PASTOS Y PRADERAS EN VERDE,300,ESTRELLA AFRICANA,500,Tonelada,3,PERENNES,1,RIEGO,97.0,97.0,0.0,1261.0,13.0,550.0,693550.0
2013,25,SINALOA,133,LOS MOCHIS,3,EL CARRIZO,1,AHOME,24900,PEPINO,200,CHINO,500,Tonelada,1,OTOÑO-INVIERNO,1,RIEGO,20.0,10.0,10.0,960.0,96.0,5600.0,5376000.0
2013,25,SINALOA,133,LOS MOCHIS,3,EL CARRIZO,1,AHOME,28700,SANDIA,200,CHARLESTON (GRAY),500,Tonelada,1,OTOÑO-INVIERNO,1,RIEGO,10.0,10.0,0.0,180.0,18.0,1800.0,324000.0
2013,25,SINALOA,133,LOS MOCHIS,3,EL CARRIZO,1,AHOME,29500,SORGO GRANO,0,,500,Tonelada,1,OTOÑO-INVIERNO,1,RIEGO,25079.65,25079.65,0.0,137938.08,5.5,3506.42,483668842.47
2013,25,SINALOA,133,LOS MOCHIS,3,EL CARRIZO,1,AHOME,30800,TOMATE ROJO (JITOMATE),800,SALADETTE,500,Tonelada,1,OTOÑO-INVIERNO,1,RIEGO,131.08,75.0,56.08,3014.84,40.198,2500.0,7537100.0
2013,25,SINALOA,133,LOS MOCHIS,3,EL CARRIZO,1,AHOME,31000,TOMATE VERDE,0,,500,Tonelada,1,OTOÑO-INVIERNO,1,RIEGO,1352.84,525.0,827.84,6300.0,12.0,1800.0,11340000.0
2013,25,SINALOA,133,LOS MOCHIS,3,EL CARRIZO,1,AHOME,31500,TRIGO GRANO,200,FUERTE,500,Tonelada,1,OTOÑO-INVIERNO,1,RIEGO,6638.79,6638.79,0.0,29874.56,4.5,3776.0,112806338.56
2013,25,SINALOA,133,LOS MOCHIS,3,EL CARRIZO,1,AHOME,32250,VARIOS,0,,500,Tonelada,1,OTOÑO-INVIERNO,1,RIEGO,40.39,40.39,0.0,161.56,4.0,3850.0,622006.0
2013,25,SINALOA,133,LOS MOCHIS,4,SAN BLAS,10,EL FUERTE,1600,ALFALFA ACHICALADA,0,,500,Tonelada,3,PERENNES,1,RIEGO,175.0,175.0,0.0,700.0,4.0,1750.0,1225000.0
2013,25,SINALOA,133,LOS MOCHIS,4,SAN BLAS,10,EL FUERTE,5800,CALABACITA,200,ITALIANA (Zucchini),500,Tonelada,1,OTOÑO-INVIERNO,1,RIEGO,502.0,464.0,38.0,9512.0,20.5,4000.0,38048000.0
2013,25,SINALOA,133,LOS MOCHIS,4,SAN BLAS,10,EL FUERTE,6500,CAÑA DE AZUCAR,200,INDUSTRIAL,500,Tonelada,3,PERENNES,1,RIEGO,405.0,0.0,405.0,0.0,0.0,0.0,0.0
2013,25,SINALOA,133,LOS MOCHIS,4,SAN BLAS,10,EL FUERTE,6900,CARTAMO,0,,500,Tonelada,1,OTOÑO-INVIERNO,1,RIEGO,5.0,5.0,0.0,9.0,1.8,3800.0,34200.0
2013,25,SINALOA,133,LOS MOCHIS,4,SAN BLAS,10,EL FUERTE,6900,CARTAMO,0,,500,Tonelada,1,OTOÑO-INVIERNO,2,TEMPORAL,5938.0,5938.0,0.0,4750.4,0.8,5800.0,27552320.0
2013,25,SINALOA,133,LOS MOCHIS,4,SAN BLAS,10,EL FUERTE,11400,CHILE VERDE,200,JALAPEÑO,500,Tonelada,1,OTOÑO-INVIERNO,1,RIEGO,171.92,171.92,0.0,5157.6,30.0,9000.0,46418400.0
2013,25,SINALOA,133,LOS MOCHIS,4,SAN BLAS,10,EL FUERTE,14200,FRIJOL,100,AZUFRADO,500,Tonelada,1,OTOÑO-INVIERNO,1,RIEGO,3098.68,2765.99,332.69,4148.99,1.5,14500.0,60160355.0
2013,25,SINALOA,133,LOS MOCHIS,4,SAN BLAS,10,EL FUERTE,14700,GARBANZO GRANO,100,BLANCO,500,Tonelada,1,OTOÑO-INVIERNO,1,RIEGO,17.0,17.0,0.0,32.5,1.912,13000.0,422500.0
2013,25,SINALOA,133,LOS MOCHIS,4,SAN BLAS,10,EL FUERTE,16930,HORTALIZAS,0,,500,Tonelada,1,OTOÑO-INVIERNO,1,RIEGO,74.0,74.0,0.0,370.0,5.0,3800.0,1406000.0
2013,25,SINALOA,133,LOS MOCHIS,4,SAN BLAS,10,EL FUERTE,19700,MAIZ GRANO,100,AMARILLO,500,Tonelada,1,OTOÑO-INVIERNO,1,RIEGO,40.63,40.63,0.0,385.98,9.5,4000.0,1543920.0
2013,25,SINALOA,133,LOS MOCHIS,4,SAN BLAS,10,EL FUERTE,19700,MAIZ GRANO,200,BLANCO,500,Tonelada,1,OTOÑO-INVIERNO,1,RIEGO,8169.22,6999.22,1170.0,65932.65,9.42,3214.51,211941162.75
2013,25,SINALOA,133,LOS MOCHIS,4,SAN BLAS,10,EL FUERTE,19700,MAIZ GRANO,200,BLANCO,500,Tonelada,1,OTOÑO-INVIERNO,2,TEMPORAL,125.0,125.0,0.0,312.5,2.5,4600.0,1437500.0
2013,25,SINALOA,133,LOS MOCHIS,4,SAN BLAS,10,EL FUERTE,20400,MANGO,500,KENT,500,Tonelada,3,PERENNES,1,RIEGO,218.0,218.0,0.0,3313.6,15.2,2152.1,7131198.56
2013,25,SINALOA,133,LOS MOCHIS,4,SAN BLAS,10,EL FUERTE,24400,PAPA,100,ALPHA (Blanca),500,Tonelada,1,OTOÑO-INVIERNO,1,RIEGO,648.18,648.18,0.0,16204.5,25.0,10000.0,162045000.0
2013,25,SINALOA,133,LOS MOCHIS,4,SAN BLAS,10,EL FUERTE,24800,PASTOS Y PRADERAS EN VERDE,0,,500,Tonelada,3,PERENNES,1,RIEGO,46.0,46.0,0.0,368.0,8.0,600.0,220800.0
2013,25,SINALOA,133,LOS MOCHIS,4,SAN BLAS,10,EL FUERTE,29500,SORGO GRANO,0,,500,Tonelada,1,OTOÑO-INVIERNO,1,RIEGO,10.0,10.0,0.0,55.0,5.5,3455.0,190025.0
2013,25,SINALOA,133,LOS MOCHIS,4,SAN BLAS,10,EL FUERTE,30800,TOMATE ROJO (JITOMATE),800,SALADETTE,500,Tonelada,1,OTOÑO-INVIERNO,1,RIEGO,876.78,868.78,8.0,22796.28,26.239,2800.0,63829584.0
2013,25,SINALOA,133,LOS MOCHIS,4,SAN BLAS,10,EL FUERTE,31000,TOMATE VERDE,0,,500,Tonelada,1,OTOÑO-INVIERNO,1,RIEGO,95.0,64.0,31.0,832.0,13.0,1500.0,1248000.0
2013,25,SINALOA,133,LOS MOCHIS,4,SAN BLAS,10,EL FUERTE,32250,VARIOS,0,,500,Tonelada,1,OTOÑO-INVIERNO,1,RIEGO,75.0,75.0,0.0,375.0,5.0,3500.0,1312500.0
2013,25,SINALOA,133,LOS MOCHIS,5,HIGUERAS DE ZAR,1,AHOME,800,AJONJOLÍ,0,,500,Tonelada,1,OTOÑO-INVIERNO,2,TEMPORAL,3728.0,3728.0,0.0,2653.44,0.712,12500.0,33168000.0
2013,25,SINALOA,133,LOS MOCHIS,5,HIGUERAS DE ZAR,1,AHOME,1600,ALFALFA ACHICALADA,0,,500,Tonelada,3,PERENNES,1,RIEGO,375.0,375.0,0.0,3000.0,8.0,2300.0,6900000.0
2013,25,SINALOA,133,LOS MOCHIS,5,HIGUERAS DE ZAR,1,AHOME,5300,CACAHUATE,0,,500,Tonelada,1,OTOÑO-INVIERNO,2,TEMPORAL,932.0,932.0,0.0,1770.8,1.9,13000.0,23020400.0
2013,25,SINALOA,133,LOS MOCHIS,5,HIGUERAS DE ZAR,1,AHOME,5800,CALABACITA,200,ITALIANA (Zucchini),500,Tonelada,1,OTOÑO-INVIERNO,1,RIEGO,45.0,45.0,0.0,945.0,21.0,4500.0,4252500.0
2013,25,SINALOA,133,LOS MOCHIS,5,HIGUERAS DE ZAR,1,AHOME,5800,CALABACITA,200,ITALIANA (Zucchini),500,Tonelada,1,OTOÑO-INVIERNO,2,TEMPORAL,98.0,98.0,0.0,735.0,7.5,2500.0,1837500.0
2013,25,SINALOA,133,LOS MOCHIS,5,HIGUERAS DE ZAR,1,AHOME,6500,CAÑA DE AZUCAR,200,INDUSTRIAL,500,Tonelada,3,PERENNES,1,RIEGO,85.0,0.0,85.0,0.0,0.0,0.0,0.0
2013,25,SINALOA,133,LOS MOCHIS,5,HIGUERAS DE ZAR,1,AHOME,6900,CARTAMO,0,,500,Tonelada,1,OTOÑO-INVIERNO,1,RIEGO,2.0,2.0,0.0,3.0,1.5,5600.0,16800.0
2013,25,SINALOA,133,LOS MOCHIS,5,HIGUERAS DE ZAR,1,AHOME,6900,CARTAMO,0,,500,Tonelada,1,OTOÑO-INVIERNO,2,TEMPORAL,6248.0,6248.0,0.0,4998.4,0.8,5800.0,28990720.0
2013,25,SINALOA,133,LOS MOCHIS,5,HIGUERAS DE ZAR,1,AHOME,11400,CHILE VERDE,200,JALAPEÑO,500,Tonelada,1,OTOÑO-INVIERNO,2,TEMPORAL,107.0,107.0,0.0,246.1,2.3,1750.0,430675.0
2013,25,SINALOA,133,LOS MOCHIS,5,HIGUERAS DE ZAR,1,AHOME,12700,ELOTE,0,,500,Tonelada,1,OTOÑO-INVIERNO,1,RIEGO,403.0,403.0,0.0,5158.4,12.8,4000.0,20633600.0
2013,25,SINALOA,133,LOS MOCHIS,5,HIGUERAS DE ZAR,1,AHOME,14200,FRIJOL,100,AZUFRADO,500,Tonelada,1,OTOÑO-INVIERNO,1,RIEGO,6650.0,6650.0,0.0,10307.5,1.55,14000.0,144305000.0
2013,25,SINALOA,133,LOS MOCHIS,5,HIGUERAS DE ZAR,1,AHOME,14200,FRIJOL,100,AZUFRADO,500,Tonelada,1,OTOÑO-INVIERNO,2,TEMPORAL,689.0,689.0,0.0,482.3,0.7,13000.0,6269900.0
2013,25,SINALOA,133,LOS MOCHIS,5,HIGUERAS DE ZAR,1,AHOME,19700,MAIZ GRANO,100,AMARILLO,500,Tonelada,1,OTOÑO-INVIERNO,1,RIEGO,196.95,196.95,0.0,1930.11,9.8,4200.0,8106462.0
2013,25,SINALOA,133,LOS MOCHIS,5,HIGUERAS DE ZAR,1,AHOME,19700,MAIZ GRANO,200,BLANCO,500,Tonelada,1,OTOÑO-INVIERNO,1,RIEGO,14641.0,14641.0,0.0,131769.0,9.0,3200.0,421660800.0
2013,25,SINALOA,133,LOS MOCHIS,5,HIGUERAS DE ZAR,1,AHOME,19700,MAIZ GRANO,200,BLANCO,500,Tonelada,1,OTOÑO-INVIERNO,2,TEMPORAL,229.0,229.0,0.0,572.5,2.5,4600.0,2633500.0
2013,25,SINALOA,133,LOS MOCHIS,5,HIGUERAS DE ZAR,1,AHOME,20000,MAIZ GRANO SEMILLA,0,,500,Tonelada,1,OTOÑO-INVIERNO,1,RIEGO,24.5,24.5,0.0,245.0,10.0,3200.0,784000.0
2013,25,SINALOA,133,LOS MOCHIS,5,HIGUERAS DE ZAR,1,AHOME,20400,MANGO,500,KENT,500,Tonelada,3,PERENNES,1,RIEGO,2000.0,1492.0,508.0,22529.2,15.1,1840.42,41463190.26
2013,25,SINALOA,133,LOS MOCHIS,5,HIGUERAS DE ZAR,1,AHOME,24800,PASTOS Y PRADERAS EN VERDE,300,ESTRELLA AFRICANA,500,Tonelada,3,PERENNES,1,RIEGO,238.0,238.0,0.0,1666.0,7.0,600.0,999600.0
2013,25,SINALOA,133,LOS MOCHIS,5,HIGUERAS DE ZAR,1,AHOME,28700,SANDIA,200,CHARLESTON (GRAY),500,Tonelada,1,OTOÑO-INVIERNO,2,TEMPORAL,1107.0,1107.0,0.0,12730.5,11.5,1850.0,23551425.0
2013,25,SINALOA,133,LOS MOCHIS,5,HIGUERAS DE ZAR,1,AHOME,29500,SORGO GRANO,0,,500,Tonelada,1,OTOÑO-INVIERNO,1,RIEGO,102.92,102.92,0.0,338.81,3.292,3700.0,1253597.0
2013,25,SINALOA,133,LOS MOCHIS,5,HIGUERAS DE ZAR,1,AHOME,30800,TOMATE ROJO (JITOMATE),800,SALADETTE,500,Tonelada,1,OTOÑO-INVIERNO,1,RIEGO,213.0,213.0,0.0,5112.0,24.0,2500.0,12780000.0
2013,25,SINALOA,133,LOS MOCHIS,5,HIGUERAS DE ZAR,1,AHOME,31000,TOMATE VERDE,0,,500,Tonelada,1,OTOÑO-INVIERNO,1,RIEGO,220.76,220.76,0.0,2649.12,12.0,2000.0,5298240.0
2013,25,SINALOA,133,LOS MOCHIS,5,HIGUERAS DE ZAR,1,AHOME,31000,TOMATE VERDE,0,,500,Tonelada,1,OTOÑO-INVIERNO,2,TEMPORAL,720.0,720.0,0.0,1296.0,1.8,850.0,1101600.0
2013,25,SINALOA,133,LOS MOCHIS,5,HIGUERAS DE ZAR,1,AHOME,31500,TRIGO GRANO,200,FUERTE,500,Tonelada,1,OTOÑO-INVIERNO,1,RIEGO,259.83,259.83,0.0,1247.18,4.8,3721.24,4641056.1
2013,25,SINALOA,133,LOS MOCHIS,6,AHOME,1,AHOME,1600,ALFALFA ACHICALADA,0,,500,Tonelada,3,PERENNES,1,RIEGO,280.0,280.0,0.0,2142.0,7.65,3300.0,7068600.0
2013,25,SINALOA,133,LOS MOCHIS,6,AHOME,1,AHOME,5800,CALABACITA,200,ITALIANA (Zucchini),500,Tonelada,1,OTOÑO-INVIERNO,1,RIEGO,187.0,187.0,0.0,3927.0,21.0,3607.49,14166613.23
2013,25,SINALOA,133,LOS MOCHIS,6,AHOME,1,AHOME,6500,CAÑA DE AZUCAR,200,INDUSTRIAL,500,Tonelada,3,PERENNES,1,RIEGO,3600.0,3318.2,281.8,268774.2,81.0,420.0,112885164.0
2013,25,SINALOA,133,LOS MOCHIS,6,AHOME,1,AHOME,6510,CAÑA DE AZUCAR SEMILLA,0,,500,Tonelada,3,PERENNES,1,RIEGO,30.0,30.0,0.0,2400.0,80.0,580.0,1392000.0
2013,25,SINALOA,133,LOS MOCHIS,6,AHOME,1,AHOME,6900,CARTAMO,0,,500,Tonelada,1,OTOÑO-INVIERNO,1,RIEGO,20.0,20.0,0.0,24.0,1.2,5500.0,132000.0
2013,25,SINALOA,133,LOS MOCHIS,6,AHOME,1,AHOME,11400,CHILE VERDE,200,JALAPEÑO,500,Tonelada,1,OTOÑO-INVIERNO,1,RIEGO,62.0,62.0,0.0,1488.0,24.0,8000.0,11904000.0
2013,25,SINALOA,133,LOS MOCHIS,6,AHOME,1,AHOME,12700,ELOTE,0,,500,Tonelada,1,OTOÑO-INVIERNO,1,RIEGO,192.5,192.5,0.0,2406.25,12.5,4000.0,9625000.0
2013,25,SINALOA,133,LOS MOCHIS,6,AHOME,1,AHOME,14200,FRIJOL,100,AZUFRADO,500,Tonelada,1,OTOÑO-INVIERNO,1,RIEGO,3712.3,3712.3,0.0,6682.14,1.8,14800.0,98895672.0
2013,25,SINALOA,133,LOS MOCHIS,6,AHOME,1,AHOME,19700,MAIZ GRANO,200,BLANCO,500,Tonelada,1,OTOÑO-INVIERNO,1,RIEGO,23386.99,23386.99,0.0,222219.52,9.502,3220.64,715689074.89
2013,25,SINALOA,133,LOS MOCHIS,6,AHOME,1,AHOME,20400,MANGO,500,KENT,500,Tonelada,3,PERENNES,1,RIEGO,1674.0,1013.0,661.0,15306.43,15.11,2015.09,30843834.03
2013,25,SINALOA,133,LOS MOCHIS,6,AHOME,1,AHOME,24400,PAPA,100,ALPHA (Blanca),500,Tonelada,1,OTOÑO-INVIERNO,1,RIEGO,142.15,142.15,0.0,3838.05,27.0,9500.0,36461475.0
2013,25,SINALOA,133,LOS MOCHIS,6,AHOME,1,AHOME,24800,PASTOS Y PRADERAS EN VERDE,300,ESTRELLA AFRICANA,500,Tonelada,3,PERENNES,1,RIEGO,278.0,278.0,0.0,1807.0,6.5,600.0,1084200.0
2013,25,SINALOA,133,LOS MOCHIS,6,AHOME,1,AHOME,24900,PEPINO,200,CHINO,500,Tonelada,1,OTOÑO-INVIERNO,1,RIEGO,18.0,18.0,0.0,378.0,21.0,3600.0,1360800.0
2013,25,SINALOA,133,LOS MOCHIS,6,AHOME,1,AHOME,29500,SORGO GRANO,0,,500,Tonelada,1,OTOÑO-INVIERNO,1,RIEGO,9.5,9.5,0.0,47.5,5.0,3200.0,152000.0
2013,25,SINALOA,133,LOS MOCHIS,6,AHOME,1,AHOME,30800,TOMATE ROJO (JITOMATE),800,SALADETTE,500,Tonelada,1,OTOÑO-INVIERNO,1,RIEGO,159.0,159.0,0.0,3816.0,24.0,2500.0,9540000.0
2013,25,SINALOA,133,LOS MOCHIS,6,AHOME,1,AHOME,31000,TOMATE VERDE,0,,500,Tonelada,1,OTOÑO-INVIERNO,1,RIEGO,151.63,151.63,0.0,1743.74,11.5,1800.0,3138732.0
2013,25,SINALOA,133,LOS MOCHIS,6,AHOME,1,AHOME,31500,TRIGO GRANO,200,FUERTE,500,Tonelada,1,OTOÑO-INVIERNO,1,RIEGO,77.98,77.98,0.0,280.73,3.6,3780.0,1061159.4
2013,25,SINALOA,133,LOS MOCHIS,7,LOS MOCHIS,1,AHOME,600,AGUACATE,100,HASS,500,Tonelada,3,PERENNES,1,RIEGO,200.0,0.0,200.0,0.0,0.0,0.0,0.0
2013,25,SINALOA,133,LOS MOCHIS,7,LOS MOCHIS,1,AHOME,1600,ALFALFA ACHICALADA,0,,500,Tonelada,3,PERENNES,1,RIEGO,450.0,450.0,0.0,4050.0,9.0,3500.0,14175000.0
2013,25,SINALOA,133,LOS MOCHIS,7,LOS MOCHIS,1,AHOME,5800,CALABACITA,200,ITALIANA (Zucchini),500,Tonelada,1,OTOÑO-INVIERNO,1,RIEGO,302.55,302.55,0.0,6353.55,21.0,3362.83,21365908.55
2013,25,SINALOA,133,LOS MOCHIS,7,LOS MOCHIS,1,AHOME,6500,CAÑA DE AZUCAR,200,INDUSTRIAL,500,Tonelada,3,PERENNES,1,RIEGO,5288.0,4977.3,310.7,403161.3,81.0,420.0,169327746.0
2013,25,SINALOA,133,LOS MOCHIS,7,LOS MOCHIS,1,AHOME,6510,CAÑA DE AZUCAR SEMILLA,0,,500,Tonelada,3,PERENNES,1,RIEGO,50.0,50.0,0.0,4050.0,81.0,600.0,2430000.0
2013,25,SINALOA,133,LOS MOCHIS,7,LOS MOCHIS,1,AHOME,7400,CEBOLLA,100,BLANCA,500,Tonelada,1,OTOÑO-INVIERNO,1,RIEGO,236.0,236.0,0.0,5664.0,24.0,2500.0,14160000.0
2013,25,SINALOA,133,LOS MOCHIS,7,LOS MOCHIS,1,AHOME,11400,CHILE VERDE,200,JALAPEÑO,500,Tonelada,1,OTOÑO-INVIERNO,1,RIEGO,413.08,413.08,0.0,11153.16,27.0,8500.0,94801860.0
2013,25,SINALOA,133,LOS MOCHIS,7,LOS MOCHIS,1,AHOME,12700,ELOTE,0,,500,Tonelada,1,OTOÑO-INVIERNO,1,RIEGO,15.54,15.54,0.0,194.25,12.5,3000.0,582750.0
2013,25,SINALOA,133,LOS MOCHIS,7,LOS MOCHIS,1,AHOME,14200,FRIJOL,100,AZUFRADO,500,Tonelada,1,OTOÑO-INVIERNO,1,RIEGO,4821.69,4821.69,0.0,7955.79,1.65,16500.0,131270535.0
2013,25,SINALOA,133,LOS MOCHIS,7,LOS MOCHIS,1,AHOME,14700,GARBANZO GRANO,100,BLANCO,500,Tonelada,1,OTOÑO-INVIERNO,1,RIEGO,576.27,576.27,0.0,864.41,1.5,12827.1,11087873.51
2013,25,SINALOA,133,LOS MOCHIS,7,LOS MOCHIS,1,AHOME,16930,HORTALIZAS,0,,500,Tonelada,1,OTOÑO-INVIERNO,1,RIEGO,154.0,154.0,0.0,1001.0,6.5,4000.0,4004000.0
2013,25,SINALOA,133,LOS MOCHIS,7,LOS MOCHIS,1,AHOME,19700,MAIZ GRANO,100,AMARILLO,500,Tonelada,1,OTOÑO-INVIERNO,1,RIEGO,43.29,43.29,0.0,424.24,9.8,4000.0,1696960.0
2013,25,SINALOA,133,LOS MOCHIS,7,LOS MOCHIS,1,AHOME,19700,MAIZ GRANO,200,BLANCO,500,Tonelada,1,OTOÑO-INVIERNO,1,RIEGO,25423.36,25423.36,0.0,229849.42,9.041,3202.64,736124946.47
2013,25,SINALOA,133,LOS MOCHIS,7,LOS MOCHIS,1,AHOME,24400,PAPA,100,ALPHA (Blanca),500,Tonelada,1,OTOÑO-INVIERNO,1,RIEGO,6272.07,6272.07,0.0,153665.71,24.5,9780.45,1502919793.37
2013,25,SINALOA,133,LOS MOCHIS,7,LOS MOCHIS,1,AHOME,24800,PASTOS Y PRADERAS EN VERDE,300,ESTRELLA AFRICANA,500,Tonelada,3,PERENNES,1,RIEGO,189.64,189.64,0.0,1422.3,7.5,600.0,853380.0
2013,25,SINALOA,133,LOS MOCHIS,7,LOS MOCHIS,1,AHOME,24900,PEPINO,200,CHINO,500,Tonelada,1,OTOÑO-INVIERNO,1,RIEGO,50.0,50.0,0.0,1150.0,23.0,3500.0,4025000.0
2013,25,SINALOA,133,LOS MOCHIS,7,LOS MOCHIS,1,AHOME,29500,SORGO GRANO,0,,500,Tonelada,1,OTOÑO-INVIERNO,1,RIEGO,1435.0,1435.0,0.0,6915.69,4.819,3798.04,26266067.25
2013,25,SINALOA,133,LOS MOCHIS,7,LOS MOCHIS,1,AHOME,30800,TOMATE ROJO (JITOMATE),800,SALADETTE,500,Tonelada,1,OTOÑO-INVIERNO,1,RIEGO,365.72,365.72,0.0,9143.0,25.0,3800.0,34743400.0
2013,25,SINALOA,133,LOS MOCHIS,7,LOS MOCHIS,1,AHOME,31000,TOMATE VERDE,0,,500,Tonelada,1,OTOÑO-INVIERNO,1,RIEGO,506.78,506.78,0.0,6081.36,12.0,2000.0,12162720.0
2013,25,SINALOA,133,LOS MOCHIS,7,LOS MOCHIS,1,AHOME,31500,TRIGO GRANO,200,FUERTE,500,Tonelada,1,OTOÑO-INVIERNO,1,RIEGO,101.31,101.31,0.0,486.29,4.8,3755.43,1826228.05
2013,25,SINALOA,133,LOS MOCHIS,7,LOS MOCHIS,1,AHOME,32250,VARIOS,0,,500,Tonelada,1,OTOÑO-INVIERNO,1,RIEGO,4.0,4.0,0.0,24.0,6.0,3700.0,88800.0
2013,25,SINALOA,133,LOS MOCHIS,7,LOS MOCHIS,1,AHOME,33430,ZEMPOALXOCHITL,0,,500,Tonelada,1,OTOÑO-INVIERNO,1,RIEGO,3.0,3.0,0.0,19.5,6.5,6000.0,117000.0
2013,25,SINALOA,133,LOS MOCHIS,8,RUIZ CORTINEZ,11,GUASAVE,1600,ALFALFA ACHICALADA,0,,500,Tonelada,3,PERENNES,1,RIEGO,85.0,85.0,0.0,765.0,9.0,3300.0,2524500.0
2013,25,SINALOA,133,LOS MOCHIS,8,RUIZ CORTINEZ,11,GUASAVE,5800,CALABACITA,200,ITALIANA (Zucchini),500,Tonelada,1,OTOÑO-INVIERNO,1,RIEGO,64.0,64.0,0.0,1344.0,21.0,3800.0,5107200.0
2013,25,SINALOA,133,LOS MOCHIS,8,RUIZ CORTINEZ,11,GUASAVE,6500,CAÑA DE AZUCAR,200,INDUSTRIAL,500,Tonelada,3,PERENNES,1,RIEGO,124.0,0.0,124.0,0.0,0.0,0.0,0.0
2013,25,SINALOA,133,LOS MOCHIS,8,RUIZ CORTINEZ,11,GUASAVE,6900,CARTAMO,0,,500,Tonelada,1,OTOÑO-INVIERNO,1,RIEGO,10.0,10.0,0.0,12.0,1.2,5500.0,66000.0
2013,25,SINALOA,133,LOS MOCHIS,8,RUIZ CORTINEZ,11,GUASAVE,7400,CEBOLLA,100,BLANCA,500,Tonelada,1,OTOÑO-INVIERNO,1,RIEGO,10.0,10.0,0.0,220.0,22.0,3000.0,660000.0
2013,25,SINALOA,133,LOS MOCHIS,8,RUIZ CORTINEZ,11,GUASAVE,10900,CHICHARO,0,,500,Tonelada,1,OTOÑO-INVIERNO,1,RIEGO,129.84,129.84,0.0,1687.92,13.0,2200.0,3713424.0
2013,25,SINALOA,133,LOS MOCHIS,8,RUIZ CORTINEZ,11,GUASAVE,11400,CHILE VERDE,200,JALAPEÑO,500,Tonelada,1,OTOÑO-INVIERNO,1,RIEGO,586.94,586.94,0.0,16434.32,28.0,6800.0,111753376.0
2013,25,SINALOA,133,LOS MOCHIS,8,RUIZ CORTINEZ,11,GUASAVE,11400,CHILE VERDE,900,SERRANO,500,Tonelada,1,OTOÑO-INVIERNO,1,RIEGO,223.05,223.05,0.0,4907.1,22.0,6500.0,31896150.0
2013,25,SINALOA,133,LOS MOCHIS,8,RUIZ CORTINEZ,11,GUASAVE,11400,CHILE VERDE,1200,BELL PEPPER,500,Tonelada,1,OTOÑO-INVIERNO,1,RIEGO,39.49,39.49,0.0,1184.7,30.0,7000.0,8292900.0
2013,25,SINALOA,133,LOS MOCHIS,8,RUIZ CORTINEZ,11,GUASAVE,11400,CHILE VERDE,3600,BELL PEPPER MALLA SOMBRA,500,Tonelada,1,OTOÑO-INVIERNO,1,RIEGO,154.75,154.75,0.0,9594.5,62.0,7200.0,69080400.0
2013,25,SINALOA,133,LOS MOCHIS,8,RUIZ CORTINEZ,11,GUASAVE,12600,EJOTE,0,,500,Tonelada,1,OTOÑO-INVIERNO,1,RIEGO,33.55,33.55,0.0,268.4,8.0,3000.0,805200.0
2013,25,SINALOA,133,LOS MOCHIS,8,RUIZ CORTINEZ,11,GUASAVE,14200,FRIJOL,100,AZUFRADO,500,Tonelada,1,OTOÑO-INVIERNO,1,RIEGO,7454.52,7454.52,0.0,14909.04,2.0,15500.0,231090120.0
2013,25,SINALOA,133,LOS MOCHIS,8,RUIZ CORTINEZ,11,GUASAVE,14700,GARBANZO GRANO,100,BLANCO,500,Tonelada,1,OTOÑO-INVIERNO,1,RIEGO,178.75,178.75,0.0,268.12,1.5,12800.0,3431936.0
2013,25,SINALOA,133,LOS MOCHIS,8,RUIZ CORTINEZ,11,GUASAVE,16930,HORTALIZAS,0,,500,Tonelada,1,OTOÑO-INVIERNO,1,RIEGO,247.0,247.0,0.0,1358.5,5.5,3850.0,5230225.0
2013,25,SINALOA,133,LOS MOCHIS,8,RUIZ CORTINEZ,11,GUASAVE,19700,MAIZ GRANO,200,BLANCO,500,Tonelada,1,OTOÑO-INVIERNO,1,RIEGO,28152.75,28152.75,0.0,283575.0,10.073,3200.0,907440000.0
2013,25,SINALOA,133,LOS MOCHIS,8,RUIZ CORTINEZ,11,GUASAVE,22400,NARANJA,400,VALENCIA,500,Tonelada,3,PERENNES,1,RIEGO,231.0,195.0,36.0,2925.0,15.0,2000.0,5850000.0
2013,25,SINALOA,133,LOS MOCHIS,8,RUIZ CORTINEZ,11,GUASAVE,24400,PAPA,100,ALPHA (Blanca),500,Tonelada,1,OTOÑO-INVIERNO,1,RIEGO,2516.0,2516.0,0.0,65416.0,26.0,8778.77,574272018.32
2013,25,SINALOA,133,LOS MOCHIS,8,RUIZ CORTINEZ,11,GUASAVE,24800,PASTOS Y PRADERAS EN VERDE,300,ESTRELLA AFRICANA,500,Tonelada,3,PERENNES,1,RIEGO,83.0,83.0,0.0,540.0,6.506,690.23,372724.2
2013,25,SINALOA,133,LOS MOCHIS,8,RUIZ CORTINEZ,11,GUASAVE,24900,PEPINO,200,CHINO,500,Tonelada,1,OTOÑO-INVIERNO,1,RIEGO,152.32,152.32,0.0,3808.0,25.0,3800.0,14470400.0
2013,25,SINALOA,133,LOS MOCHIS,8,RUIZ CORTINEZ,11,GUASAVE,29500,SORGO GRANO,0,,500,Tonelada,1,OTOÑO-INVIERNO,1,RIEGO,655.0,655.0,0.0,3275.0,5.0,3318.32,10867498.0
2013,25,SINALOA,133,LOS MOCHIS,8,RUIZ CORTINEZ,11,GUASAVE,30800,TOMATE ROJO (JITOMATE),800,SALADETTE,500,Tonelada,1,OTOÑO-INVIERNO,1,RIEGO,1699.11,1699.11,0.0,42477.75,25.0,3600.0,152919900.0
2013,25,SINALOA,133,LOS MOCHIS,8,RUIZ CORTINEZ,11,GUASAVE,31000,TOMATE VERDE,0,,500,Tonelada,1,OTOÑO-INVIERNO,1,RIEGO,785.08,785.08,0.0,10598.58,13.5,2170.58,23005065.78
2013,25,SINALOA,133,LOS MOCHIS,8,RUIZ CORTINEZ,11,GUASAVE,31500,TRIGO GRANO,200,FUERTE,500,Tonelada,1,OTOÑO-INVIERNO,1,RIEGO,37.35,37.35,0.0,168.07,4.5,3780.0,635304.6
2013,25,SINALOA,133,LOS MOCHIS,8,RUIZ CORTINEZ,11,GUASAVE,32250,VARIOS,0,,500,Tonelada,1,OTOÑO-INVIERNO,1,RIEGO,361.0,361.0,0.0,1263.5,3.5,3800.0,4801300.0
2013,25,SINALOA,133,LOS MOCHIS,8,RUIZ CORTINEZ,11,GUASAVE,33430,ZEMPOALXOCHITL,0,,500,Tonelada,1,OTOÑO-INVIERNO,1,RIEGO,10.0,10.0,0.0,60.0,6.0,6000.0,360000.0
2013,25,SINALOA,133,LOS MOCHIS,8,RUIZ CORTINEZ,17,SINALOA,1600,ALFALFA ACHICALADA,0,,500,Tonelada,3,PERENNES,1,RIEGO,145.0,145.0,0.0,1232.5,8.5,3300.0,4067250.0
2013,25,SINALOA,133,LOS MOCHIS,8,RUIZ CORTINEZ,17,SINALOA,6500,CAÑA DE AZUCAR,200,INDUSTRIAL,500,Tonelada,3,PERENNES,1,RIEGO,67.0,0.0,67.0,0.0,0.0,0.0,0.0
2013,25,SINALOA,133,LOS MOCHIS,8,RUIZ CORTINEZ,17,SINALOA,11400,CHILE VERDE,200,JALAPEÑO,500,Tonelada,1,OTOÑO-INVIERNO,1,RIEGO,111.58,111.58,0.0,3012.66,27.0,9302.56,28025450.41
2013,25,SINALOA,133,LOS MOCHIS,8,RUIZ CORTINEZ,17,SINALOA,12600,EJOTE,0,,500,Tonelada,1,OTOÑO-INVIERNO,1,RIEGO,51.61,51.61,0.0,412.88,8.0,3000.0,1238640.0
2013,25,SINALOA,133,LOS MOCHIS,8,RUIZ CORTINEZ,17,SINALOA,14200,FRIJOL,100,AZUFRADO,500,Tonelada,1,OTOÑO-INVIERNO,1,RIEGO,1731.37,1731.37,0.0,3462.74,2.0,15500.0,53672470.0
2013,25,SINALOA,133,LOS MOCHIS,8,RUIZ CORTINEZ,17,SINALOA,14700,GARBANZO GRANO,100,BLANCO,500,Tonelada,1,OTOÑO-INVIERNO,1,RIEGO,13.25,13.25,0.0,19.88,1.5,12800.0,254464.0
2013,25,SINALOA,133,LOS MOCHIS,8,RUIZ CORTINEZ,17,SINALOA,16930,HORTALIZAS,0,,500,Tonelada,1,OTOÑO-INVIERNO,1,RIEGO,37.0,37.0,0.0,203.5,5.5,3850.0,783475.0
2013,25,SINALOA,133,LOS MOCHIS,8,RUIZ CORTINEZ,17,SINALOA,19700,MAIZ GRANO,200,BLANCO,500,Tonelada,1,OTOÑO-INVIERNO,1,RIEGO,9384.25,9384.25,0.0,93842.5,10.0,3200.0,300296000.0
2013,25,SINALOA,133,LOS MOCHIS,8,RUIZ CORTINEZ,17,SINALOA,24400,PAPA,100,ALPHA (Blanca),500,Tonelada,1,OTOÑO-INVIERNO,1,RIEGO,629.0,629.0,0.0,15096.0,24.0,9074.72,136991973.12
2013,25,SINALOA,133,LOS MOCHIS,8,RUIZ CORTINEZ,17,SINALOA,24800,PASTOS Y PRADERAS EN VERDE,0,,500,Tonelada,3,PERENNES,1,RIEGO,72.0,72.0,0.0,468.0,6.5,704.17,329551.56
2013,25,SINALOA,133,LOS MOCHIS,8,RUIZ CORTINEZ,17,SINALOA,30800,TOMATE ROJO (JITOMATE),800,SALADETTE,500,Tonelada,1,OTOÑO-INVIERNO,1,RIEGO,253.89,253.89,0.0,5839.47,23.0,2600.0,15182622.0
2013,25,SINALOA,133,LOS MOCHIS,8,RUIZ CORTINEZ,17,SINALOA,31000,TOMATE VERDE,0,,500,Tonelada,1,OTOÑO-INVIERNO,1,RIEGO,175.0,175.0,0.0,2100.0,12.0,2200.0,4620000.0
2013,25,SINALOA,133,LOS MOCHIS,8,RUIZ CORTINEZ,17,SINALOA,31500,TRIGO GRANO,200,FUERTE,500,Tonelada,1,OTOÑO-INVIERNO,1,RIEGO,211.65,211.65,0.0,952.42,4.5,3780.0,3600147.6
2013,25,SINALOA,133,LOS MOCHIS,8,RUIZ CORTINEZ,17,SINALOA,32250,VARIOS,0,,500,Tonelada,1,OTOÑO-INVIERNO,1,RIEGO,10.0,10.0,0.0,85.0,8.5,3750.0,318750.0
2013,25,SINALOA,134,GUASAVE,1,OCORONI,17,SINALOA,800,AJONJOLÍ,0,,500,Tonelada,2,PRIMAVERA-VERANO,2,TEMPORAL,780.0,280.0,500.0,196.0,0.7,27000.0,5292000.0
2013,25,SINALOA,134,GUASAVE,1,OCORONI,17,SINALOA,1600,ALFALFA ACHICALADA,0,,500,Tonelada,3,PERENNES,1,RIEGO,97.0,97.0,0.0,776.0,8.0,1899.66,1474136.16
2013,25,SINALOA,134,GUASAVE,1,OCORONI,17,SINALOA,5300,CACAHUATE,0,,500,Tonelada,2,PRIMAVERA-VERANO,2,TEMPORAL,100.0,80.0,20.0,96.0,1.2,10000.0,960000.0
2013,25,SINALOA,134,GUASAVE,1,OCORONI,17,SINALOA,6900,CARTAMO,0,,500,Tonelada,1,OTOÑO-INVIERNO,1,RIEGO,500.0,500.0,0.0,700.0,1.4,5200.0,3640000.0
2013,25,SINALOA,134,GUASAVE,1,OCORONI,17,SINALOA,6900,CARTAMO,0,,500,Tonelada,1,OTOÑO-INVIERNO,2,TEMPORAL,380.16,380.16,0.0,133.0,0.35,4500.0,598500.0
2013,25,SINALOA,134,GUASAVE,1,OCORONI,17,SINALOA,14200,FRIJOL,500,MAYOCOBA,500,Tonelada,1,OTOÑO-INVIERNO,1,RIEGO,699.99,699.99,0.0,839.99,1.2,16400.0,13775836.0
2013,25,SINALOA,134,GUASAVE,1,OCORONI,17,SINALOA,14700,GARBANZO GRANO,100,BLANCO,500,Tonelada,1,OTOÑO-INVIERNO,1,RIEGO,410.0,385.0,25.0,731.5,1.9,13000.0,9509500.0
2013,25,SINALOA,134,GUASAVE,1,OCORONI,17,SINALOA,19700,MAIZ GRANO,200,BLANCO,500,Tonelada,1,OTOÑO-INVIERNO,1,RIEGO,4500.0,1367.2,3132.8,11250.0,8.228,3700.0,41625000.0
2013,25,SINALOA,134,GUASAVE,1,OCORONI,17,SINALOA,20400,MANGO,300,HADEN,500,Tonelada,3,PERENNES,1,RIEGO,23.0,23.0,0.0,195.0,8.478,1266.67,247000.65
2013,25,SINALOA,134,GUASAVE,1,OCORONI,17,SINALOA,22400,NARANJA,400,VALENCIA,500,Tonelada,3,PERENNES,1,RIEGO,45.0,45.0,0.0,540.0,12.0,2500.0,1350000.0
2013,25,SINALOA,134,GUASAVE,1,OCORONI,17,SINALOA,24800,PASTOS Y PRADERAS EN VERDE,0,,500,Tonelada,3,PERENNES,1,RIEGO,15.0,15.0,0.0,240.0,16.0,530.0,127200.0
2013,25,SINALOA,134,GUASAVE,1,OCORONI,17,SINALOA,29500,SORGO GRANO,0,,500,Tonelada,1,OTOÑO-INVIERNO,1,RIEGO,1800.0,1800.0,0.0,10800.0,6.0,3200.0,34560000.0
2013,25,SINALOA,134,GUASAVE,1,OCORONI,17,SINALOA,29500,SORGO GRANO,0,,500,Tonelada,2,PRIMAVERA-VERANO,2,TEMPORAL,4500.0,800.0,3700.0,1600.0,2.0,2600.0,4160000.0
2013,25,SINALOA,134,GUASAVE,1,OCORONI,17,SINALOA,31000,TOMATE VERDE,0,,500,Tonelada,1,OTOÑO-INVIERNO,1,RIEGO,32.63,32.63,0.0,424.19,13.0,5000.0,2120950.0
2013,25,SINALOA,134,GUASAVE,1,OCORONI,17,SINALOA,31500,TRIGO GRANO,400,SUAVE,500,Tonelada,1,OTOÑO-INVIERNO,1,RIEGO,3319.17,3319.17,0.0,13940.51,4.2,3621.8,50489739.12
2013,25,SINALOA,134,GUASAVE,2,SINALOA DE LEYVA,17,SINALOA,800,AJONJOLÍ,0,,500,Tonelada,2,PRIMAVERA-VERANO,1,RIEGO,2500.0,2500.0,0.0,1000.0,0.4,12362.0,12362000.0
2013,25,SINALOA,134,GUASAVE,2,SINALOA DE LEYVA,17,SINALOA,800,AJONJOLÍ,0,,500,Tonelada,2,PRIMAVERA-VERANO,2,TEMPORAL,2500.0,2500.0,0.0,1000.0,0.4,14122.0,14122000.0
2013,25,SINALOA,134,GUASAVE,2,SINALOA DE LEYVA,17,SINALOA,1600,ALFALFA ACHICALADA,0,,500,Tonelada,3,PERENNES,1,RIEGO,50.0,50.0,0.0,450.0,9.0,1702.94,766323.0
2013,25,SINALOA,134,GUASAVE,2,SINALOA DE LEYVA,17,SINALOA,5300,CACAHUATE,0,,500,Tonelada,2,PRIMAVERA-VERANO,1,RIEGO,1570.0,1570.0,0.0,942.0,0.6,9521.02,8968800.84
2013,25,SINALOA,134,GUASAVE,2,SINALOA DE LEYVA,17,SINALOA,5300,CACAHUATE,0,,500,Tonelada,2,PRIMAVERA-VERANO,2,TEMPORAL,1570.0,1570.0,0.0,990.0,0.631,10000.0,9900000.0
2013,25,SINALOA,134,GUASAVE,2,SINALOA DE LEYVA,17,SINALOA,6900,CARTAMO,0,,500,Tonelada,1,OTOÑO-INVIERNO,1,RIEGO,200.0,200.0,0.0,285.0,1.425,3500.0,997500.0
2013,25,SINALOA,134,GUASAVE,2,SINALOA DE LEYVA,17,SINALOA,6900,CARTAMO,0,,500,Tonelada,1,OTOÑO-INVIERNO,2,TEMPORAL,3800.0,3800.0,0.0,1710.0,0.45,5000.0,8550000.0
2013,25,SINALOA,134,GUASAVE,2,SINALOA DE LEYVA,17,SINALOA,14200,FRIJOL,100,AZUFRADO,500,Tonelada,1,OTOÑO-INVIERNO,1,RIEGO,1351.01,1351.01,0.0,1486.11,1.1,16000.0,23777760.0
2013,25,SINALOA,134,GUASAVE,2,SINALOA DE LEYVA,17,SINALOA,14700,GARBANZO GRANO,100,BLANCO,500,Tonelada,1,OTOÑO-INVIERNO,1,RIEGO,800.0,780.0,20.0,1440.0,1.846,13000.0,18720000.0
2013,25,SINALOA,134,GUASAVE,2,SINALOA DE LEYVA,17,SINALOA,14700,GARBANZO GRANO,100,BLANCO,500,Tonelada,1,OTOÑO-INVIERNO,2,TEMPORAL,3300.0,3300.0,0.0,990.0,0.3,13000.0,12870000.0
2013,25,SINALOA,134,GUASAVE,2,SINALOA DE LEYVA,17,SINALOA,19700,MAIZ GRANO,200,BLANCO,500,Tonelada,1,OTOÑO-INVIERNO,1,RIEGO,3515.63,382.83,3132.8,3867.23,10.102,3700.0,14308751.0
2013,25,SINALOA,134,GUASAVE,2,SINALOA DE LEYVA,17,SINALOA,19700,MAIZ GRANO,200,BLANCO,500,Tonelada,1,OTOÑO-INVIERNO,2,TEMPORAL,50.0,50.0,0.0,100.0,2.0,3700.0,370000.0
2013,25,SINALOA,134,GUASAVE,2,SINALOA DE LEYVA,17,SINALOA,19700,MAIZ GRANO,200,BLANCO,500,Tonelada,2,PRIMAVERA-VERANO,1,RIEGO,3500.0,0.0,3500.0,0.0,0.0,0.0,0.0
2013,25,SINALOA,134,GUASAVE,2,SINALOA DE LEYVA,17,SINALOA,20400,MANGO,500,KENT,500,Tonelada,3,PERENNES,1,RIEGO,9.5,9.5,0.0,114.0,12.0,1821.05,207599.7
2013,25,SINALOA,134,GUASAVE,2,SINALOA DE LEYVA,17,SINALOA,22400,NARANJA,400,VALENCIA,500,Tonelada,3,PERENNES,1,RIEGO,32.0,28.0,4.0,336.0,12.0,2500.0,840000.0
2013,25,SINALOA,134,GUASAVE,2,SINALOA DE LEYVA,17,SINALOA,24800,PASTOS Y PRADERAS EN VERDE,0,,500,Tonelada,3,PERENNES,1,RIEGO,120.0,120.0,0.0,1800.0,15.0,480.0,864000.0
2013,25,SINALOA,134,GUASAVE,2,SINALOA DE LEYVA,17,SINALOA,29500,SORGO GRANO,0,,500,Tonelada,1,OTOÑO-INVIERNO,1,RIEGO,360.0,360.0,0.0,2184.0,6.067,3200.0,6988800.0
2013,25,SINALOA,134,GUASAVE,2,SINALOA DE LEYVA,17,SINALOA,29500,SORGO GRANO,0,,500,Tonelada,2,PRIMAVERA-VERANO,1,RIEGO,14000.0,1400.0,12600.0,3740.0,2.671,2800.0,10472000.0
2013,25,SINALOA,134,GUASAVE,2,SINALOA DE LEYVA,17,SINALOA,29500,SORGO GRANO,0,,500,Tonelada,2,PRIMAVERA-VERANO,2,TEMPORAL,1400.0,1400.0,0.0,2800.0,2.0,2000.0,5600000.0
2013,25,SINALOA,134,GUASAVE,2,SINALOA DE LEYVA,17,SINALOA,30800,TOMATE ROJO (JITOMATE),800,SALADETTE,500,Tonelada,1,OTOÑO-INVIERNO,1,RIEGO,310.0,310.0,0.0,11780.0,38.0,3000.0,35340000.0
2013,25,SINALOA,134,GUASAVE,2,SINALOA DE LEYVA,17,SINALOA,31000,TOMATE VERDE,0,,500,Tonelada,1,OTOÑO-INVIERNO,1,RIEGO,12.63,12.63,0.0,189.45,15.0,5000.0,947250.0
2013,25,SINALOA,134,GUASAVE,2,SINALOA DE LEYVA,17,SINALOA,31500,TRIGO GRANO,400,SUAVE,500,Tonelada,1,OTOÑO-INVIERNO,1,RIEGO,9.0,9.0,0.0,36.0,4.0,3800.0,136800.0
2013,25,SINALOA,134,GUASAVE,3,BACUBIRITO,17,SINALOA,800,AJONJOLÍ,0,,500,Tonelada,2,PRIMAVERA-VERANO,2,TEMPORAL,350.0,350.0,0.0,140.0,0.4,10357.14,1449999.6
2013,25,SINALOA,134,GUASAVE,3,BACUBIRITO,17,SINALOA,5300,CACAHUATE,0,,500,Tonelada,2,PRIMAVERA-VERANO,2,TEMPORAL,150.0,150.0,0.0,90.0,0.6,8722.22,784999.8
2013,25,SINALOA,134,GUASAVE,3,BACUBIRITO,17,SINALOA,6900,CARTAMO,0,,500,Tonelada,1,OTOÑO-INVIERNO,2,TEMPORAL,200.0,200.0,0.0,100.0,0.5,5800.0,580000.0
2013,25,SINALOA,134,GUASAVE,3,BACUBIRITO,17,SINALOA,14200,FRIJOL,100,AZUFRADO,500,Tonelada,1,OTOÑO-INVIERNO,2,TEMPORAL,15.0,15.0,0.0,6.75,0.45,22000.0,148500.0
2013,25,SINALOA,134,GUASAVE,3,BACUBIRITO,17,SINALOA,14700,GARBANZO GRANO,100,BLANCO,500,Tonelada,1,OTOÑO-INVIERNO,2,TEMPORAL,10.0,10.0,0.0,3.0,0.3,13000.0,39000.0
2013,25,SINALOA,134,GUASAVE,3,BACUBIRITO,17,SINALOA,19700,MAIZ GRANO,200,BLANCO,500,Tonelada,2,PRIMAVERA-VERANO,2,TEMPORAL,2000.0,2000.0,0.0,2000.0,1.0,2300.0,4600000.0
2013,25,SINALOA,134,GUASAVE,3,BACUBIRITO,17,SINALOA,29500,SORGO GRANO,0,,500,Tonelada,1,OTOÑO-INVIERNO,2,TEMPORAL,80.0,80.0,0.0,65.0,0.813,3000.0,195000.0
2013,25,SINALOA,134,GUASAVE,3,BACUBIRITO,17,SINALOA,29500,SORGO GRANO,0,,500,Tonelada,2,PRIMAVERA-VERANO,2,TEMPORAL,1500.0,1500.0,0.0,2850.0,1.9,2333.33,6649990.5
2013,25,SINALOA,134,GUASAVE,4,LA TRINIDAD,11,GUASAVE,1600,ALFALFA ACHICALADA,0,,500,Tonelada,3,PERENNES,1,RIEGO,180.0,180.0,0.0,1440.0,8.0,1346.63,1939147.2
2013,25,SINALOA,134,GUASAVE,4,LA TRINIDAD,11,GUASAVE,1800,ALGODÓN HUESO,0,,500,Tonelada,1,OTOÑO-INVIERNO,1,RIEGO,4.0,4.0,0.0,7.0,1.75,8500.0,59500.0
2013,25,SINALOA,134,GUASAVE,4,LA TRINIDAD,11,GUASAVE,5800,CALABACITA,200,ITALIANA (Zucchini),500,Tonelada,1,OTOÑO-INVIERNO,1,RIEGO,110.34,110.34,0.0,882.72,8.0,6000.0,5296320.0
2013,25,SINALOA,134,GUASAVE,4,LA TRINIDAD,11,GUASAVE,6900,CARTAMO,0,,500,Tonelada,1,OTOÑO-INVIERNO,1,RIEGO,16.9,16.9,0.0,27.04,1.6,4800.0,129792.0
2013,25,SINALOA,134,GUASAVE,4,LA TRINIDAD,11,GUASAVE,7400,CEBOLLA,100,BLANCA,500,Tonelada,1,OTOÑO-INVIERNO,1,RIEGO,4.06,4.06,0.0,28.42,7.0,6000.0,170520.0
2013,25,SINALOA,134,GUASAVE,4,LA TRINIDAD,11,GUASAVE,11400,CHILE VERDE,1300,ANAHEIM,500,Tonelada,1,OTOÑO-INVIERNO,1,RIEGO,38.83,38.83,0.0,1126.07,29.0,7000.0,7882490.0
2013,25,SINALOA,134,GUASAVE,4,LA TRINIDAD,11,GUASAVE,12700,ELOTE,0,,500,Tonelada,1,OTOÑO-INVIERNO,1,RIEGO,111.9,111.9,0.0,538.0,4.808,3111.42,1673943.96
2013,25,SINALOA,134,GUASAVE,4,LA TRINIDAD,11,GUASAVE,14200,FRIJOL,100,AZUFRADO,500,Tonelada,1,OTOÑO-INVIERNO,1,RIEGO,2418.22,2418.22,0.0,3385.51,1.4,16200.0,54845262.0
2013,25,SINALOA,134,GUASAVE,4,LA TRINIDAD,11,GUASAVE,14700,GARBANZO GRANO,100,BLANCO,500,Tonelada,1,OTOÑO-INVIERNO,1,RIEGO,1658.23,1658.23,0.0,3813.93,2.3,13000.0,49581090.0
2013,25,SINALOA,134,GUASAVE,4,LA TRINIDAD,11,GUASAVE,19700,MAIZ GRANO,100,AMARILLO,500,Tonelada,1,OTOÑO-INVIERNO,1,RIEGO,117.0,117.0,0.0,1155.96,9.88,3000.0,3467880.0
2013,25,SINALOA,134,GUASAVE,4,LA TRINIDAD,11,GUASAVE,19700,MAIZ GRANO,200,BLANCO,500,Tonelada,1,OTOÑO-INVIERNO,1,RIEGO,17143.64,14295.04,2848.6,140646.0,9.839,3543.2,498336907.2
2013,25,SINALOA,134,GUASAVE,4,LA TRINIDAD,11,GUASAVE,19700,MAIZ GRANO,200,BLANCO,500,Tonelada,2,PRIMAVERA-VERANO,1,RIEGO,251.74,251.74,0.0,1762.18,7.0,3300.0,5815194.0
2013,25,SINALOA,134,GUASAVE,4,LA TRINIDAD,11,GUASAVE,20400,MANGO,500,KENT,500,Tonelada,3,PERENNES,1,RIEGO,60.0,60.0,0.0,372.01,6.2,1723.11,641014.15
2013,25,SINALOA,134,GUASAVE,4,LA TRINIDAD,11,GUASAVE,21200,MELON,100,CANTALOUPE,500,Tonelada,1,OTOÑO-INVIERNO,1,RIEGO,15.0,0.0,15.0,0.0,0.0,0.0,0.0
2013,25,SINALOA,134,GUASAVE,4,LA TRINIDAD,11,GUASAVE,24400,PAPA,100,ALPHA (Blanca),500,Tonelada,1,OTOÑO-INVIERNO,1,RIEGO,35.0,35.0,0.0,875.0,25.0,6000.0,5250000.0
2013,25,SINALOA,134,GUASAVE,4,LA TRINIDAD,11,GUASAVE,24800,PASTOS Y PRADERAS EN VERDE,0,,500,Tonelada,3,PERENNES,1,RIEGO,65.0,65.0,0.0,17.0,0.262,480.0,8160.0
2013,25,SINALOA,134,GUASAVE,4,LA TRINIDAD,11,GUASAVE,24900,PEPINO,200,CHINO,500,Tonelada,1,OTOÑO-INVIERNO,1,RIEGO,12.87,12.87,0.0,450.45,35.0,7200.0,3243240.0
2013,25,SINALOA,134,GUASAVE,4,LA TRINIDAD,11,GUASAVE,28700,SANDIA,300,VERDE (JUBILIE),500,Tonelada,1,OTOÑO-INVIERNO,1,RIEGO,4.0,4.0,0.0,100.0,25.0,4000.0,400000.0
2013,25,SINALOA,134,GUASAVE,4,LA TRINIDAD,11,GUASAVE,29500,SORGO GRANO,0,,500,Tonelada,1,OTOÑO-INVIERNO,1,RIEGO,3302.9,3302.9,0.0,17678.0,5.352,3222.0,56958516.0
2013,25,SINALOA,134,GUASAVE,4,LA TRINIDAD,11,GUASAVE,29500,SORGO GRANO,0,,500,Tonelada,2,PRIMAVERA-VERANO,1,RIEGO,688.67,688.67,0.0,3443.35,5.0,3250.0,11190887.5
2013,25,SINALOA,134,GUASAVE,4,LA TRINIDAD,11,GUASAVE,30800,TOMATE ROJO (JITOMATE),800,SALADETTE,500,Tonelada,1,OTOÑO-INVIERNO,1,RIEGO,84.42,84.42,0.0,3207.96,38.0,3000.0,9623880.0
2013,25,SINALOA,134,GUASAVE,4,LA TRINIDAD,11,GUASAVE,30800,TOMATE ROJO (JITOMATE),1300,INV. (MALLA SOMBRA),500,Tonelada,1,OTOÑO-INVIERNO,1,RIEGO,10.0,10.0,0.0,880.0,88.0,3000.0,2640000.0
2013,25,SINALOA,134,GUASAVE,4,LA TRINIDAD,11,GUASAVE,31000,TOMATE VERDE,0,,500,Tonelada,1,OTOÑO-INVIERNO,1,RIEGO,22.42,22.42,0.0,336.3,15.0,5000.0,1681500.0
2013,25,SINALOA,134,GUASAVE,4,LA TRINIDAD,11,GUASAVE,31500,TRIGO GRANO,400,SUAVE,500,Tonelada,1,OTOÑO-INVIERNO,1,RIEGO,67.47,67.47,0.0,283.0,4.194,3500.0,990500.0
2013,25,SINALOA,134,GUASAVE,4,LA TRINIDAD,17,SINALOA,800,AJONJOLÍ,0,,500,Tonelada,2,PRIMAVERA-VERANO,2,TEMPORAL,138.7,70.0,68.7,35.0,0.5,27000.0,945000.0
2013,25,SINALOA,134,GUASAVE,4,LA TRINIDAD,17,SINALOA,1600,ALFALFA ACHICALADA,0,,500,Tonelada,3,PERENNES,1,RIEGO,70.0,70.0,0.0,630.0,9.0,1842.86,1161001.8
2013,25,SINALOA,134,GUASAVE,4,LA TRINIDAD,17,SINALOA,6900,CARTAMO,0,,500,Tonelada,1,OTOÑO-INVIERNO,1,RIEGO,1021.51,954.51,67.0,1240.0,1.299,5000.0,6200000.0
2013,25,SINALOA,134,GUASAVE,4,LA TRINIDAD,17,SINALOA,6900,CARTAMO,0,,500,Tonelada,1,OTOÑO-INVIERNO,2,TEMPORAL,1903.59,118.68,1784.91,47.47,0.4,5850.0,277699.5
2013,25,SINALOA,134,GUASAVE,4,LA TRINIDAD,17,SINALOA,7400,CEBOLLA,100,BLANCA,500,Tonelada,1,OTOÑO-INVIERNO,1,RIEGO,17.0,17.0,0.0,127.5,7.5,8000.0,1020000.0
2013,25,SINALOA,134,GUASAVE,4,LA TRINIDAD,17,SINALOA,11400,CHILE VERDE,1300,ANAHEIM,500,Tonelada,1,OTOÑO-INVIERNO,1,RIEGO,4.0,4.0,0.0,132.0,33.0,7000.0,924000.0
2013,25,SINALOA,134,GUASAVE,4,LA TRINIDAD,17,SINALOA,12600,EJOTE,0,,500,Tonelada,1,OTOÑO-INVIERNO,1,RIEGO,131.0,109.0,22.0,436.0,4.0,4000.0,1744000.0
2013,25,SINALOA,134,GUASAVE,4,LA TRINIDAD,17,SINALOA,14200,FRIJOL,100,AZUFRADO,500,Tonelada,1,OTOÑO-INVIERNO,1,RIEGO,4708.67,3034.67,1674.0,5158.94,1.7,16000.0,82543040.0
2013,25,SINALOA,134,GUASAVE,4,LA TRINIDAD,17,SINALOA,14700,GARBANZO GRANO,100,BLANCO,500,Tonelada,1,OTOÑO-INVIERNO,1,RIEGO,8997.32,8997.32,0.0,17094.91,1.9,13000.0,222233830.0
2013,25,SINALOA,134,GUASAVE,4,LA TRINIDAD,17,SINALOA,19700,MAIZ GRANO,200,BLANCO,500,Tonelada,1,OTOÑO-INVIERNO,1,RIEGO,13076.25,6224.51,6851.74,68428.0,10.993,3647.58,249596604.24
2013,25,SINALOA,134,GUASAVE,4,LA TRINIDAD,17,SINALOA,20400,MANGO,300,HADEN,500,Tonelada,3,PERENNES,1,RIEGO,35.0,35.0,0.0,455.0,13.0,2100.0,955500.0
2013,25,SINALOA,134,GUASAVE,4,LA TRINIDAD,17,SINALOA,24900,PEPINO,0,,500,Tonelada,1,OTOÑO-INVIERNO,1,RIEGO,1.32,1.32,0.0,59.4,45.0,7000.0,415800.0
2013,25,SINALOA,134,GUASAVE,4,LA TRINIDAD,17,SINALOA,29500,SORGO GRANO,0,,500,Tonelada,1,OTOÑO-INVIERNO,1,RIEGO,6363.79,6363.79,0.0,33091.0,5.2,3226.91,106781678.81
2013,25,SINALOA,134,GUASAVE,4,LA TRINIDAD,17,SINALOA,29500,SORGO GRANO,0,,500,Tonelada,2,PRIMAVERA-VERANO,2,TEMPORAL,1164.73,480.0,684.73,1440.0,3.0,2600.0,3744000.0
2013,25,SINALOA,134,GUASAVE,4,LA TRINIDAD,17,SINALOA,30800,TOMATE ROJO (JITOMATE),800,SALADETTE,500,Tonelada,1,OTOÑO-INVIERNO,1,RIEGO,75.0,75.0,0.0,2550.0,34.0,3800.0,9690000.0
2013,25,SINALOA,134,GUASAVE,4,LA TRINIDAD,17,SINALOA,31000,TOMATE VERDE,0,,500,Tonelada,1,OTOÑO-INVIERNO,1,RIEGO,35.59,35.59,0.0,533.85,15.0,5000.0,2669250.0
2013,25,SINALOA,134,GUASAVE,4,LA TRINIDAD,17,SINALOA,31500,TRIGO GRANO,400,SUAVE,500,Tonelada,1,OTOÑO-INVIERNO,1,RIEGO,175.7,175.7,0.0,702.8,4.0,3756.12,2639801.14
2013,25,SINALOA,134,GUASAVE,5,EL BURRION,11,GUASAVE,1600,ALFALFA ACHICALADA,0,,500,Tonelada,3,PERENNES,1,RIEGO,350.0,350.0,0.0,1612.0,4.606,2450.39,3950028.68
2013,25,SINALOA,134,GUASAVE,5,EL BURRION,11,GUASAVE,5800,CALABACITA,200,ITALIANA (Zucchini),500,Tonelada,1,OTOÑO-INVIERNO,1,RIEGO,77.55,23.55,54.0,282.6,12.0,7000.0,1978200.0
2013,25,SINALOA,134,GUASAVE,5,EL BURRION,11,GUASAVE,6900,CARTAMO,0,,500,Tonelada,1,OTOÑO-INVIERNO,1,RIEGO,198.76,148.76,50.0,223.14,1.5,5800.0,1294212.0
2013,25,SINALOA,134,GUASAVE,5,EL BURRION,11,GUASAVE,7400,CEBOLLA,100,BLANCA,500,Tonelada,1,OTOÑO-INVIERNO,1,RIEGO,43.79,43.79,0.0,350.32,8.0,5500.0,1926760.0
2013,25,SINALOA,134,GUASAVE,5,EL BURRION,11,GUASAVE,11400,CHILE VERDE,200,JALAPEÑO,500,Tonelada,1,OTOÑO-INVIERNO,1,RIEGO,4.5,4.5,0.0,135.0,30.0,6700.0,904500.0
2013,25,SINALOA,134,GUASAVE,5,EL BURRION,11,GUASAVE,11400,CHILE VERDE,900,SERRANO,500,Tonelada,1,OTOÑO-INVIERNO,1,RIEGO,26.01,26.01,0.0,770.0,29.604,5500.0,4235000.0
2013,25,SINALOA,134,GUASAVE,5,EL BURRION,11,GUASAVE,11400,CHILE VERDE,1200,BELL PEPPER,500,Tonelada,1,OTOÑO-INVIERNO,1,RIEGO,35.4,35.4,0.0,1062.0,30.0,6300.0,6690600.0
2013,25,SINALOA,134,GUASAVE,5,EL BURRION,11,GUASAVE,11400,CHILE VERDE,1300,ANAHEIM,500,Tonelada,1,OTOÑO-INVIERNO,1,RIEGO,57.01,57.01,0.0,1995.35,35.0,6500.0,12969775.0
2013,25,SINALOA,134,GUASAVE,5,EL BURRION,11,GUASAVE,11400,CHILE VERDE,3600,BELL PEPPER MALLA SOMBRA,500,Tonelada,1,OTOÑO-INVIERNO,1,RIEGO,40.0,40.0,0.0,2720.0,68.0,6800.0,18496000.0
2013,25,SINALOA,134,GUASAVE,5,EL BURRION,11,GUASAVE,12600,EJOTE,0,,500,Tonelada,1,OTOÑO-INVIERNO,1,RIEGO,373.25,325.25,48.0,4228.25,13.0,4653.84,19677598.98
2013,25,SINALOA,134,GUASAVE,5,EL BURRION,11,GUASAVE,14200,FRIJOL,100,AZUFRADO,500,Tonelada,1,OTOÑO-INVIERNO,1,RIEGO,6517.71,4677.71,1840.0,7484.0,1.6,16000.0,119744000.0
2013,25,SINALOA,134,GUASAVE,5,EL BURRION,11,GUASAVE,14700,GARBANZO GRANO,100,BLANCO,500,Tonelada,1,OTOÑO-INVIERNO,1,RIEGO,10486.07,10486.07,0.0,15729.11,1.5,13000.0,204478430.0
2013,25,SINALOA,134,GUASAVE,5,EL BURRION,11,GUASAVE,19000,LIMON,100,AGRIO (MEXICANO),500,Tonelada,3,PERENNES,1,RIEGO,35.0,20.0,15.0,150.0,7.5,1850.0,277500.0
2013,25,SINALOA,134,GUASAVE,5,EL BURRION,11,GUASAVE,19700,MAIZ GRANO,200,BLANCO,500,Tonelada,1,OTOÑO-INVIERNO,1,RIEGO,27201.0,18910.44,8290.56,161653.0,8.548,3329.52,538226896.56
2013,25,SINALOA,134,GUASAVE,5,EL BURRION,11,GUASAVE,20400,MANGO,500,KENT,500,Tonelada,3,PERENNES,1,RIEGO,95.0,70.0,25.0,840.0,12.0,3437.5,2887500.0
2013,25,SINALOA,134,GUASAVE,5,EL BURRION,11,GUASAVE,22400,NARANJA,400,VALENCIA,500,Tonelada,3,PERENNES,1,RIEGO,70.0,40.0,30.0,360.0,9.0,2500.0,900000.0
2013,25,SINALOA,134,GUASAVE,5,EL BURRION,11,GUASAVE,24400,PAPA,100,ALPHA (Blanca),500,Tonelada,1,OTOÑO-INVIERNO,1,RIEGO,1511.85,1441.85,70.0,36450.0,25.28,5333.69,194413000.5
2013,25,SINALOA,134,GUASAVE,5,EL BURRION,11,GUASAVE,24800,PASTOS Y PRADERAS EN VERDE,0,,500,Tonelada,3,PERENNES,1,RIEGO,35.0,35.0,0.0,560.0,16.0,500.0,280000.0
2013,25,SINALOA,134,GUASAVE,5,EL BURRION,11,GUASAVE,24900,PEPINO,400,MALLA SOMBRA,500,Tonelada,1,OTOÑO-INVIERNO,1,RIEGO,49.0,49.0,0.0,4165.0,85.0,7000.0,29155000.0
2013,25,SINALOA,134,GUASAVE,5,EL BURRION,11,GUASAVE,29500,SORGO GRANO,0,,500,Tonelada,1,OTOÑO-INVIERNO,1,RIEGO,6522.84,6462.84,60.0,38777.0,6.0,3200.0,124086400.0
2013,25,SINALOA,134,GUASAVE,5,EL BURRION,11,GUASAVE,30800,TOMATE ROJO (JITOMATE),800,SALADETTE,500,Tonelada,1,OTOÑO-INVIERNO,1,RIEGO,400.0,400.0,0.0,11200.0,28.0,2886.36,32327232.0
2013,25,SINALOA,134,GUASAVE,5,EL BURRION,11,GUASAVE,30800,TOMATE ROJO (JITOMATE),1300,INV. (MALLA SOMBRA),500,Tonelada,1,OTOÑO-INVIERNO,1,RIEGO,107.0,107.0,0.0,9095.0,85.0,3000.0,27285000.0
2013,25,SINALOA,134,GUASAVE,5,EL BURRION,11,GUASAVE,31000,TOMATE VERDE,0,,500,Tonelada,1,OTOÑO-INVIERNO,1,RIEGO,184.51,164.51,20.0,1974.12,12.0,3500.0,6909420.0
2013,25,SINALOA,134,GUASAVE,5,EL BURRION,11,GUASAVE,31500,TRIGO GRANO,400,SUAVE,500,Tonelada,1,OTOÑO-INVIERNO,1,RIEGO,394.75,394.75,0.0,1776.38,4.5,3800.0,6750244.0
2013,25,SINALOA,134,GUASAVE,5,EL BURRION,17,SINALOA,1600,ALFALFA ACHICALADA,0,,500,Tonelada,3,PERENNES,1,RIEGO,50.0,50.0,0.0,200.0,4.0,2300.0,460000.0
2013,25,SINALOA,134,GUASAVE,5,EL BURRION,17,SINALOA,11400,CHILE VERDE,1200,BELL PEPPER,500,Tonelada,1,OTOÑO-INVIERNO,1,RIEGO,28.68,28.68,0.0,860.4,30.0,6836.09,5881771.84
2013,25,SINALOA,134,GUASAVE,5,EL BURRION,17,SINALOA,14200,FRIJOL,100,AZUFRADO,500,Tonelada,1,OTOÑO-INVIERNO,1,RIEGO,619.02,419.02,200.0,502.82,1.2,15529.65,7808618.61
2013,25,SINALOA,134,GUASAVE,5,EL BURRION,17,SINALOA,14700,GARBANZO GRANO,100,BLANCO,500,Tonelada,1,OTOÑO-INVIERNO,1,RIEGO,3345.75,3345.75,0.0,6691.5,2.0,13000.0,86989500.0
2013,25,SINALOA,134,GUASAVE,5,EL BURRION,17,SINALOA,19000,LIMON,100,AGRIO (MEXICANO),500,Tonelada,3,PERENNES,1,RIEGO,10.0,10.0,0.0,60.0,6.0,1800.0,108000.0
2013,25,SINALOA,134,GUASAVE,5,EL BURRION,17,SINALOA,19700,MAIZ GRANO,200,BLANCO,500,Tonelada,1,OTOÑO-INVIERNO,1,RIEGO,3986.62,2678.29,1308.33,21426.32,8.0,3483.82,74645442.14
2013,25,SINALOA,134,GUASAVE,5,EL BURRION,17,SINALOA,20400,MANGO,300,HADEN,500,Tonelada,3,PERENNES,1,RIEGO,30.0,30.0,0.0,225.0,7.5,2500.0,562500.0
2013,25,SINALOA,134,GUASAVE,5,EL BURRION,17,SINALOA,24800,PASTOS Y PRADERAS EN VERDE,0,,500,Tonelada,3,PERENNES,1,RIEGO,8.0,8.0,0.0,92.0,11.5,480.0,44160.0
2013,25,SINALOA,134,GUASAVE,5,EL BURRION,17,SINALOA,29500,SORGO GRANO,0,,500,Tonelada,1,OTOÑO-INVIERNO,1,RIEGO,2332.5,2302.5,30.0,10361.25,4.5,3200.0,33156000.0
2013,25,SINALOA,134,GUASAVE,5,EL BURRION,17,SINALOA,30800,TOMATE ROJO (JITOMATE),800,SALADETTE,500,Tonelada,1,OTOÑO-INVIERNO,1,RIEGO,31.0,31.0,0.0,868.0,28.0,2500.0,2170000.0
2013,25,SINALOA,134,GUASAVE,5,EL BURRION,17,SINALOA,31000,TOMATE VERDE,0,,500,Tonelada,1,OTOÑO-INVIERNO,1,RIEGO,31.0,21.0,10.0,252.0,12.0,3000.0,756000.0
2013,25,SINALOA,134,GUASAVE,6,PETATLAN,11,GUASAVE,1600,ALFALFA ACHICALADA,0,,500,Tonelada,3,PERENNES,1,RIEGO,400.0,302.0,98.0,1005.0,3.328,1691.04,1699495.2
2013,25,SINALOA,134,GUASAVE,6,PETATLAN,11,GUASAVE,5800,CALABACITA,200,ITALIANA (Zucchini),500,Tonelada,1,OTOÑO-INVIERNO,1,RIEGO,105.3,105.3,0.0,842.4,8.0,5400.0,4548960.0
2013,25,SINALOA,134,GUASAVE,6,PETATLAN,11,GUASAVE,11400,CHILE VERDE,200,JALAPEÑO,500,Tonelada,1,OTOÑO-INVIERNO,1,RIEGO,7.52,7.52,0.0,278.24,37.0,6700.0,1864208.0
2013,25,SINALOA,134,GUASAVE,6,PETATLAN,11,GUASAVE,11400,CHILE VERDE,900,SERRANO,500,Tonelada,1,OTOÑO-INVIERNO,1,RIEGO,6.01,6.01,0.0,186.31,31.0,6500.0,1211015.0
2013,25,SINALOA,134,GUASAVE,6,PETATLAN,11,GUASAVE,11400,CHILE VERDE,1200,BELL PEPPER,500,Tonelada,1,OTOÑO-INVIERNO,1,RIEGO,61.64,61.64,0.0,2588.88,42.0,6850.0,17733828.0
2013,25,SINALOA,134,GUASAVE,6,PETATLAN,11,GUASAVE,11400,CHILE VERDE,1300,ANAHEIM,500,Tonelada,1,OTOÑO-INVIERNO,1,RIEGO,81.19,81.19,0.0,3085.22,38.0,6800.0,20979496.0
2013,25,SINALOA,134,GUASAVE,6,PETATLAN,11,GUASAVE,11400,CHILE VERDE,3600,BELL PEPPER MALLA SOMBRA,500,Tonelada,1,OTOÑO-INVIERNO,1,RIEGO,19.55,19.55,0.0,1466.25,75.0,7000.0,10263750.0
2013,25,SINALOA,134,GUASAVE,6,PETATLAN,11,GUASAVE,14200,FRIJOL,100,AZUFRADO,500,Tonelada,1,OTOÑO-INVIERNO,1,RIEGO,2800.76,2750.76,50.0,4401.22,1.6,16500.0,72620130.0
2013,25,SINALOA,134,GUASAVE,6,PETATLAN,11,GUASAVE,16930,HORTALIZAS,0,,500,Tonelada,1,OTOÑO-INVIERNO,1,RIEGO,31.0,31.0,0.0,263.5,8.5,1500.0,395250.0
2013,25,SINALOA,134,GUASAVE,6,PETATLAN,11,GUASAVE,19000,LIMON,100,AGRIO (MEXICANO),500,Tonelada,3,PERENNES,1,RIEGO,6.0,0.0,6.0,0.0,0.0,0.0,0.0
2013,25,SINALOA,134,GUASAVE,6,PETATLAN,11,GUASAVE,19700,MAIZ GRANO,200,BLANCO,500,Tonelada,1,OTOÑO-INVIERNO,1,RIEGO,34206.5,34134.37,72.13,313660.0,9.189,3544.47,1111758460.2
2013,25,SINALOA,134,GUASAVE,6,PETATLAN,11,GUASAVE,19700,MAIZ GRANO,200,BLANCO,500,Tonelada,2,PRIMAVERA-VERANO,1,RIEGO,100.0,100.0,0.0,800.0,8.0,3250.0,2600000.0
2013,25,SINALOA,134,GUASAVE,6,PETATLAN,11,GUASAVE,20400,MANGO,500,KENT,500,Tonelada,3,PERENNES,1,RIEGO,146.0,55.0,91.0,511.5,9.3,2650.0,1355475.0
2013,25,SINALOA,134,GUASAVE,6,PETATLAN,11,GUASAVE,22400,NARANJA,400,VALENCIA,500,Tonelada,3,PERENNES,1,RIEGO,50.0,20.0,30.0,320.0,16.0,2350.0,752000.0
2013,25,SINALOA,134,GUASAVE,6,PETATLAN,11,GUASAVE,24800,PASTOS Y PRADERAS EN VERDE,0,,500,Tonelada,3,PERENNES,1,RIEGO,10.0,10.0,0.0,150.0,15.0,520.0,78000.0
2013,25,SINALOA,134,GUASAVE,6,PETATLAN,11,GUASAVE,24900,PEPINO,400,MALLA SOMBRA,500,Tonelada,1,OTOÑO-INVIERNO,1,RIEGO,9.34,9.34,0.0,812.58,87.0,7200.0,5850576.0
2013,25,SINALOA,134,GUASAVE,6,PETATLAN,11,GUASAVE,29500,SORGO GRANO,0,,500,Tonelada,1,OTOÑO-INVIERNO,1,RIEGO,1042.28,1042.28,0.0,6566.36,6.3,3242.77,21293195.22
2013,25,SINALOA,134,GUASAVE,6,PETATLAN,11,GUASAVE,30800,TOMATE ROJO (JITOMATE),100,CHERRY,500,Tonelada,1,OTOÑO-INVIERNO,1,RIEGO,86.42,86.42,0.0,2592.6,30.0,3000.0,7777800.0
2013,25,SINALOA,134,GUASAVE,6,PETATLAN,11,GUASAVE,30800,TOMATE ROJO (JITOMATE),300,EXPORTACION,500,Tonelada,1,OTOÑO-INVIERNO,1,RIEGO,75.84,75.84,0.0,2426.88,32.0,2800.0,6795264.0
2013,25,SINALOA,134,GUASAVE,6,PETATLAN,11,GUASAVE,30800,TOMATE ROJO (JITOMATE),400,INDUSTRIAL,500,Tonelada,1,OTOÑO-INVIERNO,1,RIEGO,20.0,20.0,0.0,480.0,24.0,2900.0,1392000.0
2013,25,SINALOA,134,GUASAVE,6,PETATLAN,11,GUASAVE,30800,TOMATE ROJO (JITOMATE),800,SALADETTE,500,Tonelada,1,OTOÑO-INVIERNO,1,RIEGO,65.89,65.89,0.0,2965.05,45.0,3000.0,8895150.0
2013,25,SINALOA,134,GUASAVE,6,PETATLAN,11,GUASAVE,30800,TOMATE ROJO (JITOMATE),1500,SALADETTE MALLA SOMBRA,500,Tonelada,1,OTOÑO-INVIERNO,1,RIEGO,115.0,115.0,0.0,9775.0,85.0,2500.0,24437500.0
2013,25,SINALOA,134,GUASAVE,6,PETATLAN,11,GUASAVE,31000,TOMATE VERDE,0,,500,Tonelada,1,OTOÑO-INVIERNO,1,RIEGO,69.04,69.04,0.0,966.56,14.0,5000.0,4832800.0
2013,25,SINALOA,134,GUASAVE,6,PETATLAN,11,GUASAVE,31500,TRIGO GRANO,400,SUAVE,500,Tonelada,1,OTOÑO-INVIERNO,1,RIEGO,1122.22,1122.22,0.0,4713.0,4.2,3265.35,15389594.55
2013,25,SINALOA,135,GUAMUCHIL,2,MOCORITO,13,MOCORITO,800,AJONJOLÍ,0,,500,Tonelada,2,PRIMAVERA-VERANO,2,TEMPORAL,2150.0,1949.0,201.0,1152.0,0.591,13082.03,15070498.56
2013,25,SINALOA,135,GUAMUCHIL,2,MOCORITO,13,MOCORITO,5300,CACAHUATE,0,,500,Tonelada,2,PRIMAVERA-VERANO,2,TEMPORAL,7693.1,7693.1,0.0,14134.6,1.837,9599.12,135679721.55
2013,25,SINALOA,135,GUAMUCHIL,2,MOCORITO,13,MOCORITO,6900,CARTAMO,0,,500,Tonelada,1,OTOÑO-INVIERNO,2,TEMPORAL,2045.0,2045.0,0.0,715.75,0.35,5500.0,3936625.0
2013,25,SINALOA,135,GUAMUCHIL,2,MOCORITO,13,MOCORITO,7400,CEBOLLA,100,BLANCA,500,Tonelada,1,OTOÑO-INVIERNO,1,RIEGO,219.0,219.0,0.0,4612.0,21.059,6000.0,27672000.0
2013,25,SINALOA,135,GUAMUCHIL,2,MOCORITO,13,MOCORITO,11400,CHILE VERDE,1300,ANAHEIM,500,Tonelada,1,OTOÑO-INVIERNO,1,RIEGO,27.0,27.0,0.0,1215.0,45.0,8000.0,9720000.0
2013,25,SINALOA,135,GUAMUCHIL,2,MOCORITO,13,MOCORITO,12600,EJOTE,0,,500,Tonelada,1,OTOÑO-INVIERNO,1,RIEGO,18.0,18.0,0.0,63.0,3.5,7000.0,441000.0
2013,25,SINALOA,135,GUAMUCHIL,2,MOCORITO,13,MOCORITO,14200,FRIJOL,100,AZUFRADO,500,Tonelada,1,OTOÑO-INVIERNO,2,TEMPORAL,1500.0,1500.0,0.0,1050.0,0.7,23000.0,24150000.0
2013,25,SINALOA,135,GUAMUCHIL,2,MOCORITO,13,MOCORITO,14700,GARBANZO GRANO,100,BLANCO,500,Tonelada,1,OTOÑO-INVIERNO,2,TEMPORAL,5750.0,5750.0,0.0,4510.5,0.784,13000.0,58636500.0
2013,25,SINALOA,135,GUAMUCHIL,2,MOCORITO,13,MOCORITO,16930,HORTALIZAS,0,,500,Tonelada,1,OTOÑO-INVIERNO,1,RIEGO,31.0,31.0,0.0,46.5,1.5,1100.0,51150.0
2013,25,SINALOA,135,GUAMUCHIL,2,MOCORITO,13,MOCORITO,19700,MAIZ GRANO,200,BLANCO,500,Tonelada,1,OTOÑO-INVIERNO,1,RIEGO,319.0,319.0,0.0,2839.1,8.9,3200.0,9085120.0
2013,25,SINALOA,135,GUAMUCHIL,2,MOCORITO,13,MOCORITO,19700,MAIZ GRANO,200,BLANCO,500,Tonelada,2,PRIMAVERA-VERANO,2,TEMPORAL,2296.53,2296.53,0.0,4822.71,2.1,3079.71,14852548.21
2013,25,SINALOA,135,GUAMUCHIL,2,MOCORITO,13,MOCORITO,24800,PASTOS Y PRADERAS EN VERDE,700,SUDAN,500,Tonelada,2,PRIMAVERA-VERANO,2,TEMPORAL,368.93,368.93,0.0,2102.9,5.7,650.0,1366885.0
2013,25,SINALOA,135,GUAMUCHIL,2,MOCORITO,13,MOCORITO,24900,PEPINO,0,,500,Tonelada,1,OTOÑO-INVIERNO,1,RIEGO,13.0,13.0,0.0,650.0,50.0,1320.0,858000.0
2013,25,SINALOA,135,GUAMUCHIL,2,MOCORITO,13,MOCORITO,28700,SANDIA,100,CAMBRAY (SANGRIA),500,Tonelada,2,PRIMAVERA-VERANO,2,TEMPORAL,8.5,0.0,8.5,0.0,0.0,0.0,0.0
2013,25,SINALOA,135,GUAMUCHIL,2,MOCORITO,13,MOCORITO,28700,SANDIA,200,CHARLESTON (GRAY),500,Tonelada,1,OTOÑO-INVIERNO,1,RIEGO,147.0,147.0,0.0,1764.0,12.0,7000.0,12348000.0
2013,25,SINALOA,135,GUAMUCHIL,2,MOCORITO,13,MOCORITO,29500,SORGO GRANO,0,,500,Tonelada,2,PRIMAVERA-VERANO,2,TEMPORAL,13802.04,12503.34,1298.7,23319.0,1.865,2843.77,66313872.63
2013,25,SINALOA,135,GUAMUCHIL,2,MOCORITO,13,MOCORITO,30800,TOMATE ROJO (JITOMATE),800,SALADETTE,500,Tonelada,1,OTOÑO-INVIERNO,1,RIEGO,384.0,384.0,0.0,21120.0,55.0,6000.0,126720000.0
2013,25,SINALOA,135,GUAMUCHIL,2,MOCORITO,13,MOCORITO,31000,TOMATE VERDE,0,,500,Tonelada,1,OTOÑO-INVIERNO,1,RIEGO,34.0,34.0,0.0,986.0,29.0,1500.0,1479000.0
2013,25,SINALOA,135,GUAMUCHIL,3,GUAMUCHIL,2,ANGOSTURA,1600,ALFALFA ACHICALADA,0,,500,Tonelada,3,PERENNES,1,RIEGO,100.0,100.0,0.0,600.0,6.0,3200.0,1920000.0
2013,25,SINALOA,135,GUAMUCHIL,3,GUAMUCHIL,2,ANGOSTURA,5300,CACAHUATE,0,,500,Tonelada,2,PRIMAVERA-VERANO,2,TEMPORAL,79.0,79.0,0.0,81.0,1.025,9000.0,729000.0
2013,25,SINALOA,135,GUAMUCHIL,3,GUAMUCHIL,2,ANGOSTURA,6900,CARTAMO,0,,500,Tonelada,1,OTOÑO-INVIERNO,1,RIEGO,517.0,492.1,24.9,910.39,1.85,5500.0,5007145.0
2013,25,SINALOA,135,GUAMUCHIL,3,GUAMUCHIL,2,ANGOSTURA,7400,CEBOLLA,100,BLANCA,500,Tonelada,1,OTOÑO-INVIERNO,1,RIEGO,2.0,2.0,0.0,70.0,35.0,6000.0,420000.0
2013,25,SINALOA,135,GUAMUCHIL,3,GUAMUCHIL,2,ANGOSTURA,14200,FRIJOL,100,AZUFRADO,500,Tonelada,1,OTOÑO-INVIERNO,1,RIEGO,2922.0,2640.7,281.3,4594.76,1.74,16000.0,73516160.0
2013,25,SINALOA,135,GUAMUCHIL,3,GUAMUCHIL,2,ANGOSTURA,14700,GARBANZO GRANO,100,BLANCO,500,Tonelada,1,OTOÑO-INVIERNO,1,RIEGO,893.49,449.2,444.29,920.7,2.05,13000.0,11969100.0
2013,25,SINALOA,135,GUAMUCHIL,3,GUAMUCHIL,2,ANGOSTURA,19700,MAIZ GRANO,200,BLANCO,500,Tonelada,1,OTOÑO-INVIERNO,1,RIEGO,9804.0,7694.24,2109.76,59261.0,7.702,3200.0,189635200.0
2013,25,SINALOA,135,GUAMUCHIL,3,GUAMUCHIL,2,ANGOSTURA,28700,SANDIA,200,CHARLESTON (GRAY),500,Tonelada,1,OTOÑO-INVIERNO,1,RIEGO,38.0,38.0,0.0,760.0,20.0,3500.0,2660000.0
2013,25,SINALOA,135,GUAMUCHIL,3,GUAMUCHIL,2,ANGOSTURA,29500,SORGO GRANO,0,,500,Tonelada,1,OTOÑO-INVIERNO,1,RIEGO,4179.29,3864.91,314.38,24761.0,6.407,3100.0,76759100.0
2013,25,SINALOA,135,GUAMUCHIL,3,GUAMUCHIL,2,ANGOSTURA,30800,TOMATE ROJO (JITOMATE),800,SALADETTE,500,Tonelada,1,OTOÑO-INVIERNO,1,RIEGO,32.0,32.0,0.0,2240.0,70.0,6000.0,13440000.0
2013,25,SINALOA,135,GUAMUCHIL,3,GUAMUCHIL,2,ANGOSTURA,31000,TOMATE VERDE,0,,500,Tonelada,1,OTOÑO-INVIERNO,1,RIEGO,26.0,14.0,12.0,392.0,28.0,9000.0,3528000.0
2013,25,SINALOA,135,GUAMUCHIL,3,GUAMUCHIL,2,ANGOSTURA,31500,TRIGO GRANO,400,SUAVE,500,Tonelada,1,OTOÑO-INVIERNO,1,RIEGO,285.0,285.0,0.0,1453.5,5.1,3100.0,4505850.0
2013,25,SINALOA,135,GUAMUCHIL,3,GUAMUCHIL,2,ANGOSTURA,32800,ZACATE,600,SUDAN,500,Tonelada,3,PERENNES,1,RIEGO,16.0,16.0,0.0,108.8,6.8,700.0,76160.0
2013,25,SINALOA,135,GUAMUCHIL,3,GUAMUCHIL,11,GUASAVE,1600,ALFALFA ACHICALADA,0,,500,Tonelada,3,PERENNES,1,RIEGO,7.0,7.0,0.0,38.5,5.5,3000.0,115500.0
2013,25,SINALOA,135,GUAMUCHIL,3,GUAMUCHIL,11,GUASAVE,5800,CALABACITA,200,ITALIANA (Zucchini),500,Tonelada,1,OTOÑO-INVIERNO,1,RIEGO,38.1,38.1,0.0,952.5,25.0,6000.0,5715000.0
2013,25,SINALOA,135,GUAMUCHIL,3,GUAMUCHIL,11,GUASAVE,6900,CARTAMO,0,,500,Tonelada,1,OTOÑO-INVIERNO,1,RIEGO,178.0,126.49,51.51,377.44,2.984,5500.0,2075920.0
2013,25,SINALOA,135,GUAMUCHIL,3,GUAMUCHIL,11,GUASAVE,7400,CEBOLLA,100,BLANCA,500,Tonelada,1,OTOÑO-INVIERNO,1,RIEGO,23.7,23.7,0.0,1030.95,43.5,6000.0,6185700.0
2013,25,SINALOA,135,GUAMUCHIL,3,GUAMUCHIL,11,GUASAVE,11400,CHILE VERDE,1200,BELL PEPPER,500,Tonelada,1,OTOÑO-INVIERNO,1,RIEGO,5.0,5.0,0.0,300.0,60.0,8000.0,2400000.0
2013,25,SINALOA,135,GUAMUCHIL,3,GUAMUCHIL,11,GUASAVE,14200,FRIJOL,100,AZUFRADO,500,Tonelada,1,OTOÑO-INVIERNO,1,RIEGO,993.0,238.0,755.0,437.52,1.838,15850.0,6934692.0
2013,25,SINALOA,135,GUAMUCHIL,3,GUAMUCHIL,11,GUASAVE,14700,GARBANZO GRANO,100,BLANCO,500,Tonelada,1,OTOÑO-INVIERNO,1,RIEGO,4552.0,3402.0,1150.0,4395.5,1.292,13000.0,57141500.0
2013,25,SINALOA,135,GUAMUCHIL,3,GUAMUCHIL,11,GUASAVE,19700,MAIZ GRANO,200,BLANCO,500,Tonelada,1,OTOÑO-INVIERNO,1,RIEGO,879.6,329.6,550.0,2472.0,7.5,3200.0,7910400.0
2013,25,SINALOA,135,GUAMUCHIL,3,GUAMUCHIL,11,GUASAVE,29500,SORGO GRANO,0,,500,Tonelada,1,OTOÑO-INVIERNO,1,RIEGO,2592.46,2542.46,50.0,12686.0,4.99,3100.0,39326600.0
2013,25,SINALOA,135,GUAMUCHIL,3,GUAMUCHIL,11,GUASAVE,31000,TOMATE VERDE,0,,500,Tonelada,1,OTOÑO-INVIERNO,1,RIEGO,29.0,29.0,0.0,487.2,16.8,9000.0,4384800.0
2013,25,SINALOA,135,GUAMUCHIL,3,GUAMUCHIL,11,GUASAVE,31500,TRIGO GRANO,400,SUAVE,500,Tonelada,1,OTOÑO-INVIERNO,1,RIEGO,2044.0,2044.0,0.0,10935.4,5.35,3500.0,38273900.0
2013,25,SINALOA,135,GUAMUCHIL,3,GUAMUCHIL,15,SALVADOR ALVARADO,800,AJONJOLÍ,0,,500,Tonelada,2,PRIMAVERA-VERANO,2,TEMPORAL,100.0,100.0,0.0,80.0,0.8,13500.0,1080000.0
2013,25,SINALOA,135,GUAMUCHIL,3,GUAMUCHIL,15,SALVADOR ALVARADO,1600,ALFALFA ACHICALADA,0,,500,Tonelada,3,PERENNES,1,RIEGO,35.0,35.0,0.0,203.0,5.8,3200.0,649600.0
2013,25,SINALOA,135,GUAMUCHIL,3,GUAMUCHIL,15,SALVADOR ALVARADO,6900,CARTAMO,0,,500,Tonelada,1,OTOÑO-INVIERNO,1,RIEGO,632.8,632.8,0.0,1414.14,2.235,5500.0,7777770.0
2013,25,SINALOA,135,GUAMUCHIL,3,GUAMUCHIL,15,SALVADOR ALVARADO,6900,CARTAMO,0,,500,Tonelada,1,OTOÑO-INVIERNO,2,TEMPORAL,12000.0,12000.0,0.0,3600.0,0.3,5500.0,19800000.0
2013,25,SINALOA,135,GUAMUCHIL,3,GUAMUCHIL,15,SALVADOR ALVARADO,7400,CEBOLLA,100,BLANCA,500,Tonelada,1,OTOÑO-INVIERNO,1,RIEGO,165.0,165.0,0.0,6897.0,41.8,5000.0,34485000.0
2013,25,SINALOA,135,GUAMUCHIL,3,GUAMUCHIL,15,SALVADOR ALVARADO,14200,FRIJOL,100,AZUFRADO,500,Tonelada,1,OTOÑO-INVIERNO,1,RIEGO,1187.0,487.0,700.0,928.1,1.906,16200.0,15035220.0
2013,25,SINALOA,135,GUAMUCHIL,3,GUAMUCHIL,15,SALVADOR ALVARADO,14200,FRIJOL,100,AZUFRADO,500,Tonelada,1,OTOÑO-INVIERNO,2,TEMPORAL,30.0,30.0,0.0,21.0,0.7,25000.0,525000.0
2013,25,SINALOA,135,GUAMUCHIL,3,GUAMUCHIL,15,SALVADOR ALVARADO,14700,GARBANZO GRANO,100,BLANCO,500,Tonelada,1,OTOÑO-INVIERNO,1,RIEGO,6777.2,6023.07,754.13,9034.61,1.5,13000.0,117449930.0
2013,25,SINALOA,135,GUAMUCHIL,3,GUAMUCHIL,15,SALVADOR ALVARADO,14700,GARBANZO GRANO,100,BLANCO,500,Tonelada,1,OTOÑO-INVIERNO,2,TEMPORAL,3900.0,3900.0,0.0,2292.5,0.588,12500.0,28656250.0
2013,25,SINALOA,135,GUAMUCHIL,3,GUAMUCHIL,15,SALVADOR ALVARADO,19700,MAIZ GRANO,200,BLANCO,500,Tonelada,1,OTOÑO-INVIERNO,1,RIEGO,2330.2,2114.0,216.2,15680.56,7.417,3200.0,50177792.0
2013,25,SINALOA,135,GUAMUCHIL,3,GUAMUCHIL,15,SALVADOR ALVARADO,19700,MAIZ GRANO,200,BLANCO,500,Tonelada,1,OTOÑO-INVIERNO,2,TEMPORAL,80.0,80.0,0.0,216.0,2.7,3500.0,756000.0
2013,25,SINALOA,135,GUAMUCHIL,3,GUAMUCHIL,15,SALVADOR ALVARADO,19700,MAIZ GRANO,200,BLANCO,500,Tonelada,2,PRIMAVERA-VERANO,2,TEMPORAL,30.0,30.0,0.0,90.0,3.0,3500.0,315000.0
2013,25,SINALOA,135,GUAMUCHIL,3,GUAMUCHIL,15,SALVADOR ALVARADO,29500,SORGO GRANO,0,,500,Tonelada,1,OTOÑO-INVIERNO,1,RIEGO,3498.7,3457.49,41.21,16595.9,4.8,3100.0,51447290.0
2013,25,SINALOA,135,GUAMUCHIL,3,GUAMUCHIL,15,SALVADOR ALVARADO,29500,SORGO GRANO,0,,500,Tonelada,2,PRIMAVERA-VERANO,2,TEMPORAL,9000.0,9000.0,0.0,20100.0,2.233,2600.0,52260000.0
2013,25,SINALOA,135,GUAMUCHIL,3,GUAMUCHIL,15,SALVADOR ALVARADO,31000,TOMATE VERDE,0,,500,Tonelada,1,OTOÑO-INVIERNO,1,RIEGO,102.0,69.0,33.0,2178.4,31.571,9000.0,19605600.0
2013,25,SINALOA,135,GUAMUCHIL,3,GUAMUCHIL,15,SALVADOR ALVARADO,31500,TRIGO GRANO,400,SUAVE,500,Tonelada,1,OTOÑO-INVIERNO,1,RIEGO,1209.0,1209.0,0.0,6400.2,5.294,3100.0,19840620.0
2013,25,SINALOA,135,GUAMUCHIL,3,GUAMUCHIL,15,SALVADOR ALVARADO,32800,ZACATE,600,SUDAN,500,Tonelada,3,PERENNES,1,RIEGO,2.0,2.0,0.0,14.0,7.0,700.0,9800.0
2013,25,SINALOA,135,GUAMUCHIL,6,ANGOSTURA,2,ANGOSTURA,500,AGAVE,200,TEQUILERO,500,Tonelada,3,PERENNES,1,RIEGO,24.5,0.0,24.5,0.0,0.0,0.0,0.0
2013,25,SINALOA,135,GUAMUCHIL,6,ANGOSTURA,2,ANGOSTURA,1600,ALFALFA ACHICALADA,0,,500,Tonelada,3,PERENNES,1,RIEGO,50.0,50.0,0.0,325.0,6.5,3200.0,1040000.0
2013,25,SINALOA,135,GUAMUCHIL,6,ANGOSTURA,2,ANGOSTURA,5300,CACAHUATE,0,,500,Tonelada,2,PRIMAVERA-VERANO,2,TEMPORAL,550.0,510.0,40.0,765.0,1.5,9100.0,6961500.0
2013,25,SINALOA,135,GUAMUCHIL,6,ANGOSTURA,2,ANGOSTURA,5800,CALABACITA,200,ITALIANA (Zucchini),500,Tonelada,1,OTOÑO-INVIERNO,1,RIEGO,888.5,228.1,660.4,5103.72,22.375,4850.0,24753042.0
2013,25,SINALOA,135,GUAMUCHIL,6,ANGOSTURA,2,ANGOSTURA,6900,CARTAMO,0,,500,Tonelada,1,OTOÑO-INVIERNO,1,RIEGO,764.9,764.9,0.0,1418.0,1.854,5300.0,7515400.0
2013,25,SINALOA,135,GUAMUCHIL,6,ANGOSTURA,2,ANGOSTURA,6900,CARTAMO,0,,500,Tonelada,1,OTOÑO-INVIERNO,2,TEMPORAL,50.0,50.0,0.0,25.0,0.5,5500.0,137500.0
2013,25,SINALOA,135,GUAMUCHIL,6,ANGOSTURA,2,ANGOSTURA,7400,CEBOLLA,100,BLANCA,500,Tonelada,1,OTOÑO-INVIERNO,1,RIEGO,315.0,315.0,0.0,6235.0,19.794,6000.0,37410000.0
2013,25,SINALOA,135,GUAMUCHIL,6,ANGOSTURA,2,ANGOSTURA,11400,CHILE VERDE,800,POBLANO,500,Tonelada,1,OTOÑO-INVIERNO,1,RIEGO,69.0,69.0,0.0,3795.0,55.0,6000.0,22770000.0
2013,25,SINALOA,135,GUAMUCHIL,6,ANGOSTURA,2,ANGOSTURA,11400,CHILE VERDE,3600,BELL PEPPER MALLA SOMBRA,500,Tonelada,1,OTOÑO-INVIERNO,1,RIEGO,7.0,7.0,0.0,525.0,75.0,8000.0,4200000.0
2013,25,SINALOA,135,GUAMUCHIL,6,ANGOSTURA,2,ANGOSTURA,12700,ELOTE,0,,500,Tonelada,1,OTOÑO-INVIERNO,1,RIEGO,2.0,2.0,0.0,30.0,15.0,6000.0,180000.0
2013,25,SINALOA,135,GUAMUCHIL,6,ANGOSTURA,2,ANGOSTURA,14200,FRIJOL,100,AZUFRADO,500,Tonelada,1,OTOÑO-INVIERNO,1,RIEGO,9434.0,8510.62,923.38,13751.7,1.616,16000.0,220027200.0
2013,25,SINALOA,135,GUAMUCHIL,6,ANGOSTURA,2,ANGOSTURA,14700,GARBANZO GRANO,100,BLANCO,500,Tonelada,1,OTOÑO-INVIERNO,1,RIEGO,13803.0,13423.77,379.23,25973.43,1.935,13000.44,337666018.31
2013,25,SINALOA,135,GUAMUCHIL,6,ANGOSTURA,2,ANGOSTURA,16930,HORTALIZAS,0,,500,Tonelada,1,OTOÑO-INVIERNO,1,RIEGO,175.5,175.5,0.0,526.5,3.0,1500.0,789750.0
2013,25,SINALOA,135,GUAMUCHIL,6,ANGOSTURA,2,ANGOSTURA,19000,LIMON,100,AGRIO (MEXICANO),500,Tonelada,3,PERENNES,1,RIEGO,101.0,101.0,0.0,141.0,1.396,1150.0,162150.0
2013,25,SINALOA,135,GUAMUCHIL,6,ANGOSTURA,2,ANGOSTURA,19700,MAIZ GRANO,100,AMARILLO,500,Tonelada,1,OTOÑO-INVIERNO,1,RIEGO,67.0,67.0,0.0,690.0,10.299,3200.0,2208000.0
2013,25,SINALOA,135,GUAMUCHIL,6,ANGOSTURA,2,ANGOSTURA,19700,MAIZ GRANO,200,BLANCO,500,Tonelada,1,OTOÑO-INVIERNO,1,RIEGO,5593.5,5317.36,276.14,47997.56,9.027,3200.0,153592192.0
2013,25,SINALOA,135,GUAMUCHIL,6,ANGOSTURA,2,ANGOSTURA,20400,MANGO,300,HADEN,500,Tonelada,3,PERENNES,1,RIEGO,20.0,0.0,20.0,0.0,0.0,0.0,0.0
2013,25,SINALOA,135,GUAMUCHIL,6,ANGOSTURA,2,ANGOSTURA,22400,NARANJA,400,VALENCIA,500,Tonelada,3,PERENNES,1,RIEGO,101.0,101.0,0.0,241.0,2.386,1200.0,289200.0
2013,25,SINALOA,135,GUAMUCHIL,6,ANGOSTURA,2,ANGOSTURA,23000,NOPALITOS,0,,500,Tonelada,3,PERENNES,1,RIEGO,1.0,1.0,0.0,11.9,11.9,500.0,5950.0
2013,25,SINALOA,135,GUAMUCHIL,6,ANGOSTURA,2,ANGOSTURA,24900,PEPINO,200,CHINO,500,Tonelada,1,OTOÑO-INVIERNO,1,RIEGO,22.0,22.0,0.0,1588.0,72.182,4000.0,6352000.0
2013,25,SINALOA,135,GUAMUCHIL,6,ANGOSTURA,2,ANGOSTURA,24900,PEPINO,400,MALLA SOMBRA,500,Tonelada,1,OTOÑO-INVIERNO,1,RIEGO,24.0,24.0,0.0,2040.0,85.0,4500.0,9180000.0
2013,25,SINALOA,135,GUAMUCHIL,6,ANGOSTURA,2,ANGOSTURA,28700,SANDIA,200,CHARLESTON (GRAY),500,Tonelada,1,OTOÑO-INVIERNO,1,RIEGO,40.0,40.0,0.0,800.0,20.0,3000.0,2400000.0
2013,25,SINALOA,135,GUAMUCHIL,6,ANGOSTURA,2,ANGOSTURA,28700,SANDIA,200,CHARLESTON (GRAY),500,Tonelada,2,PRIMAVERA-VERANO,2,TEMPORAL,30.0,30.0,0.0,600.0,20.0,3400.0,2040000.0
2013,25,SINALOA,135,GUAMUCHIL,6,ANGOSTURA,2,ANGOSTURA,29500,SORGO GRANO,0,,500,Tonelada,1,OTOÑO-INVIERNO,1,RIEGO,14023.5,13936.37,87.13,112705.0,8.087,3200.0,360656000.0
2013,25,SINALOA,135,GUAMUCHIL,6,ANGOSTURA,2,ANGOSTURA,29500,SORGO GRANO,0,,500,Tonelada,2,PRIMAVERA-VERANO,2,TEMPORAL,218.0,218.0,0.0,380.0,1.743,3500.0,1330000.0
2013,25,SINALOA,135,GUAMUCHIL,6,ANGOSTURA,2,ANGOSTURA,30800,TOMATE ROJO (JITOMATE),1500,SALADETTE MALLA SOMBRA,500,Tonelada,1,OTOÑO-INVIERNO,1,RIEGO,71.0,71.0,0.0,5680.0,80.0,6500.0,36920000.0
2013,25,SINALOA,135,GUAMUCHIL,6,ANGOSTURA,2,ANGOSTURA,31000,TOMATE VERDE,0,,500,Tonelada,1,OTOÑO-INVIERNO,1,RIEGO,185.0,185.0,0.0,3520.0,19.027,9000.0,31680000.0
2013,25,SINALOA,135,GUAMUCHIL,6,ANGOSTURA,2,ANGOSTURA,31500,TRIGO GRANO,400,SUAVE,500,Tonelada,1,OTOÑO-INVIERNO,1,RIEGO,1499.0,1499.0,0.0,7461.0,4.977,3200.0,23875200.0
2013,25,SINALOA,135,GUAMUCHIL,6,ANGOSTURA,2,ANGOSTURA,32800,ZACATE,600,SUDAN,500,Tonelada,3,PERENNES,1,RIEGO,17.0,17.0,0.0,119.0,7.0,700.0,83300.0
2013,25,SINALOA,135,GUAMUCHIL,6,ANGOSTURA,13,MOCORITO,6900,CARTAMO,0,,500,Tonelada,1,OTOÑO-INVIERNO,1,RIEGO,9.0,9.0,0.0,20.0,2.222,5500.0,110000.0
2013,25,SINALOA,135,GUAMUCHIL,6,ANGOSTURA,13,MOCORITO,7400,CEBOLLA,100,BLANCA,500,Tonelada,1,OTOÑO-INVIERNO,1,RIEGO,25.0,25.0,0.0,475.0,19.0,6000.0,2850000.0
2013,25,SINALOA,135,GUAMUCHIL,6,ANGOSTURA,13,MOCORITO,14200,FRIJOL,100,AZUFRADO,500,Tonelada,1,OTOÑO-INVIERNO,1,RIEGO,1169.0,1169.0,0.0,1820.2,1.557,15800.0,28759160.0
2013,25,SINALOA,135,GUAMUCHIL,6,ANGOSTURA,13,MOCORITO,14700,GARBANZO GRANO,100,BLANCO,500,Tonelada,1,OTOÑO-INVIERNO,1,RIEGO,1111.0,1111.0,0.0,2055.0,1.85,13000.0,26715000.0
2013,25,SINALOA,135,GUAMUCHIL,6,ANGOSTURA,13,MOCORITO,19700,MAIZ GRANO,200,BLANCO,500,Tonelada,1,OTOÑO-INVIERNO,1,RIEGO,326.0,326.0,0.0,3487.0,10.696,3200.0,11158400.0
2013,25,SINALOA,135,GUAMUCHIL,6,ANGOSTURA,13,MOCORITO,22400,NARANJA,600,CRIOLLA,500,Tonelada,3,PERENNES,1,RIEGO,23.0,23.0,0.0,69.0,3.0,1200.0,82800.0
2013,25,SINALOA,135,GUAMUCHIL,6,ANGOSTURA,13,MOCORITO,29500,SORGO GRANO,0,,500,Tonelada,1,OTOÑO-INVIERNO,1,RIEGO,777.0,777.0,0.0,6371.0,8.199,3200.0,20387200.0
2013,25,SINALOA,135,GUAMUCHIL,6,ANGOSTURA,13,MOCORITO,30800,TOMATE ROJO (JITOMATE),800,SALADETTE,500,Tonelada,1,OTOÑO-INVIERNO,1,RIEGO,40.0,40.0,0.0,3000.0,75.0,5500.0,16500000.0
2013,25,SINALOA,135,GUAMUCHIL,6,ANGOSTURA,13,MOCORITO,31500,TRIGO GRANO,400,SUAVE,500,Tonelada,1,OTOÑO-INVIERNO,1,RIEGO,16.0,16.0,0.0,91.0,5.688,3100.0,282100.0
2013,25,SINALOA,135,GUAMUCHIL,6,ANGOSTURA,15,SALVADOR ALVARADO,5800,CALABACITA,200,ITALIANA (Zucchini),500,Tonelada,1,OTOÑO-INVIERNO,1,RIEGO,37.5,37.5,0.0,1425.0,38.0,7000.0,9975000.0
2013,25,SINALOA,135,GUAMUCHIL,6,ANGOSTURA,15,SALVADOR ALVARADO,6900,CARTAMO,0,,500,Tonelada,1,OTOÑO-INVIERNO,1,RIEGO,48.0,48.0,0.0,90.72,1.89,5500.0,498960.0
2013,25,SINALOA,135,GUAMUCHIL,6,ANGOSTURA,15,SALVADOR ALVARADO,7400,CEBOLLA,100,BLANCA,500,Tonelada,1,OTOÑO-INVIERNO,1,RIEGO,8.0,8.0,0.0,144.0,18.0,6000.0,864000.0
2013,25,SINALOA,135,GUAMUCHIL,6,ANGOSTURA,15,SALVADOR ALVARADO,14200,FRIJOL,100,AZUFRADO,500,Tonelada,1,OTOÑO-INVIERNO,1,RIEGO,249.0,236.64,12.36,317.8,1.343,16000.0,5084800.0
2013,25,SINALOA,135,GUAMUCHIL,6,ANGOSTURA,15,SALVADOR ALVARADO,14700,GARBANZO GRANO,100,BLANCO,500,Tonelada,1,OTOÑO-INVIERNO,1,RIEGO,554.0,508.51,45.49,815.77,1.604,13000.0,10605010.0
2013,25,SINALOA,135,GUAMUCHIL,6,ANGOSTURA,15,SALVADOR ALVARADO,19700,MAIZ GRANO,200,BLANCO,500,Tonelada,1,OTOÑO-INVIERNO,1,RIEGO,99.0,99.0,0.0,907.5,9.167,3200.0,2904000.0
2013,25,SINALOA,135,GUAMUCHIL,6,ANGOSTURA,15,SALVADOR ALVARADO,22400,NARANJA,400,VALENCIA,500,Tonelada,3,PERENNES,1,RIEGO,20.0,20.0,0.0,60.0,3.0,120.0,7200.0
2013,25,SINALOA,135,GUAMUCHIL,6,ANGOSTURA,15,SALVADOR ALVARADO,29500,SORGO GRANO,0,,500,Tonelada,1,OTOÑO-INVIERNO,1,RIEGO,129.5,129.5,0.0,1096.0,8.463,3300.0,3616800.0
2013,25,SINALOA,135,GUAMUCHIL,6,ANGOSTURA,15,SALVADOR ALVARADO,31500,TRIGO GRANO,400,SUAVE,500,Tonelada,1,OTOÑO-INVIERNO,1,RIEGO,5.0,5.0,0.0,25.0,5.0,3100.0,77500.0
2013,25,SINALOA,135,GUAMUCHIL,6,ANGOSTURA,18,NAVOLATO,14200,FRIJOL,100,AZUFRADO,500,Tonelada,1,OTOÑO-INVIERNO,1,RIEGO,258.0,258.0,0.0,402.0,1.558,15950.0,6411900.0
2013,25,SINALOA,135,GUAMUCHIL,6,ANGOSTURA,18,NAVOLATO,14700,GARBANZO GRANO,100,BLANCO,500,Tonelada,1,OTOÑO-INVIERNO,1,RIEGO,258.0,258.0,0.0,503.0,1.95,13000.0,6539000.0
2013,25,SINALOA,135,GUAMUCHIL,6,ANGOSTURA,18,NAVOLATO,19700,MAIZ GRANO,200,BLANCO,500,Tonelada,1,OTOÑO-INVIERNO,1,RIEGO,398.0,398.0,0.0,4258.0,10.698,3200.0,13625600.0
2013,25,SINALOA,135,GUAMUCHIL,6,ANGOSTURA,18,NAVOLATO,29500,SORGO GRANO,0,,500,Tonelada,1,OTOÑO-INVIERNO,1,RIEGO,639.0,639.0,0.0,5239.0,8.199,3129.01,16392883.39
2013,25,SINALOA,135,GUAMUCHIL,6,ANGOSTURA,18,NAVOLATO,30800,TOMATE ROJO (JITOMATE),800,SALADETTE,500,Tonelada,1,OTOÑO-INVIERNO,1,RIEGO,20.0,20.0,0.0,1060.0,53.0,2300.0,2438000.0
2013,25,SINALOA,135,GUAMUCHIL,6,ANGOSTURA,18,NAVOLATO,30800,TOMATE ROJO (JITOMATE),1500,SALADETTE MALLA SOMBRA,500,Tonelada,1,OTOÑO-INVIERNO,1,RIEGO,10.0,10.0,0.0,800.0,80.0,2500.0,2000000.0
2013,25,SINALOA,136,CULIACAN,1,CULIACAN ALTOS,6,CULIACAN,800,AJONJOLÍ,0,,500,Tonelada,2,PRIMAVERA-VERANO,2,TEMPORAL,208.0,0.0,208.0,0.0,0.0,0.0,0.0
2013,25,SINALOA,136,CULIACAN,1,CULIACAN ALTOS,6,CULIACAN,4600,BERENJENA,0,,500,Tonelada,1,OTOÑO-INVIERNO,1,RIEGO,20.0,20.0,0.0,1260.0,63.0,7610.76,9589557.6
2013,25,SINALOA,136,CULIACAN,1,CULIACAN ALTOS,6,CULIACAN,5300,CACAHUATE,0,,500,Tonelada,2,PRIMAVERA-VERANO,2,TEMPORAL,44.0,44.0,0.0,27.0,0.614,12500.0,337500.0
2013,25,SINALOA,136,CULIACAN,1,CULIACAN ALTOS,6,CULIACAN,6500,CAÑA DE AZUCAR,200,INDUSTRIAL,500,Tonelada,3,PERENNES,1,RIEGO,360.0,205.0,155.0,18235.0,88.951,647.73,11811356.55
2013,25,SINALOA,136,CULIACAN,1,CULIACAN ALTOS,6,CULIACAN,6900,CARTAMO,0,,500,Tonelada,1,OTOÑO-INVIERNO,2,TEMPORAL,1148.0,1090.0,58.0,599.0,0.55,4450.0,2665550.0
2013,25,SINALOA,136,CULIACAN,1,CULIACAN ALTOS,6,CULIACAN,12600,EJOTE,0,,500,Tonelada,1,OTOÑO-INVIERNO,1,RIEGO,20.0,20.0,0.0,230.0,11.5,3773.04,867799.2
2013,25,SINALOA,136,CULIACAN,1,CULIACAN ALTOS,6,CULIACAN,14200,FRIJOL,500,MAYOCOBA,500,Tonelada,1,OTOÑO-INVIERNO,1,RIEGO,65.0,65.0,0.0,101.0,1.554,13643.56,1377999.56
2013,25,SINALOA,136,CULIACAN,1,CULIACAN ALTOS,6,CULIACAN,14200,FRIJOL,500,MAYOCOBA,500,Tonelada,1,OTOÑO-INVIERNO,2,TEMPORAL,190.0,190.0,0.0,152.0,0.8,18500.0,2812000.0
2013,25,SINALOA,136,CULIACAN,1,CULIACAN ALTOS,6,CULIACAN,14700,GARBANZO GRANO,100,BLANCO,500,Tonelada,1,OTOÑO-INVIERNO,1,RIEGO,50.0,50.0,0.0,129.0,2.58,11372.09,1466999.61
2013,25,SINALOA,136,CULIACAN,1,CULIACAN ALTOS,6,CULIACAN,14700,GARBANZO GRANO,100,BLANCO,500,Tonelada,1,OTOÑO-INVIERNO,2,TEMPORAL,320.0,310.0,10.0,275.0,0.887,10447.64,2873101.0
2013,25,SINALOA,136,CULIACAN,1,CULIACAN ALTOS,6,CULIACAN,16930,HORTALIZAS,0,,500,Tonelada,1,OTOÑO-INVIERNO,1,RIEGO,35.0,35.0,0.0,312.0,8.914,7498.07,2339397.84
2013,25,SINALOA,136,CULIACAN,1,CULIACAN ALTOS,6,CULIACAN,19000,LIMON,100,AGRIO (MEXICANO),500,Tonelada,3,PERENNES,1,RIEGO,61.0,61.0,0.0,294.0,4.82,2828.03,831440.82
2013,25,SINALOA,136,CULIACAN,1,CULIACAN ALTOS,6,CULIACAN,19300,LITCHI,0,,500,Tonelada,3,PERENNES,1,RIEGO,12.0,12.0,0.0,35.0,2.917,12571.43,440000.05
2013,25,SINALOA,136,CULIACAN,1,CULIACAN ALTOS,6,CULIACAN,19700,MAIZ GRANO,200,BLANCO,500,Tonelada,1,OTOÑO-INVIERNO,1,RIEGO,920.0,920.0,0.0,8703.0,9.46,3200.0,27849600.0
2013,25,SINALOA,136,CULIACAN,1,CULIACAN ALTOS,6,CULIACAN,19700,MAIZ GRANO,200,BLANCO,500,Tonelada,1,OTOÑO-INVIERNO,2,TEMPORAL,190.0,190.0,0.0,280.0,1.474,3200.0,896000.0
2013,25,SINALOA,136,CULIACAN,1,CULIACAN ALTOS,6,CULIACAN,19700,MAIZ GRANO,200,BLANCO,500,Tonelada,2,PRIMAVERA-VERANO,2,TEMPORAL,10230.0,10017.0,213.0,8556.0,0.854,2800.0,23956800.0
2013,25,SINALOA,136,CULIACAN,1,CULIACAN ALTOS,6,CULIACAN,20300,MANDARINA,0,,500,Tonelada,3,PERENNES,1,RIEGO,8.0,8.0,0.0,68.0,8.5,3200.0,217600.0
2013,25,SINALOA,136,CULIACAN,1,CULIACAN ALTOS,6,CULIACAN,20400,MANGO,500,KENT,500,Tonelada,3,PERENNES,1,RIEGO,148.0,148.0,0.0,1850.0,12.5,1784.51,3301343.5
2013,25,SINALOA,136,CULIACAN,1,CULIACAN ALTOS,6,CULIACAN,22400,NARANJA,400,VALENCIA,500,Tonelada,3,PERENNES,1,RIEGO,115.0,115.0,0.0,782.0,6.8,1204.48,941903.36
2013,25,SINALOA,136,CULIACAN,1,CULIACAN ALTOS,6,CULIACAN,24800,PASTOS Y PRADERAS EN VERDE,0,,500,Tonelada,3,PERENNES,1,RIEGO,76.0,76.0,0.0,730.0,9.605,726.03,530001.9
2013,25,SINALOA,136,CULIACAN,1,CULIACAN ALTOS,6,CULIACAN,29300,SORGO FORRAJERO EN VERDE,0,,500,Tonelada,1,OTOÑO-INVIERNO,2,TEMPORAL,350.0,300.0,50.0,830.0,2.767,850.0,705500.0
2013,25,SINALOA,136,CULIACAN,1,CULIACAN ALTOS,6,CULIACAN,29500,SORGO GRANO,0,,500,Tonelada,1,OTOÑO-INVIERNO,2,TEMPORAL,30.0,0.0,30.0,0.0,0.0,0.0,0.0
2013,25,SINALOA,136,CULIACAN,1,CULIACAN ALTOS,6,CULIACAN,29500,SORGO GRANO,0,,500,Tonelada,2,PRIMAVERA-VERANO,2,TEMPORAL,45610.0,43414.0,2196.0,64438.0,1.484,2134.39,137535822.82
2013,25,SINALOA,136,CULIACAN,1,CULIACAN ALTOS,6,CULIACAN,30800,TOMATE ROJO (JITOMATE),800,SALADETTE,500,Tonelada,1,OTOÑO-INVIERNO,1,RIEGO,25.0,25.0,0.0,1250.0,50.0,4150.25,5187812.5
2013,25,SINALOA,136,CULIACAN,1,CULIACAN ALTOS,6,CULIACAN,31200,TORONJA (POMELO),0,,500,Tonelada,3,PERENNES,1,RIEGO,16.0,16.0,0.0,144.0,9.0,3000.0,432000.0
2013,25,SINALOA,136,CULIACAN,2,EL TAMARINDO,6,CULIACAN,1600,ALFALFA ACHICALADA,0,,500,Tonelada,3,PERENNES,1,RIEGO,35.0,30.0,5.0,264.0,8.8,1658.33,437799.12
2013,25,SINALOA,136,CULIACAN,2,EL TAMARINDO,6,CULIACAN,4600,BERENJENA,0,,500,Tonelada,1,OTOÑO-INVIERNO,1,RIEGO,53.0,53.0,0.0,3286.0,62.0,6787.53,22303823.58
2013,25,SINALOA,136,CULIACAN,2,EL TAMARINDO,6,CULIACAN,5800,CALABACITA,200,ITALIANA (Zucchini),500,Tonelada,1,OTOÑO-INVIERNO,1,RIEGO,7.0,7.0,0.0,76.0,10.857,4211.84,320099.84
2013,25,SINALOA,136,CULIACAN,2,EL TAMARINDO,6,CULIACAN,6500,CAÑA DE AZUCAR,200,INDUSTRIAL,500,Tonelada,3,PERENNES,1,RIEGO,195.0,150.0,45.0,13057.0,87.047,798.4,10424708.8
2013,25,SINALOA,136,CULIACAN,2,EL TAMARINDO,6,CULIACAN,6900,CARTAMO,0,,500,Tonelada,1,OTOÑO-INVIERNO,1,RIEGO,23.0,23.0,0.0,43.0,1.87,5400.0,232200.0
2013,25,SINALOA,136,CULIACAN,2,EL TAMARINDO,6,CULIACAN,11400,CHILE VERDE,1200,BELL PEPPER,500,Tonelada,1,OTOÑO-INVIERNO,1,RIEGO,19.13,19.13,0.0,822.6,43.001,3850.0,3167010.0
2013,25,SINALOA,136,CULIACAN,2,EL TAMARINDO,6,CULIACAN,11400,CHILE VERDE,1300,ANAHEIM,500,Tonelada,1,OTOÑO-INVIERNO,1,RIEGO,8.2,8.2,0.0,370.89,45.23,3800.0,1409382.0
2013,25,SINALOA,136,CULIACAN,2,EL TAMARINDO,6,CULIACAN,11400,CHILE VERDE,3500,BELL PEPPER INVERNADERO,500,Tonelada,1,OTOÑO-INVIERNO,1,RIEGO,2.73,2.73,0.0,341.25,125.0,4200.0,1433250.0
2013,25,SINALOA,136,CULIACAN,2,EL TAMARINDO,6,CULIACAN,11400,CHILE VERDE,3600,BELL PEPPER MALLA SOMBRA,500,Tonelada,1,OTOÑO-INVIERNO,1,RIEGO,15.94,15.94,0.0,1195.5,75.0,4000.0,4782000.0
2013,25,SINALOA,136,CULIACAN,2,EL TAMARINDO,6,CULIACAN,14200,FRIJOL,500,MAYOCOBA,500,Tonelada,1,OTOÑO-INVIERNO,1,RIEGO,675.0,663.0,12.0,1134.0,1.71,15100.09,17123502.06
2013,25,SINALOA,136,CULIACAN,2,EL TAMARINDO,6,CULIACAN,14700,GARBANZO GRANO,100,BLANCO,500,Tonelada,1,OTOÑO-INVIERNO,1,RIEGO,909.0,909.0,0.0,1998.0,2.198,11000.0,21978000.0
2013,25,SINALOA,136,CULIACAN,2,EL TAMARINDO,6,CULIACAN,16930,HORTALIZAS,0,,500,Tonelada,1,OTOÑO-INVIERNO,1,RIEGO,57.0,57.0,0.0,579.0,10.158,8375.98,4849692.42
2013,25,SINALOA,136,CULIACAN,2,EL TAMARINDO,6,CULIACAN,19000,LIMON,100,AGRIO (MEXICANO),500,Tonelada,3,PERENNES,1,RIEGO,15.0,15.0,0.0,68.0,4.533,2765.26,188037.68
2013,25,SINALOA,136,CULIACAN,2,EL TAMARINDO,6,CULIACAN,19700,MAIZ GRANO,200,BLANCO,500,Tonelada,1,OTOÑO-INVIERNO,1,RIEGO,8121.0,8121.0,0.0,82779.9,10.193,3215.79,266202774.62
2013,25,SINALOA,136,CULIACAN,2,EL TAMARINDO,6,CULIACAN,20300,MANDARINA,0,,500,Tonelada,3,PERENNES,1,RIEGO,6.0,6.0,0.0,36.0,6.0,3500.0,126000.0
2013,25,SINALOA,136,CULIACAN,2,EL TAMARINDO,6,CULIACAN,22400,NARANJA,400,VALENCIA,500,Tonelada,3,PERENNES,1,RIEGO,351.0,300.0,51.0,3150.0,10.5,1117.37,3519715.5
2013,25,SINALOA,136,CULIACAN,2,EL TAMARINDO,6,CULIACAN,24800,PASTOS Y PRADERAS EN VERDE,0,,500,Tonelada,3,PERENNES,1,RIEGO,366.0,366.0,0.0,3477.0,9.5,730.0,2538210.0
2013,25,SINALOA,136,CULIACAN,2,EL TAMARINDO,6,CULIACAN,24900,PEPINO,400,MALLA SOMBRA,500,Tonelada,1,OTOÑO-INVIERNO,1,RIEGO,68.0,68.0,0.0,5508.0,81.0,6142.19,33831182.52
2013,25,SINALOA,136,CULIACAN,2,EL TAMARINDO,6,CULIACAN,29500,SORGO GRANO,0,,500,Tonelada,1,OTOÑO-INVIERNO,1,RIEGO,190.0,190.0,0.0,1029.0,5.416,3882.04,3994619.16
2013,25,SINALOA,136,CULIACAN,2,EL TAMARINDO,6,CULIACAN,30800,TOMATE ROJO (JITOMATE),800,SALADETTE,500,Tonelada,1,OTOÑO-INVIERNO,1,RIEGO,350.0,350.0,0.0,19950.0,57.0,4421.83,88215508.5
2013,25,SINALOA,136,CULIACAN,2,EL TAMARINDO,6,CULIACAN,31200,TORONJA (POMELO),0,,500,Tonelada,3,PERENNES,1,RIEGO,18.0,18.0,0.0,153.0,8.5,1347.65,206190.45
2013,25,SINALOA,136,CULIACAN,2,EL TAMARINDO,6,CULIACAN,31500,TRIGO GRANO,200,FUERTE,500,Tonelada,1,OTOÑO-INVIERNO,1,RIEGO,10.0,10.0,0.0,39.0,3.9,4350.0,169650.0
2013,25,SINALOA,136,CULIACAN,2,EL TAMARINDO,13,MOCORITO,6900,CARTAMO,0,,500,Tonelada,1,OTOÑO-INVIERNO,1,RIEGO,9.0,9.0,0.0,19.0,2.111,5420.0,102980.0
2013,25,SINALOA,136,CULIACAN,2,EL TAMARINDO,13,MOCORITO,11400,CHILE VERDE,1200,BELL PEPPER,500,Tonelada,1,OTOÑO-INVIERNO,1,RIEGO,208.65,208.65,0.0,10611.4,50.857,3900.0,41384460.0
2013,25,SINALOA,136,CULIACAN,2,EL TAMARINDO,13,MOCORITO,11400,CHILE VERDE,1300,ANAHEIM,500,Tonelada,1,OTOÑO-INVIERNO,1,RIEGO,37.94,37.94,0.0,1784.64,47.038,3800.0,6781632.0
2013,25,SINALOA,136,CULIACAN,2,EL TAMARINDO,13,MOCORITO,11400,CHILE VERDE,3500,BELL PEPPER INVERNADERO,500,Tonelada,1,OTOÑO-INVIERNO,1,RIEGO,28.45,28.45,0.0,3072.6,108.0,4200.0,12904920.0
2013,25,SINALOA,136,CULIACAN,2,EL TAMARINDO,13,MOCORITO,11400,CHILE VERDE,3600,BELL PEPPER MALLA SOMBRA,500,Tonelada,1,OTOÑO-INVIERNO,1,RIEGO,18.97,18.97,0.0,1574.51,83.0,4000.0,6298040.0
2013,25,SINALOA,136,CULIACAN,2,EL TAMARINDO,13,MOCORITO,14200,FRIJOL,500,MAYOCOBA,500,Tonelada,1,OTOÑO-INVIERNO,1,RIEGO,1459.0,1433.0,26.0,2365.0,1.65,14845.67,35110009.55
2013,25,SINALOA,136,CULIACAN,2,EL TAMARINDO,13,MOCORITO,14700,GARBANZO GRANO,100,BLANCO,500,Tonelada,1,OTOÑO-INVIERNO,1,RIEGO,2649.0,2649.0,0.0,5641.0,2.129,11000.0,62051000.0
2013,25,SINALOA,136,CULIACAN,2,EL TAMARINDO,13,MOCORITO,19000,LIMON,100,AGRIO (MEXICANO),500,Tonelada,3,PERENNES,1,RIEGO,2.0,2.0,0.0,9.0,4.5,2848.0,25632.0
2013,25,SINALOA,136,CULIACAN,2,EL TAMARINDO,13,MOCORITO,19700,MAIZ GRANO,100,AMARILLO,500,Tonelada,1,OTOÑO-INVIERNO,1,RIEGO,375.0,375.0,0.0,3210.0,8.56,3200.0,10272000.0
2013,25,SINALOA,136,CULIACAN,2,EL TAMARINDO,13,MOCORITO,19700,MAIZ GRANO,200,BLANCO,500,Tonelada,1,OTOÑO-INVIERNO,1,RIEGO,8438.0,8438.0,0.0,82316.0,9.755,3201.05,263497631.8
2013,25,SINALOA,136,CULIACAN,2,EL TAMARINDO,13,MOCORITO,20300,MANDARINA,0,,500,Tonelada,3,PERENNES,1,RIEGO,3.0,3.0,0.0,22.5,7.5,2350.0,52875.0
2013,25,SINALOA,136,CULIACAN,2,EL TAMARINDO,13,MOCORITO,22400,NARANJA,400,VALENCIA,500,Tonelada,3,PERENNES,1,RIEGO,535.0,450.0,85.0,3250.0,7.222,1150.0,3737500.0
2013,25,SINALOA,136,CULIACAN,2,EL TAMARINDO,13,MOCORITO,24800,PASTOS Y PRADERAS EN VERDE,0,,500,Tonelada,3,PERENNES,1,RIEGO,198.0,198.0,0.0,1683.0,8.5,650.0,1093950.0
2013,25,SINALOA,136,CULIACAN,2,EL TAMARINDO,13,MOCORITO,24900,PEPINO,0,,500,Tonelada,1,OTOÑO-INVIERNO,1,RIEGO,34.0,34.0,0.0,2074.0,61.0,5577.1,11566905.4
2013,25,SINALOA,136,CULIACAN,2,EL TAMARINDO,13,MOCORITO,29500,SORGO GRANO,0,,500,Tonelada,1,OTOÑO-INVIERNO,1,RIEGO,113.0,113.0,0.0,591.0,5.23,2229.58,1317681.78
2013,25,SINALOA,136,CULIACAN,2,EL TAMARINDO,13,MOCORITO,30800,TOMATE ROJO (JITOMATE),800,SALADETTE,500,Tonelada,1,OTOÑO-INVIERNO,1,RIEGO,146.0,146.0,0.0,8249.0,56.5,4344.46,35837450.54
2013,25,SINALOA,136,CULIACAN,2,EL TAMARINDO,13,MOCORITO,31200,TORONJA (POMELO),0,,500,Tonelada,3,PERENNES,1,RIEGO,5.0,5.0,0.0,41.0,8.2,2513.41,103049.81
2013,25,SINALOA,136,CULIACAN,2,EL TAMARINDO,13,MOCORITO,31500,TRIGO GRANO,200,FUERTE,500,Tonelada,1,OTOÑO-INVIERNO,1,RIEGO,6.0,6.0,0.0,18.0,3.0,4230.0,76140.0
2013,25,SINALOA,136,CULIACAN,2,EL TAMARINDO,18,NAVOLATO,1600,ALFALFA ACHICALADA,0,,500,Tonelada,3,PERENNES,1,RIEGO,28.0,25.0,3.0,224.0,8.96,1628.21,364719.04
2013,25,SINALOA,136,CULIACAN,2,EL TAMARINDO,18,NAVOLATO,4600,BERENJENA,0,,500,Tonelada,1,OTOÑO-INVIERNO,1,RIEGO,14.0,14.0,0.0,854.0,61.0,6629.44,5661541.76
2013,25,SINALOA,136,CULIACAN,2,EL TAMARINDO,18,NAVOLATO,5800,CALABACITA,200,ITALIANA (Zucchini),500,Tonelada,1,OTOÑO-INVIERNO,1,RIEGO,3.0,3.0,0.0,33.0,11.0,4310.61,142250.13
2013,25,SINALOA,136,CULIACAN,2,EL TAMARINDO,18,NAVOLATO,6500,CAÑA DE AZUCAR,200,INDUSTRIAL,500,Tonelada,3,PERENNES,1,RIEGO,590.0,470.0,120.0,38070.0,81.0,762.42,29025329.4
2013,25,SINALOA,136,CULIACAN,2,EL TAMARINDO,18,NAVOLATO,6900,CARTAMO,0,,500,Tonelada,1,OTOÑO-INVIERNO,1,RIEGO,17.0,17.0,0.0,31.0,1.824,5400.0,167400.0
2013,25,SINALOA,136,CULIACAN,2,EL TAMARINDO,18,NAVOLATO,11400,CHILE VERDE,1200,BELL PEPPER,500,Tonelada,1,OTOÑO-INVIERNO,1,RIEGO,79.3,79.3,0.0,4521.73,57.021,3850.0,17408660.5
2013,25,SINALOA,136,CULIACAN,2,EL TAMARINDO,18,NAVOLATO,11400,CHILE VERDE,1300,ANAHEIM,500,Tonelada,1,OTOÑO-INVIERNO,1,RIEGO,69.57,69.57,0.0,3683.11,52.941,3700.0,13627507.0
2013,25,SINALOA,136,CULIACAN,2,EL TAMARINDO,18,NAVOLATO,11400,CHILE VERDE,3600,BELL PEPPER MALLA SOMBRA,500,Tonelada,1,OTOÑO-INVIERNO,1,RIEGO,11.13,11.13,0.0,982.16,88.244,4000.0,3928640.0
2013,25,SINALOA,136,CULIACAN,2,EL TAMARINDO,18,NAVOLATO,14200,FRIJOL,500,MAYOCOBA,500,Tonelada,1,OTOÑO-INVIERNO,1,RIEGO,1371.0,1352.0,19.0,2313.0,1.711,14885.43,34429999.59
2013,25,SINALOA,136,CULIACAN,2,EL TAMARINDO,18,NAVOLATO,14700,GARBANZO GRANO,100,BLANCO,500,Tonelada,1,OTOÑO-INVIERNO,1,RIEGO,2261.0,2261.0,0.0,5313.0,2.35,11000.0,58443000.0
2013,25,SINALOA,136,CULIACAN,2,EL TAMARINDO,18,NAVOLATO,16930,HORTALIZAS,0,,500,Tonelada,1,OTOÑO-INVIERNO,1,RIEGO,21.0,21.0,0.0,218.0,10.381,7455.05,1625200.9
2013,25,SINALOA,136,CULIACAN,2,EL TAMARINDO,18,NAVOLATO,19700,MAIZ GRANO,100,AMARILLO,500,Tonelada,1,OTOÑO-INVIERNO,1,RIEGO,218.0,218.0,0.0,2040.0,9.358,3200.0,6528000.0
2013,25,SINALOA,136,CULIACAN,2,EL TAMARINDO,18,NAVOLATO,19700,MAIZ GRANO,200,BLANCO,500,Tonelada,1,OTOÑO-INVIERNO,1,RIEGO,9221.0,9201.0,20.0,95921.0,10.425,3201.92,307131368.32
2013,25,SINALOA,136,CULIACAN,2,EL TAMARINDO,18,NAVOLATO,24800,PASTOS Y PRADERAS EN VERDE,0,,500,Tonelada,3,PERENNES,1,RIEGO,305.0,305.0,0.0,2440.0,8.0,700.0,1708000.0
2013,25,SINALOA,136,CULIACAN,2,EL TAMARINDO,18,NAVOLATO,24900,PEPINO,200,CHINO,500,Tonelada,1,OTOÑO-INVIERNO,1,RIEGO,16.0,16.0,0.0,976.0,61.0,6000.0,5856000.0
2013,25,SINALOA,136,CULIACAN,2,EL TAMARINDO,18,NAVOLATO,24900,PEPINO,400,MALLA SOMBRA,500,Tonelada,1,OTOÑO-INVIERNO,1,RIEGO,56.0,56.0,0.0,4536.0,81.0,6200.0,28123200.0
2013,25,SINALOA,136,CULIACAN,2,EL TAMARINDO,18,NAVOLATO,29500,SORGO GRANO,0,,500,Tonelada,1,OTOÑO-INVIERNO,1,RIEGO,77.0,77.0,0.0,447.0,5.805,3829.98,1712001.06
2013,25,SINALOA,136,CULIACAN,2,EL TAMARINDO,18,NAVOLATO,30800,TOMATE ROJO (JITOMATE),800,SALADETTE,500,Tonelada,1,OTOÑO-INVIERNO,1,RIEGO,280.0,280.0,0.0,15680.0,56.0,4362.21,68399452.8
2013,25,SINALOA,136,CULIACAN,2,EL TAMARINDO,18,NAVOLATO,31500,TRIGO GRANO,200,FUERTE,500,Tonelada,1,OTOÑO-INVIERNO,1,RIEGO,19.0,19.0,0.0,51.0,2.684,4320.0,220320.0
2013,25,SINALOA,136,CULIACAN,3,NAVOLATO,6,CULIACAN,14200,FRIJOL,500,MAYOCOBA,500,Tonelada,1,OTOÑO-INVIERNO,1,RIEGO,15.0,15.0,0.0,25.0,1.667,14000.0,350000.0
2013,25,SINALOA,136,CULIACAN,3,NAVOLATO,6,CULIACAN,19700,MAIZ GRANO,200,BLANCO,500,Tonelada,1,OTOÑO-INVIERNO,1,RIEGO,1242.0,1242.0,0.0,14031.05,11.297,3219.38,45171281.75
2013,25,SINALOA,136,CULIACAN,3,NAVOLATO,6,CULIACAN,24900,PEPINO,200,CHINO,500,Tonelada,1,OTOÑO-INVIERNO,1,RIEGO,90.0,90.0,0.0,6044.0,67.156,6811.58,41169189.52
2013,25,SINALOA,136,CULIACAN,3,NAVOLATO,6,CULIACAN,30800,TOMATE ROJO (JITOMATE),800,SALADETTE,500,Tonelada,1,OTOÑO-INVIERNO,1,RIEGO,170.0,170.0,0.0,8840.0,52.0,4258.22,37642664.8
2013,25,SINALOA,136,CULIACAN,3,NAVOLATO,18,NAVOLATO,600,AGUACATE,100,HASS,500,Tonelada,3,PERENNES,1,RIEGO,12.0,12.0,0.0,78.0,6.5,8900.0,694200.0
2013,25,SINALOA,136,CULIACAN,3,NAVOLATO,18,NAVOLATO,1600,ALFALFA ACHICALADA,0,,500,Tonelada,3,PERENNES,1,RIEGO,48.0,38.0,10.0,470.28,12.376,1764.72,829912.52
2013,25,SINALOA,136,CULIACAN,3,NAVOLATO,18,NAVOLATO,4600,BERENJENA,0,,500,Tonelada,1,OTOÑO-INVIERNO,1,RIEGO,86.0,86.0,0.0,5590.0,65.0,7516.8,42018912.0
2013,25,SINALOA,136,CULIACAN,3,NAVOLATO,18,NAVOLATO,5800,CALABACITA,200,ITALIANA (Zucchini),500,Tonelada,1,OTOÑO-INVIERNO,1,RIEGO,172.0,172.0,0.0,1869.13,10.867,4624.7,8644165.51
2013,25,SINALOA,136,CULIACAN,3,NAVOLATO,18,NAVOLATO,6500,CAÑA DE AZUCAR,200,INDUSTRIAL,500,Tonelada,3,PERENNES,1,RIEGO,1650.0,1351.0,299.0,110833.0,82.038,763.43,84613237.19
2013,25,SINALOA,136,CULIACAN,3,NAVOLATO,18,NAVOLATO,6510,CAÑA DE AZUCAR SEMILLA,0,,500,Tonelada,3,PERENNES,1,RIEGO,65.0,65.0,0.0,4095.0,63.0,600.0,2457000.0
2013,25,SINALOA,136,CULIACAN,3,NAVOLATO,18,NAVOLATO,6900,CARTAMO,0,,500,Tonelada,1,OTOÑO-INVIERNO,1,RIEGO,126.0,126.0,0.0,245.7,1.95,5430.0,1334151.0
2013,25,SINALOA,136,CULIACAN,3,NAVOLATO,18,NAVOLATO,6900,CARTAMO,0,,500,Tonelada,1,OTOÑO-INVIERNO,2,TEMPORAL,160.0,90.0,70.0,54.0,0.6,4500.0,243000.0
2013,25,SINALOA,136,CULIACAN,3,NAVOLATO,18,NAVOLATO,11400,CHILE VERDE,1200,BELL PEPPER,500,Tonelada,1,OTOÑO-INVIERNO,1,RIEGO,228.22,228.22,0.0,15760.07,69.056,3850.0,60676269.5
2013,25,SINALOA,136,CULIACAN,3,NAVOLATO,18,NAVOLATO,11400,CHILE VERDE,1300,ANAHEIM,500,Tonelada,1,OTOÑO-INVIERNO,1,RIEGO,88.8,88.8,0.0,4991.43,56.21,3800.0,18967434.0
2013,25,SINALOA,136,CULIACAN,3,NAVOLATO,18,NAVOLATO,11400,CHILE VERDE,3500,BELL PEPPER INVERNADERO,500,Tonelada,1,OTOÑO-INVIERNO,1,RIEGO,9.77,9.77,0.0,1333.42,136.481,4200.0,5600364.0
2013,25,SINALOA,136,CULIACAN,3,NAVOLATO,18,NAVOLATO,11400,CHILE VERDE,3600,BELL PEPPER MALLA SOMBRA,500,Tonelada,1,OTOÑO-INVIERNO,1,RIEGO,14.21,14.21,0.0,1369.08,96.346,4000.0,5476320.0
2013,25,SINALOA,136,CULIACAN,3,NAVOLATO,18,NAVOLATO,12600,EJOTE,0,,500,Tonelada,1,OTOÑO-INVIERNO,1,RIEGO,319.0,319.0,0.0,3902.0,12.232,4325.02,16876228.04
2013,25,SINALOA,136,CULIACAN,3,NAVOLATO,18,NAVOLATO,14200,FRIJOL,500,MAYOCOBA,500,Tonelada,1,OTOÑO-INVIERNO,1,RIEGO,1841.0,1741.0,100.0,2947.0,1.693,14393.62,42417998.14
2013,25,SINALOA,136,CULIACAN,3,NAVOLATO,18,NAVOLATO,14200,FRIJOL,500,MAYOCOBA,500,Tonelada,1,OTOÑO-INVIERNO,2,TEMPORAL,150.0,0.0,150.0,0.0,0.0,0.0,0.0
2013,25,SINALOA,136,CULIACAN,3,NAVOLATO,18,NAVOLATO,16930,HORTALIZAS,0,,500,Tonelada,1,OTOÑO-INVIERNO,1,RIEGO,248.0,248.0,0.0,2295.0,9.254,7948.93,18242794.35
2013,25,SINALOA,136,CULIACAN,3,NAVOLATO,18,NAVOLATO,19000,LIMON,100,AGRIO (MEXICANO),500,Tonelada,3,PERENNES,1,RIEGO,3.0,3.0,0.0,13.5,4.5,3200.0,43200.0
2013,25,SINALOA,136,CULIACAN,3,NAVOLATO,18,NAVOLATO,19300,LITCHI,0,,500,Tonelada,3,PERENNES,1,RIEGO,29.0,29.0,0.0,72.19,2.489,15942.86,1150915.06
2013,25,SINALOA,136,CULIACAN,3,NAVOLATO,18,NAVOLATO,19700,MAIZ GRANO,200,BLANCO,500,Tonelada,1,OTOÑO-INVIERNO,1,RIEGO,25898.0,25898.0,0.0,294816.85,11.384,3200.88,943673358.83
2013,25,SINALOA,136,CULIACAN,3,NAVOLATO,18,NAVOLATO,20400,MANGO,500,KENT,500,Tonelada,3,PERENNES,1,RIEGO,65.0,65.0,0.0,1108.5,17.054,3018.33,3345818.8
2013,25,SINALOA,136,CULIACAN,3,NAVOLATO,18,NAVOLATO,24800,PASTOS Y PRADERAS EN VERDE,0,,500,Tonelada,3,PERENNES,1,RIEGO,104.0,104.0,0.0,1040.0,10.0,750.0,780000.0
2013,25,SINALOA,136,CULIACAN,3,NAVOLATO,18,NAVOLATO,24900,PEPINO,200,CHINO,500,Tonelada,1,OTOÑO-INVIERNO,1,RIEGO,246.0,246.0,0.0,14760.0,60.0,6300.0,92988000.0
2013,25,SINALOA,136,CULIACAN,3,NAVOLATO,18,NAVOLATO,24900,PEPINO,300,INVERNADERO,500,Tonelada,1,OTOÑO-INVIERNO,1,RIEGO,30.0,30.0,0.0,3900.0,130.0,6600.0,25740000.0
2013,25,SINALOA,136,CULIACAN,3,NAVOLATO,18,NAVOLATO,24900,PEPINO,400,MALLA SOMBRA,500,Tonelada,1,OTOÑO-INVIERNO,1,RIEGO,30.0,30.0,0.0,2550.0,85.0,6500.0,16575000.0
2013,25,SINALOA,136,CULIACAN,3,NAVOLATO,18,NAVOLATO,28700,SANDIA,300,VERDE (JUBILIE),500,Tonelada,1,OTOÑO-INVIERNO,1,RIEGO,5.0,5.0,0.0,235.0,47.0,2100.0,493500.0
2013,25,SINALOA,136,CULIACAN,3,NAVOLATO,18,NAVOLATO,28700,SANDIA,300,VERDE (JUBILIE),500,Tonelada,1,OTOÑO-INVIERNO,2,TEMPORAL,160.0,100.0,60.0,1050.0,10.5,6285.71,6599995.5
2013,25,SINALOA,136,CULIACAN,3,NAVOLATO,18,NAVOLATO,29500,SORGO GRANO,0,,500,Tonelada,1,OTOÑO-INVIERNO,1,RIEGO,363.0,363.0,0.0,2273.2,6.262,3501.24,7959018.77
2013,25,SINALOA,136,CULIACAN,3,NAVOLATO,18,NAVOLATO,29500,SORGO GRANO,0,,500,Tonelada,1,OTOÑO-INVIERNO,2,TEMPORAL,25.0,0.0,25.0,0.0,0.0,0.0,0.0
2013,25,SINALOA,136,CULIACAN,3,NAVOLATO,18,NAVOLATO,30800,TOMATE ROJO (JITOMATE),1400,SALADETTE INVERNADERO,500,Tonelada,1,OTOÑO-INVIERNO,1,RIEGO,850.0,850.0,0.0,103700.0,122.0,4200.0,435540000.0
2013,25,SINALOA,136,CULIACAN,3,NAVOLATO,18,NAVOLATO,30800,TOMATE ROJO (JITOMATE),1500,SALADETTE MALLA SOMBRA,500,Tonelada,1,OTOÑO-INVIERNO,1,RIEGO,94.0,94.0,0.0,7990.0,85.0,3800.0,30362000.0
2013,25,SINALOA,136,CULIACAN,3,NAVOLATO,18,NAVOLATO,31500,TRIGO GRANO,400,SUAVE,500,Tonelada,1,OTOÑO-INVIERNO,1,RIEGO,4.0,4.0,0.0,20.6,5.15,4310.0,88786.0
2013,25,SINALOA,136,CULIACAN,4,CULIACAN,6,CULIACAN,1600,ALFALFA ACHICALADA,0,,500,Tonelada,3,PERENNES,1,RIEGO,38.0,30.0,8.0,265.0,8.833,1729.43,458298.95
2013,25,SINALOA,136,CULIACAN,4,CULIACAN,6,CULIACAN,3100,APIO,0,,500,Tonelada,1,OTOÑO-INVIERNO,1,RIEGO,58.0,58.0,0.0,435.0,7.5,2100.0,913500.0
2013,25,SINALOA,136,CULIACAN,4,CULIACAN,6,CULIACAN,4200,BABY BACK CHOI,0,,500,Tonelada,1,OTOÑO-INVIERNO,1,RIEGO,100.0,100.0,0.0,700.0,7.0,2000.0,1400000.0
2013,25,SINALOA,136,CULIACAN,4,CULIACAN,6,CULIACAN,4600,BERENJENA,300,INVERNADERO,500,Tonelada,1,OTOÑO-INVIERNO,1,RIEGO,668.0,668.0,0.0,65464.0,98.0,2200.0,144020800.0
2013,25,SINALOA,136,CULIACAN,4,CULIACAN,6,CULIACAN,5000,BOI CHOI,0,,500,Tonelada,1,OTOÑO-INVIERNO,1,RIEGO,70.0,70.0,0.0,420.0,6.0,1800.0,756000.0
2013,25,SINALOA,136,CULIACAN,4,CULIACAN,6,CULIACAN,5800,CALABACITA,200,ITALIANA (Zucchini),500,Tonelada,1,OTOÑO-INVIERNO,1,RIEGO,77.0,77.0,0.0,824.0,10.701,4591.46,3783363.04
2013,25,SINALOA,136,CULIACAN,4,CULIACAN,6,CULIACAN,6500,CAÑA DE AZUCAR,200,INDUSTRIAL,500,Tonelada,3,PERENNES,1,RIEGO,497.0,412.0,85.0,33121.0,80.391,546.77,18109569.17
2013,25,SINALOA,136,CULIACAN,4,CULIACAN,6,CULIACAN,6900,CARTAMO,0,,500,Tonelada,1,OTOÑO-INVIERNO,1,RIEGO,212.0,212.0,0.0,360.0,1.698,5850.0,2106000.0
2013,25,SINALOA,136,CULIACAN,4,CULIACAN,6,CULIACAN,10800,CHIA,0,,500,Tonelada,1,OTOÑO-INVIERNO,1,RIEGO,80.0,80.0,0.0,520.0,6.5,1800.0,936000.0
2013,25,SINALOA,136,CULIACAN,4,CULIACAN,6,CULIACAN,11400,CHILE VERDE,1200,BELL PEPPER,500,Tonelada,1,OTOÑO-INVIERNO,1,RIEGO,719.03,719.03,0.0,34513.44,48.0,5000.0,172567200.0
2013,25,SINALOA,136,CULIACAN,4,CULIACAN,6,CULIACAN,11400,CHILE VERDE,1300,ANAHEIM,500,Tonelada,1,OTOÑO-INVIERNO,1,RIEGO,212.21,212.21,0.0,9549.45,45.0,4500.0,42972525.0
2013,25,SINALOA,136,CULIACAN,4,CULIACAN,6,CULIACAN,11400,CHILE VERDE,3500,BELL PEPPER INVERNADERO,500,Tonelada,1,OTOÑO-INVIERNO,1,RIEGO,20.52,20.52,0.0,3078.0,150.0,5500.0,16929000.0
2013,25,SINALOA,136,CULIACAN,4,CULIACAN,6,CULIACAN,11400,CHILE VERDE,3600,BELL PEPPER MALLA SOMBRA,500,Tonelada,1,OTOÑO-INVIERNO,1,RIEGO,193.24,193.24,0.0,15459.2,80.0,4800.0,74204160.0
2013,25,SINALOA,136,CULIACAN,4,CULIACAN,6,CULIACAN,12000,DAIKON,0,,500,Tonelada,1,OTOÑO-INVIERNO,1,RIEGO,50.0,50.0,0.0,390.0,7.8,2300.0,897000.0
2013,25,SINALOA,136,CULIACAN,4,CULIACAN,6,CULIACAN,12600,EJOTE,0,,500,Tonelada,1,OTOÑO-INVIERNO,1,RIEGO,197.0,197.0,0.0,2364.0,12.0,4536.67,10724687.88
2013,25,SINALOA,136,CULIACAN,4,CULIACAN,6,CULIACAN,13200,ESPINACA,0,,500,Tonelada,1,OTOÑO-INVIERNO,1,RIEGO,50.0,50.0,0.0,375.0,7.5,2500.0,937500.0
2013,25,SINALOA,136,CULIACAN,4,CULIACAN,6,CULIACAN,14200,FRIJOL,500,MAYOCOBA,500,Tonelada,1,OTOÑO-INVIERNO,1,RIEGO,1047.0,1047.0,0.0,1945.0,1.858,14025.46,27279519.7
2013,25,SINALOA,136,CULIACAN,4,CULIACAN,6,CULIACAN,14500,GAILAN,0,,500,Tonelada,1,OTOÑO-INVIERNO,1,RIEGO,150.0,150.0,0.0,1125.0,7.5,1400.0,1575000.0
2013,25,SINALOA,136,CULIACAN,4,CULIACAN,6,CULIACAN,14700,GARBANZO GRANO,100,BLANCO,500,Tonelada,1,OTOÑO-INVIERNO,1,RIEGO,2213.0,2213.0,0.0,4421.0,1.998,11181.75,49434516.75
2013,25,SINALOA,136,CULIACAN,4,CULIACAN,6,CULIACAN,16930,HORTALIZAS,0,,500,Tonelada,1,OTOÑO-INVIERNO,1,RIEGO,800.0,800.0,0.0,6240.0,7.8,7799.89,48671313.6
2013,25,SINALOA,136,CULIACAN,4,CULIACAN,6,CULIACAN,18400,KOHLRABI,0,,500,Tonelada,1,OTOÑO-INVIERNO,1,RIEGO,350.0,350.0,0.0,2203.0,6.294,1300.0,2863900.0
2013,25,SINALOA,136,CULIACAN,4,CULIACAN,6,CULIACAN,19000,LIMON,100,AGRIO (MEXICANO),500,Tonelada,3,PERENNES,1,RIEGO,22.0,22.0,0.0,106.0,4.818,2450.0,259700.0
2013,25,SINALOA,136,CULIACAN,4,CULIACAN,6,CULIACAN,19300,LITCHI,0,,500,Tonelada,3,PERENNES,1,RIEGO,20.0,20.0,0.0,42.0,2.1,18000.0,756000.0
2013,25,SINALOA,136,CULIACAN,4,CULIACAN,6,CULIACAN,19700,MAIZ GRANO,100,AMARILLO,500,Tonelada,1,OTOÑO-INVIERNO,1,RIEGO,14.0,14.0,0.0,126.0,9.0,3200.0,403200.0
2013,25,SINALOA,136,CULIACAN,4,CULIACAN,6,CULIACAN,19700,MAIZ GRANO,200,BLANCO,500,Tonelada,1,OTOÑO-INVIERNO,1,RIEGO,16922.0,16922.0,0.0,155973.0,9.217,3219.92,502220582.16
2013,25,SINALOA,136,CULIACAN,4,CULIACAN,6,CULIACAN,20400,MANGO,500,KENT,500,Tonelada,3,PERENNES,1,RIEGO,4.0,4.0,0.0,58.0,14.5,1596.38,92590.04
2013,25,SINALOA,136,CULIACAN,4,CULIACAN,6,CULIACAN,22300,NAPA,0,,500,Tonelada,1,OTOÑO-INVIERNO,1,RIEGO,400.0,400.0,0.0,3200.0,8.0,1400.0,4480000.0
2013,25,SINALOA,136,CULIACAN,4,CULIACAN,6,CULIACAN,22400,NARANJA,400,VALENCIA,500,Tonelada,3,PERENNES,1,RIEGO,37.0,37.0,0.0,253.0,6.838,1131.62,286299.86
2013,25,SINALOA,136,CULIACAN,4,CULIACAN,6,CULIACAN,24800,PASTOS Y PRADERAS EN VERDE,0,,500,Tonelada,3,PERENNES,1,RIEGO,68.0,68.0,0.0,529.5,7.787,560.26,296657.67
2013,25,SINALOA,136,CULIACAN,4,CULIACAN,6,CULIACAN,24900,PEPINO,200,CHINO,500,Tonelada,1,OTOÑO-INVIERNO,1,RIEGO,167.0,167.0,0.0,8851.0,53.0,6000.0,53106000.0
2013,25,SINALOA,136,CULIACAN,4,CULIACAN,6,CULIACAN,24900,PEPINO,300,INVERNADERO,500,Tonelada,1,OTOÑO-INVIERNO,1,RIEGO,485.0,485.0,0.0,55775.0,115.0,6600.0,368115000.0
2013,25,SINALOA,136,CULIACAN,4,CULIACAN,6,CULIACAN,24900,PEPINO,400,MALLA SOMBRA,500,Tonelada,1,OTOÑO-INVIERNO,1,RIEGO,201.0,201.0,0.0,16884.0,84.0,6300.0,106369200.0
2013,25,SINALOA,136,CULIACAN,4,CULIACAN,6,CULIACAN,29500,SORGO GRANO,0,,500,Tonelada,1,OTOÑO-INVIERNO,1,RIEGO,158.0,158.0,0.0,1145.0,7.247,3950.0,4522750.0
2013,25,SINALOA,136,CULIACAN,4,CULIACAN,6,CULIACAN,30800,TOMATE ROJO (JITOMATE),800,SALADETTE,500,Tonelada,1,OTOÑO-INVIERNO,1,RIEGO,1260.0,1260.0,0.0,45360.0,36.0,2800.0,127008000.0
2013,25,SINALOA,136,CULIACAN,4,CULIACAN,6,CULIACAN,30800,TOMATE ROJO (JITOMATE),1100,BOLA,500,Tonelada,1,OTOÑO-INVIERNO,1,RIEGO,105.0,105.0,0.0,3990.0,38.0,3000.0,11970000.0
2013,25,SINALOA,136,CULIACAN,4,CULIACAN,6,CULIACAN,30800,TOMATE ROJO (JITOMATE),1400,SALADETTE INVERNADERO,500,Tonelada,1,OTOÑO-INVIERNO,1,RIEGO,752.0,752.0,0.0,101520.0,135.0,3800.0,385776000.0
2013,25,SINALOA,136,CULIACAN,4,CULIACAN,6,CULIACAN,30800,TOMATE ROJO (JITOMATE),1500,SALADETTE MALLA SOMBRA,500,Tonelada,1,OTOÑO-INVIERNO,1,RIEGO,152.0,152.0,0.0,13376.0,88.0,3500.0,46816000.0
2013,25,SINALOA,136,CULIACAN,4,CULIACAN,6,CULIACAN,30800,TOMATE ROJO (JITOMATE),1600,BOLA INVERNADERO,500,Tonelada,1,OTOÑO-INVIERNO,1,RIEGO,110.0,110.0,0.0,15950.0,145.0,3800.0,60610000.0
2013,25,SINALOA,136,CULIACAN,4,CULIACAN,6,CULIACAN,30800,TOMATE ROJO (JITOMATE),1700,BOLA MALLA SOMBRA,500,Tonelada,1,OTOÑO-INVIERNO,1,RIEGO,585.0,585.0,0.0,49725.0,85.0,3200.0,159120000.0
2013,25,SINALOA,136,CULIACAN,4,CULIACAN,6,CULIACAN,32700,YU-CHOY,0,,500,Tonelada,1,OTOÑO-INVIERNO,1,RIEGO,150.0,150.0,0.0,1050.0,7.0,1800.0,1890000.0
2013,25,SINALOA,136,CULIACAN,4,CULIACAN,18,NAVOLATO,600,AGUACATE,100,HASS,500,Tonelada,3,PERENNES,1,RIEGO,6.0,6.0,0.0,48.0,8.0,8000.0,384000.0
2013,25,SINALOA,136,CULIACAN,4,CULIACAN,18,NAVOLATO,1600,ALFALFA ACHICALADA,0,,500,Tonelada,3,PERENNES,1,RIEGO,42.0,40.0,2.0,347.0,8.675,2254.75,782398.25
2013,25,SINALOA,136,CULIACAN,4,CULIACAN,18,NAVOLATO,3100,APIO,0,,500,Tonelada,1,OTOÑO-INVIERNO,1,RIEGO,51.0,51.0,0.0,382.0,7.49,2500.0,955000.0
2013,25,SINALOA,136,CULIACAN,4,CULIACAN,18,NAVOLATO,4200,BABY BACK CHOI,0,,500,Tonelada,1,OTOÑO-INVIERNO,1,RIEGO,30.0,30.0,0.0,210.0,7.0,1400.0,294000.0
2013,25,SINALOA,136,CULIACAN,4,CULIACAN,18,NAVOLATO,4600,BERENJENA,0,,500,Tonelada,1,OTOÑO-INVIERNO,1,RIEGO,61.0,61.0,0.0,3965.0,65.0,6648.47,26361183.55
2013,25,SINALOA,136,CULIACAN,4,CULIACAN,18,NAVOLATO,4600,BERENJENA,300,INVERNADERO,500,Tonelada,1,OTOÑO-INVIERNO,1,RIEGO,360.0,360.0,0.0,34560.0,96.0,6600.0,228096000.0
2013,25,SINALOA,136,CULIACAN,4,CULIACAN,18,NAVOLATO,5000,BOI CHOI,0,,500,Tonelada,1,OTOÑO-INVIERNO,1,RIEGO,90.0,90.0,0.0,540.0,6.0,1350.0,729000.0
2013,25,SINALOA,136,CULIACAN,4,CULIACAN,18,NAVOLATO,6500,CAÑA DE AZUCAR,200,INDUSTRIAL,500,Tonelada,3,PERENNES,1,RIEGO,1120.0,896.0,224.0,78460.0,87.567,543.66,42655563.6
2013,25,SINALOA,136,CULIACAN,4,CULIACAN,18,NAVOLATO,6510,CAÑA DE AZUCAR SEMILLA,0,,500,Tonelada,3,PERENNES,1,RIEGO,50.0,50.0,0.0,3250.0,65.0,500.0,1625000.0
2013,25,SINALOA,136,CULIACAN,4,CULIACAN,18,NAVOLATO,6900,CARTAMO,0,,500,Tonelada,1,OTOÑO-INVIERNO,1,RIEGO,89.0,89.0,0.0,151.0,1.697,5900.0,890900.0
2013,25,SINALOA,136,CULIACAN,4,CULIACAN,18,NAVOLATO,11400,CHILE VERDE,3500,BELL PEPPER INVERNADERO,500,Tonelada,1,OTOÑO-INVIERNO,1,RIEGO,1113.0,1113.0,0.0,150255.0,135.0,6500.0,976657500.0
2013,25,SINALOA,136,CULIACAN,4,CULIACAN,18,NAVOLATO,11900,CHOI SUM,0,,500,Tonelada,1,OTOÑO-INVIERNO,1,RIEGO,80.0,80.0,0.0,640.0,8.0,1800.0,1152000.0
2013,25,SINALOA,136,CULIACAN,4,CULIACAN,18,NAVOLATO,12600,EJOTE,0,,500,Tonelada,1,OTOÑO-INVIERNO,1,RIEGO,46.0,46.0,0.0,648.0,14.087,4114.2,2666001.6
2013,25,SINALOA,136,CULIACAN,4,CULIACAN,18,NAVOLATO,14200,FRIJOL,500,MAYOCOBA,500,Tonelada,1,OTOÑO-INVIERNO,1,RIEGO,2125.0,2009.0,116.0,3731.0,1.857,14065.62,52478828.22
2013,25,SINALOA,136,CULIACAN,4,CULIACAN,18,NAVOLATO,14700,GARBANZO GRANO,100,BLANCO,500,Tonelada,1,OTOÑO-INVIERNO,1,RIEGO,454.0,454.0,0.0,862.0,1.899,11080.63,9551503.06
2013,25,SINALOA,136,CULIACAN,4,CULIACAN,18,NAVOLATO,16000,GUAYABA,300,CRIOLLA,500,Tonelada,3,PERENNES,1,RIEGO,3.0,3.0,0.0,11.4,3.8,3612.0,41176.8
2013,25,SINALOA,136,CULIACAN,4,CULIACAN,18,NAVOLATO,16930,HORTALIZAS,0,,500,Tonelada,1,OTOÑO-INVIERNO,1,RIEGO,300.0,300.0,0.0,2340.0,7.8,7689.5,17993430.0
2013,25,SINALOA,136,CULIACAN,4,CULIACAN,18,NAVOLATO,19000,LIMON,100,AGRIO (MEXICANO),500,Tonelada,3,PERENNES,1,RIEGO,3.0,3.0,0.0,12.0,4.0,2550.0,30600.0
2013,25,SINALOA,136,CULIACAN,4,CULIACAN,18,NAVOLATO,19300,LITCHI,0,,500,Tonelada,3,PERENNES,1,RIEGO,32.0,32.0,0.0,67.2,2.1,15357.14,1031999.81
2013,25,SINALOA,136,CULIACAN,4,CULIACAN,18,NAVOLATO,19700,MAIZ GRANO,200,BLANCO,500,Tonelada,1,OTOÑO-INVIERNO,1,RIEGO,25968.0,25968.0,0.0,236732.0,9.116,3958.89,937195947.48
2013,25,SINALOA,136,CULIACAN,4,CULIACAN,18,NAVOLATO,20400,MANGO,500,KENT,500,Tonelada,3,PERENNES,1,RIEGO,162.0,162.0,0.0,1950.0,12.037,1662.27,3241426.5
2013,25,SINALOA,136,CULIACAN,4,CULIACAN,18,NAVOLATO,22400,NARANJA,400,VALENCIA,500,Tonelada,3,PERENNES,1,RIEGO,89.0,89.0,0.0,562.0,6.315,1200.0,674400.0
2013,25,SINALOA,136,CULIACAN,4,CULIACAN,18,NAVOLATO,24800,PASTOS Y PRADERAS EN VERDE,0,,500,Tonelada,3,PERENNES,1,RIEGO,24.0,24.0,0.0,228.0,9.5,850.0,193800.0
2013,25,SINALOA,136,CULIACAN,4,CULIACAN,18,NAVOLATO,24900,PEPINO,300,INVERNADERO,500,Tonelada,1,OTOÑO-INVIERNO,1,RIEGO,689.32,689.32,0.0,75825.2,110.0,6400.0,485281280.0
2013,25,SINALOA,136,CULIACAN,4,CULIACAN,18,NAVOLATO,24900,PEPINO,500,PICKLE,500,Tonelada,1,OTOÑO-INVIERNO,1,RIEGO,130.68,130.68,0.0,4051.08,31.0,4000.0,16204320.0
2013,25,SINALOA,136,CULIACAN,4,CULIACAN,18,NAVOLATO,30800,TOMATE ROJO (JITOMATE),800,SALADETTE,500,Tonelada,1,OTOÑO-INVIERNO,1,RIEGO,698.0,698.0,0.0,31410.0,45.0,3800.0,119358000.0
2013,25,SINALOA,136,CULIACAN,4,CULIACAN,18,NAVOLATO,30800,TOMATE ROJO (JITOMATE),1600,BOLA INVERNADERO,500,Tonelada,1,OTOÑO-INVIERNO,1,RIEGO,1450.0,1450.0,0.0,207350.0,143.0,4000.0,829400000.0
2013,25,SINALOA,136,CULIACAN,4,CULIACAN,18,NAVOLATO,31000,TOMATE VERDE,0,,500,Tonelada,1,OTOÑO-INVIERNO,1,RIEGO,61.0,61.0,0.0,546.0,8.951,4350.0,2375100.0
2013,25,SINALOA,136,CULIACAN,5,ELDORADO,6,CULIACAN,1600,ALFALFA ACHICALADA,0,,500,Tonelada,3,PERENNES,1,RIEGO,25.0,22.0,3.0,230.0,10.455,1260.22,289850.6
2013,25,SINALOA,136,CULIACAN,5,ELDORADO,6,CULIACAN,6500,CAÑA DE AZUCAR,200,INDUSTRIAL,500,Tonelada,3,PERENNES,1,RIEGO,6750.0,5570.0,1180.0,511295.0,91.794,698.96,357374753.2
2013,25,SINALOA,136,CULIACAN,5,ELDORADO,6,CULIACAN,6510,CAÑA DE AZUCAR SEMILLA,0,,500,Tonelada,3,PERENNES,1,RIEGO,300.0,300.0,0.0,20400.0,68.0,580.0,11832000.0
2013,25,SINALOA,136,CULIACAN,5,ELDORADO,6,CULIACAN,6900,CARTAMO,0,,500,Tonelada,1,OTOÑO-INVIERNO,1,RIEGO,100.0,100.0,0.0,189.0,1.89,5430.0,1026270.0
2013,25,SINALOA,136,CULIACAN,5,ELDORADO,6,CULIACAN,11400,CHILE VERDE,1200,BELL PEPPER,500,Tonelada,1,OTOÑO-INVIERNO,1,RIEGO,2.0,2.0,0.0,101.0,50.5,4208.91,425099.91
2013,25,SINALOA,136,CULIACAN,5,ELDORADO,6,CULIACAN,14200,FRIJOL,500,MAYOCOBA,500,Tonelada,1,OTOÑO-INVIERNO,1,RIEGO,630.0,630.0,0.0,1059.0,1.681,14219.08,15058005.72
2013,25,SINALOA,136,CULIACAN,5,ELDORADO,6,CULIACAN,14700,GARBANZO GRANO,100,BLANCO,500,Tonelada,1,OTOÑO-INVIERNO,1,RIEGO,890.0,890.0,0.0,2481.0,2.788,11046.55,27406490.55
2013,25,SINALOA,136,CULIACAN,5,ELDORADO,6,CULIACAN,16930,HORTALIZAS,0,,500,Tonelada,1,OTOÑO-INVIERNO,1,RIEGO,105.0,105.0,0.0,1015.0,9.667,7529.71,7642655.65
2013,25,SINALOA,136,CULIACAN,5,ELDORADO,6,CULIACAN,19300,LITCHI,0,,500,Tonelada,3,PERENNES,1,RIEGO,296.0,200.0,96.0,433.0,2.165,15254.04,6604999.32
2013,25,SINALOA,136,CULIACAN,5,ELDORADO,6,CULIACAN,19700,MAIZ GRANO,200,BLANCO,500,Tonelada,1,OTOÑO-INVIERNO,1,RIEGO,19021.0,19021.0,0.0,202077.0,10.624,3216.91,650063522.07
2013,25,SINALOA,136,CULIACAN,5,ELDORADO,6,CULIACAN,20400,MANGO,500,KENT,500,Tonelada,3,PERENNES,1,RIEGO,43.0,40.0,3.0,555.2,13.88,2136.87,1186390.22
2013,25,SINALOA,136,CULIACAN,5,ELDORADO,6,CULIACAN,22400,NARANJA,400,VALENCIA,500,Tonelada,3,PERENNES,1,RIEGO,21.0,21.0,0.0,145.0,6.905,1187.24,172149.8
2013,25,SINALOA,136,CULIACAN,5,ELDORADO,6,CULIACAN,24800,PASTOS Y PRADERAS EN VERDE,0,,500,Tonelada,3,PERENNES,1,RIEGO,59.0,59.0,0.0,354.0,6.0,680.0,240720.0
2013,25,SINALOA,136,CULIACAN,5,ELDORADO,6,CULIACAN,29500,SORGO GRANO,0,,500,Tonelada,1,OTOÑO-INVIERNO,1,RIEGO,78.0,78.0,0.0,591.0,7.577,3794.11,2242319.01
2013,25,SINALOA,136,CULIACAN,5,ELDORADO,6,CULIACAN,30800,TOMATE ROJO (JITOMATE),800,SALADETTE,500,Tonelada,1,OTOÑO-INVIERNO,1,RIEGO,45.0,45.0,0.0,2250.0,50.0,4734.66,10652985.0
2013,25,SINALOA,136,CULIACAN,6,BADIRAGUATO,3,BADIRAGUATO,800,AJONJOLÍ,0,,500,Tonelada,2,PRIMAVERA-VERANO,2,TEMPORAL,300.0,100.0,200.0,89.0,0.89,14800.0,1317200.0
2013,25,SINALOA,136,CULIACAN,6,BADIRAGUATO,3,BADIRAGUATO,6900,CARTAMO,0,,500,Tonelada,1,OTOÑO-INVIERNO,2,TEMPORAL,680.0,423.0,257.0,233.0,0.551,4500.0,1048500.0
2013,25,SINALOA,136,CULIACAN,6,BADIRAGUATO,3,BADIRAGUATO,14200,FRIJOL,500,MAYOCOBA,500,Tonelada,1,OTOÑO-INVIERNO,2,TEMPORAL,622.0,607.0,15.0,540.0,0.89,18330.0,9898200.0
2013,25,SINALOA,136,CULIACAN,6,BADIRAGUATO,3,BADIRAGUATO,14700,GARBANZO GRANO,100,BLANCO,500,Tonelada,1,OTOÑO-INVIERNO,2,TEMPORAL,1620.0,1608.0,12.0,921.0,0.573,11000.0,10131000.0
2013,25,SINALOA,136,CULIACAN,6,BADIRAGUATO,3,BADIRAGUATO,19700,MAIZ GRANO,200,BLANCO,500,Tonelada,1,OTOÑO-INVIERNO,2,TEMPORAL,215.0,215.0,0.0,345.0,1.605,3200.0,1104000.0
2013,25,SINALOA,136,CULIACAN,6,BADIRAGUATO,3,BADIRAGUATO,19700,MAIZ GRANO,200,BLANCO,500,Tonelada,2,PRIMAVERA-VERANO,2,TEMPORAL,5720.0,5310.0,410.0,7010.0,1.32,3773.05,26449080.5
2013,25,SINALOA,136,CULIACAN,6,BADIRAGUATO,3,BADIRAGUATO,29300,SORGO FORRAJERO EN VERDE,0,,500,Tonelada,1,OTOÑO-INVIERNO,2,TEMPORAL,250.0,210.0,40.0,698.0,3.324,800.0,558400.0
2013,25,SINALOA,136,CULIACAN,6,BADIRAGUATO,3,BADIRAGUATO,29500,SORGO GRANO,0,,500,Tonelada,1,OTOÑO-INVIERNO,2,TEMPORAL,350.0,335.0,15.0,665.0,1.985,3800.0,2527000.0
2013,25,SINALOA,136,CULIACAN,6,BADIRAGUATO,3,BADIRAGUATO,29500,SORGO GRANO,0,,500,Tonelada,2,PRIMAVERA-VERANO,2,TEMPORAL,5645.0,4641.0,1004.0,5429.0,1.17,3032.41,16462953.89
2013,25,SINALOA,136,CULIACAN,6,BADIRAGUATO,13,MOCORITO,800,AJONJOLÍ,0,,500,Tonelada,2,PRIMAVERA-VERANO,2,TEMPORAL,640.0,400.0,240.0,318.0,0.795,14612.58,4646800.44
2013,25,SINALOA,136,CULIACAN,6,BADIRAGUATO,13,MOCORITO,5300,CACAHUATE,0,,500,Tonelada,2,PRIMAVERA-VERANO,2,TEMPORAL,25.0,9.0,16.0,8.0,0.889,10500.0,84000.0
2013,25,SINALOA,136,CULIACAN,6,BADIRAGUATO,13,MOCORITO,6900,CARTAMO,0,,500,Tonelada,1,OTOÑO-INVIERNO,2,TEMPORAL,4250.0,3715.0,535.0,2102.0,0.566,4500.0,9459000.0
2013,25,SINALOA,136,CULIACAN,6,BADIRAGUATO,13,MOCORITO,14200,FRIJOL,500,MAYOCOBA,500,Tonelada,1,OTOÑO-INVIERNO,2,TEMPORAL,700.0,684.0,16.0,436.0,0.637,15192.66,6623999.76
2013,25,SINALOA,136,CULIACAN,6,BADIRAGUATO,13,MOCORITO,14700,GARBANZO GRANO,100,BLANCO,500,Tonelada,1,OTOÑO-INVIERNO,2,TEMPORAL,1800.0,1780.0,20.0,1548.0,0.87,10726.36,16604405.28
2013,25,SINALOA,136,CULIACAN,6,BADIRAGUATO,13,MOCORITO,19700,MAIZ GRANO,200,BLANCO,500,Tonelada,1,OTOÑO-INVIERNO,2,TEMPORAL,230.0,220.0,10.0,317.0,1.441,3200.0,1014400.0
2013,25,SINALOA,136,CULIACAN,6,BADIRAGUATO,13,MOCORITO,19700,MAIZ GRANO,200,BLANCO,500,Tonelada,2,PRIMAVERA-VERANO,2,TEMPORAL,3560.0,3360.0,200.0,3798.0,1.13,3614.03,13726085.94
2013,25,SINALOA,136,CULIACAN,6,BADIRAGUATO,13,MOCORITO,29300,SORGO FORRAJERO EN VERDE,0,,500,Tonelada,1,OTOÑO-INVIERNO,2,TEMPORAL,350.0,280.0,70.0,760.0,2.714,800.0,608000.0
2013,25,SINALOA,136,CULIACAN,6,BADIRAGUATO,13,MOCORITO,29500,SORGO GRANO,0,,500,Tonelada,1,OTOÑO-INVIERNO,2,TEMPORAL,570.0,540.0,30.0,855.0,1.583,3800.0,3249000.0
2013,25,SINALOA,136,CULIACAN,6,BADIRAGUATO,13,MOCORITO,29500,SORGO GRANO,0,,500,Tonelada,2,PRIMAVERA-VERANO,2,TEMPORAL,7420.0,6720.0,700.0,6653.0,0.99,3476.7,23130485.1
2013,25,SINALOA,137,LA CRUZ,1,PUEBLOS UNIDOS,6,CULIACAN,800,AJONJOLÍ,0,,500,Tonelada,2,PRIMAVERA-VERANO,2,TEMPORAL,710.0,558.63,151.37,418.0,0.748,12000.0,5016000.0
2013,25,SINALOA,137,LA CRUZ,1,PUEBLOS UNIDOS,6,CULIACAN,1500,ALFALFA VERDE,0,,500,Tonelada,3,PERENNES,1,RIEGO,50.0,50.0,0.0,530.0,10.6,700.0,371000.0
2013,25,SINALOA,137,LA CRUZ,1,PUEBLOS UNIDOS,6,CULIACAN,4600,BERENJENA,300,INVERNADERO,500,Tonelada,1,OTOÑO-INVIERNO,1,RIEGO,4.0,4.0,0.0,352.0,88.0,6800.0,2393600.0
2013,25,SINALOA,137,LA CRUZ,1,PUEBLOS UNIDOS,6,CULIACAN,5300,CACAHUATE,0,,500,Tonelada,2,PRIMAVERA-VERANO,2,TEMPORAL,1150.0,1150.0,0.0,1725.0,1.5,12000.0,20700000.0
2013,25,SINALOA,137,LA CRUZ,1,PUEBLOS UNIDOS,6,CULIACAN,5800,CALABACITA,200,ITALIANA (Zucchini),500,Tonelada,1,OTOÑO-INVIERNO,1,RIEGO,185.0,185.0,0.0,5300.0,28.649,9899.95,52469735.0
2013,25,SINALOA,137,LA CRUZ,1,PUEBLOS UNIDOS,6,CULIACAN,6500,CAÑA DE AZUCAR,200,INDUSTRIAL,500,Tonelada,3,PERENNES,1,RIEGO,3235.0,3235.0,0.0,341292.5,105.5,433.68,148011731.4
2013,25,SINALOA,137,LA CRUZ,1,PUEBLOS UNIDOS,6,CULIACAN,6510,CAÑA DE AZUCAR SEMILLA,0,,500,Tonelada,3,PERENNES,1,RIEGO,130.0,130.0,0.0,8840.0,68.0,500.0,4420000.0
2013,25,SINALOA,137,LA CRUZ,1,PUEBLOS UNIDOS,6,CULIACAN,6900,CARTAMO,0,,500,Tonelada,1,OTOÑO-INVIERNO,1,RIEGO,230.0,230.0,0.0,460.0,2.0,2066.02,950369.2
2013,25,SINALOA,137,LA CRUZ,1,PUEBLOS UNIDOS,6,CULIACAN,6900,CARTAMO,0,,500,Tonelada,1,OTOÑO-INVIERNO,2,TEMPORAL,478.0,478.0,0.0,195.0,0.408,5094.1,993349.5
2013,25,SINALOA,137,LA CRUZ,1,PUEBLOS UNIDOS,6,CULIACAN,11400,CHILE VERDE,1200,BELL PEPPER,500,Tonelada,1,OTOÑO-INVIERNO,1,RIEGO,7.0,7.0,0.0,315.0,45.0,9183.49,2892799.35
2013,25,SINALOA,137,LA CRUZ,1,PUEBLOS UNIDOS,6,CULIACAN,12600,EJOTE,0,,500,Tonelada,1,OTOÑO-INVIERNO,1,RIEGO,110.0,110.0,0.0,279.0,2.536,2040.32,569249.28
2013,25,SINALOA,137,LA CRUZ,1,PUEBLOS UNIDOS,6,CULIACAN,14200,FRIJOL,100,AZUFRADO,500,Tonelada,1,OTOÑO-INVIERNO,1,RIEGO,2000.0,2000.0,0.0,3752.0,1.876,15448.29,57961984.08
2013,25,SINALOA,137,LA CRUZ,1,PUEBLOS UNIDOS,6,CULIACAN,14700,GARBANZO GRANO,100,BLANCO,500,Tonelada,1,OTOÑO-INVIERNO,1,RIEGO,197.0,197.0,0.0,325.05,1.65,12803.88,4161901.19
2013,25,SINALOA,137,LA CRUZ,1,PUEBLOS UNIDOS,6,CULIACAN,16930,HORTALIZAS,0,,500,Tonelada,1,OTOÑO-INVIERNO,1,RIEGO,15.0,15.0,0.0,307.5,20.5,8000.0,2460000.0
2013,25,SINALOA,137,LA CRUZ,1,PUEBLOS UNIDOS,6,CULIACAN,19300,LITCHI,0,,500,Tonelada,3,PERENNES,1,RIEGO,6.0,6.0,0.0,12.0,2.0,15500.0,186000.0
2013,25,SINALOA,137,LA CRUZ,1,PUEBLOS UNIDOS,6,CULIACAN,19700,MAIZ GRANO,100,AMARILLO,500,Tonelada,1,OTOÑO-INVIERNO,1,RIEGO,15.0,15.0,0.0,165.0,11.0,3000.0,495000.0
2013,25,SINALOA,137,LA CRUZ,1,PUEBLOS UNIDOS,6,CULIACAN,19700,MAIZ GRANO,200,BLANCO,500,Tonelada,1,OTOÑO-INVIERNO,1,RIEGO,34477.5,34477.5,0.0,237714.57,6.895,3197.76,760154143.36
2013,25,SINALOA,137,LA CRUZ,1,PUEBLOS UNIDOS,6,CULIACAN,19700,MAIZ GRANO,200,BLANCO,500,Tonelada,2,PRIMAVERA-VERANO,2,TEMPORAL,30.0,30.0,0.0,10.0,0.333,3200.0,32000.0
2013,25,SINALOA,137,LA CRUZ,1,PUEBLOS UNIDOS,6,CULIACAN,20400,MANGO,500,KENT,500,Tonelada,3,PERENNES,1,RIEGO,30.0,30.0,0.0,339.0,11.3,2370.35,803548.65
2013,25,SINALOA,137,LA CRUZ,1,PUEBLOS UNIDOS,6,CULIACAN,23000,NOPALITOS,0,,500,Tonelada,3,PERENNES,1,RIEGO,5.0,5.0,0.0,24.5,4.9,3200.0,78400.0
2013,25,SINALOA,137,LA CRUZ,1,PUEBLOS UNIDOS,6,CULIACAN,24700,PAPAYA,100,AMARILLA,500,Tonelada,3,PERENNES,1,RIEGO,25.0,25.0,0.0,207.5,8.3,1800.0,373500.0
2013,25,SINALOA,137,LA CRUZ,1,PUEBLOS UNIDOS,6,CULIACAN,24700,PAPAYA,100,AMARILLA,500,Tonelada,3,PERENNES,2,TEMPORAL,15.0,15.0,0.0,60.0,4.0,3000.0,180000.0
2013,25,SINALOA,137,LA CRUZ,1,PUEBLOS UNIDOS,6,CULIACAN,24900,PEPINO,200,CHINO,500,Tonelada,1,OTOÑO-INVIERNO,1,RIEGO,10.0,10.0,0.0,500.0,50.0,7861.4,3930700.0
2013,25,SINALOA,137,LA CRUZ,1,PUEBLOS UNIDOS,6,CULIACAN,28700,SANDIA,300,VERDE (JUBILIE),500,Tonelada,2,PRIMAVERA-VERANO,2,TEMPORAL,35.0,35.0,0.0,297.0,8.486,1600.0,475200.0
2013,25,SINALOA,137,LA CRUZ,1,PUEBLOS UNIDOS,6,CULIACAN,29500,SORGO GRANO,0,,500,Tonelada,1,OTOÑO-INVIERNO,1,RIEGO,315.0,315.0,0.0,2457.0,7.8,2942.86,7230607.02
2013,25,SINALOA,137,LA CRUZ,1,PUEBLOS UNIDOS,6,CULIACAN,29500,SORGO GRANO,0,,500,Tonelada,2,PRIMAVERA-VERANO,2,TEMPORAL,13950.0,2790.0,11160.0,4580.0,1.642,3046.57,13953290.6
2013,25,SINALOA,137,LA CRUZ,1,PUEBLOS UNIDOS,6,CULIACAN,30800,TOMATE ROJO (JITOMATE),1500,SALADETTE MALLA SOMBRA,500,Tonelada,1,OTOÑO-INVIERNO,1,RIEGO,15.0,15.0,0.0,1425.0,95.0,7261.01,10346939.25
2013,25,SINALOA,137,LA CRUZ,1,PUEBLOS UNIDOS,6,CULIACAN,32800,ZACATE,400,BUFFEL,500,Tonelada,3,PERENNES,2,TEMPORAL,180.0,180.0,0.0,1260.0,7.0,550.0,693000.0
2013,25,SINALOA,137,LA CRUZ,1,PUEBLOS UNIDOS,6,CULIACAN,32800,ZACATE,600,SUDAN,500,Tonelada,3,PERENNES,1,RIEGO,250.0,250.0,0.0,3500.0,14.0,600.0,2100000.0
2013,25,SINALOA,137,LA CRUZ,2,ELOTA-COSALA,5,COSALA,800,AJONJOLÍ,0,,500,Tonelada,2,PRIMAVERA-VERANO,2,TEMPORAL,2.0,2.0,0.0,0.9,0.45,12000.0,10800.0
2013,25,SINALOA,137,LA CRUZ,2,ELOTA-COSALA,5,COSALA,1500,ALFALFA VERDE,0,,500,Tonelada,3,PERENNES,1,RIEGO,60.0,60.0,0.0,696.0,11.6,700.0,487200.0
2013,25,SINALOA,137,LA CRUZ,2,ELOTA-COSALA,5,COSALA,5300,CACAHUATE,0,,500,Tonelada,2,PRIMAVERA-VERANO,2,TEMPORAL,2.0,2.0,0.0,1.4,0.7,16000.0,22400.0
2013,25,SINALOA,137,LA CRUZ,2,ELOTA-COSALA,5,COSALA,6000,CALABAZA,400,CRIOLLA,500,Tonelada,1,OTOÑO-INVIERNO,1,RIEGO,3.0,3.0,0.0,42.0,14.0,7500.0,315000.0
2013,25,SINALOA,137,LA CRUZ,2,ELOTA-COSALA,5,COSALA,6500,CAÑA DE AZUCAR,200,INDUSTRIAL,500,Tonelada,3,PERENNES,1,RIEGO,18.0,18.0,0.0,1704.6,94.7,650.0,1107990.0
2013,25,SINALOA,137,LA CRUZ,2,ELOTA-COSALA,5,COSALA,8300,CIRUELA,200,DEL PAIS,500,Tonelada,3,PERENNES,2,TEMPORAL,1.0,1.0,0.0,3.7,3.7,10250.0,37925.0
2013,25,SINALOA,137,LA CRUZ,2,ELOTA-COSALA,5,COSALA,14200,FRIJOL,100,AZUFRADO,500,Tonelada,1,OTOÑO-INVIERNO,1,RIEGO,64.0,64.0,0.0,96.0,1.5,13531.25,1299000.0
2013,25,SINALOA,137,LA CRUZ,2,ELOTA-COSALA,5,COSALA,14200,FRIJOL,100,AZUFRADO,500,Tonelada,2,PRIMAVERA-VERANO,2,TEMPORAL,2.0,2.0,0.0,1.0,0.5,15000.0,15000.0
2013,25,SINALOA,137,LA CRUZ,2,ELOTA-COSALA,5,COSALA,19700,MAIZ GRANO,200,BLANCO,500,Tonelada,1,OTOÑO-INVIERNO,1,RIEGO,159.0,159.0,0.0,1335.6,8.4,3433.6,4585916.16
2013,25,SINALOA,137,LA CRUZ,2,ELOTA-COSALA,5,COSALA,19700,MAIZ GRANO,200,BLANCO,500,Tonelada,2,PRIMAVERA-VERANO,2,TEMPORAL,4035.0,3915.0,120.0,8613.0,2.2,2730.74,23519863.62
2013,25,SINALOA,137,LA CRUZ,2,ELOTA-COSALA,5,COSALA,20400,MANGO,500,KENT,500,Tonelada,3,PERENNES,2,TEMPORAL,0.5,0.5,0.0,7.6,15.2,2900.0,22040.0
2013,25,SINALOA,137,LA CRUZ,2,ELOTA-COSALA,5,COSALA,22400,NARANJA,400,VALENCIA,500,Tonelada,3,PERENNES,2,TEMPORAL,15.0,15.0,0.0,147.0,9.8,2000.0,294000.0
2013,25,SINALOA,137,LA CRUZ,2,ELOTA-COSALA,5,COSALA,24700,PAPAYA,100,AMARILLA,500,Tonelada,3,PERENNES,2,TEMPORAL,1.0,1.0,0.0,7.0,7.0,2000.0,14000.0
2013,25,SINALOA,137,LA CRUZ,2,ELOTA-COSALA,5,COSALA,29300,SORGO FORRAJERO EN VERDE,0,,500,Tonelada,1,OTOÑO-INVIERNO,1,RIEGO,20.0,20.0,0.0,144.0,7.2,703.96,101370.24
2013,25,SINALOA,137,LA CRUZ,2,ELOTA-COSALA,5,COSALA,29300,SORGO FORRAJERO EN VERDE,0,,500,Tonelada,2,PRIMAVERA-VERANO,2,TEMPORAL,2326.0,2326.0,0.0,11002.0,4.73,570.0,6271140.0
2013,25,SINALOA,137,LA CRUZ,2,ELOTA-COSALA,5,COSALA,29500,SORGO GRANO,0,,500,Tonelada,2,PRIMAVERA-VERANO,2,TEMPORAL,3458.0,2758.0,700.0,8096.4,2.936,2769.68,22424437.15
2013,25,SINALOA,137,LA CRUZ,2,ELOTA-COSALA,5,COSALA,32800,ZACATE,400,BUFFEL,500,Tonelada,3,PERENNES,2,TEMPORAL,4900.0,4900.0,0.0,33565.0,6.85,516.79,17346056.35
2013,25,SINALOA,137,LA CRUZ,2,ELOTA-COSALA,8,ELOTA,800,AJONJOLÍ,0,,500,Tonelada,2,PRIMAVERA-VERANO,2,TEMPORAL,2763.5,2650.5,113.0,1192.0,0.45,14067.28,16768197.76
2013,25,SINALOA,137,LA CRUZ,2,ELOTA-COSALA,8,ELOTA,1500,ALFALFA VERDE,0,,500,Tonelada,3,PERENNES,1,RIEGO,210.0,210.0,0.0,2730.0,13.0,700.0,1911000.0
2013,25,SINALOA,137,LA CRUZ,2,ELOTA-COSALA,8,ELOTA,4600,BERENJENA,300,INVERNADERO,500,Tonelada,1,OTOÑO-INVIERNO,1,RIEGO,6.0,6.0,0.0,510.0,85.0,7500.0,3825000.0
2013,25,SINALOA,137,LA CRUZ,2,ELOTA-COSALA,8,ELOTA,5300,CACAHUATE,0,,500,Tonelada,2,PRIMAVERA-VERANO,2,TEMPORAL,100.0,100.0,0.0,48.0,0.48,14000.0,672000.0
2013,25,SINALOA,137,LA CRUZ,2,ELOTA-COSALA,8,ELOTA,5800,CALABACITA,200,ITALIANA (Zucchini),500,Tonelada,1,OTOÑO-INVIERNO,1,RIEGO,35.0,35.0,0.0,655.05,18.716,8879.25,5816352.71
2013,25,SINALOA,137,LA CRUZ,2,ELOTA-COSALA,8,ELOTA,6000,CALABAZA,400,CRIOLLA,500,Tonelada,1,OTOÑO-INVIERNO,1,RIEGO,5.0,5.0,0.0,49.0,9.8,2750.0,134750.0
2013,25,SINALOA,137,LA CRUZ,2,ELOTA-COSALA,8,ELOTA,6500,CAÑA DE AZUCAR,200,INDUSTRIAL,500,Tonelada,3,PERENNES,1,RIEGO,254.0,254.0,0.0,21590.0,85.0,680.0,14681200.0
2013,25,SINALOA,137,LA CRUZ,2,ELOTA-COSALA,8,ELOTA,6900,CARTAMO,0,,500,Tonelada,1,OTOÑO-INVIERNO,1,RIEGO,411.0,211.0,200.0,160.36,0.76,3778.87,605979.59
2013,25,SINALOA,137,LA CRUZ,2,ELOTA-COSALA,8,ELOTA,8300,CIRUELA,200,DEL PAIS,500,Tonelada,3,PERENNES,1,RIEGO,68.3,68.3,0.0,239.0,3.499,10000.0,2390000.0
2013,25,SINALOA,137,LA CRUZ,2,ELOTA-COSALA,8,ELOTA,11400,CHILE VERDE,200,JALAPEÑO,500,Tonelada,1,OTOÑO-INVIERNO,1,RIEGO,22.0,22.0,0.0,894.96,40.68,11256.74,10074332.03
2013,25,SINALOA,137,LA CRUZ,2,ELOTA-COSALA,8,ELOTA,11400,CHILE VERDE,900,SERRANO,500,Tonelada,1,OTOÑO-INVIERNO,1,RIEGO,38.0,38.0,0.0,1246.4,32.8,9693.54,12082028.26
2013,25,SINALOA,137,LA CRUZ,2,ELOTA-COSALA,8,ELOTA,11400,CHILE VERDE,1200,BELL PEPPER,500,Tonelada,1,OTOÑO-INVIERNO,1,RIEGO,421.78,421.78,0.0,22863.1,54.206,8740.97,199845671.21
2013,25,SINALOA,137,LA CRUZ,2,ELOTA-COSALA,8,ELOTA,11400,CHILE VERDE,1300,ANAHEIM,500,Tonelada,1,OTOÑO-INVIERNO,1,RIEGO,10.0,10.0,0.0,578.0,57.8,11616.52,6714348.56
2013,25,SINALOA,137,LA CRUZ,2,ELOTA-COSALA,8,ELOTA,11400,CHILE VERDE,1400,CALORO,500,Tonelada,1,OTOÑO-INVIERNO,1,RIEGO,28.0,28.0,0.0,1618.4,57.8,10050.94,16266441.3
2013,25,SINALOA,137,LA CRUZ,2,ELOTA-COSALA,8,ELOTA,11400,CHILE VERDE,3600,BELL PEPPER MALLA SOMBRA,500,Tonelada,1,OTOÑO-INVIERNO,1,RIEGO,265.95,265.95,0.0,21276.0,80.0,10217.63,217390295.88
2013,25,SINALOA,137,LA CRUZ,2,ELOTA-COSALA,8,ELOTA,14000,FRESA,0,,500,Tonelada,1,OTOÑO-INVIERNO,1,RIEGO,2.0,2.0,0.0,59.6,29.8,3651.0,217599.6
2013,25,SINALOA,137,LA CRUZ,2,ELOTA-COSALA,8,ELOTA,14200,FRIJOL,100,AZUFRADO,500,Tonelada,1,OTOÑO-INVIERNO,1,RIEGO,177.69,177.69,0.0,274.89,1.547,14223.18,3909809.95
2013,25,SINALOA,137,LA CRUZ,2,ELOTA-COSALA,8,ELOTA,14200,FRIJOL,100,AZUFRADO,500,Tonelada,2,PRIMAVERA-VERANO,2,TEMPORAL,20.0,20.0,0.0,15.0,0.75,15000.0,225000.0
2013,25,SINALOA,137,LA CRUZ,2,ELOTA-COSALA,8,ELOTA,14700,GARBANZO GRANO,100,BLANCO,500,Tonelada,1,OTOÑO-INVIERNO,1,RIEGO,49.0,49.0,0.0,78.4,1.6,11951.53,936999.95
2013,25,SINALOA,137,LA CRUZ,2,ELOTA-COSALA,8,ELOTA,14700,GARBANZO GRANO,100,BLANCO,500,Tonelada,2,PRIMAVERA-VERANO,2,TEMPORAL,10.0,10.0,0.0,8.0,0.8,8000.0,64000.0
2013,25,SINALOA,137,LA CRUZ,2,ELOTA-COSALA,8,ELOTA,19000,LIMON,200,PERSA,500,Tonelada,3,PERENNES,1,RIEGO,28.0,28.0,0.0,566.58,20.235,2648.31,1500479.48
2013,25,SINALOA,137,LA CRUZ,2,ELOTA-COSALA,8,ELOTA,19700,MAIZ GRANO,200,BLANCO,500,Tonelada,1,OTOÑO-INVIERNO,1,RIEGO,18822.0,18822.0,0.0,183485.09,9.748,3269.03,599818263.76
2013,25,SINALOA,137,LA CRUZ,2,ELOTA-COSALA,8,ELOTA,19700,MAIZ GRANO,200,BLANCO,500,Tonelada,2,PRIMAVERA-VERANO,2,TEMPORAL,699.0,699.0,0.0,866.76,1.24,2500.0,2166900.0
2013,25,SINALOA,137,LA CRUZ,2,ELOTA-COSALA,8,ELOTA,22400,NARANJA,400,VALENCIA,500,Tonelada,3,PERENNES,1,RIEGO,12.0,12.0,0.0,84.0,7.0,2500.0,210000.0
2013,25,SINALOA,137,LA CRUZ,2,ELOTA-COSALA,8,ELOTA,23000,NOPALITOS,0,,500,Tonelada,3,PERENNES,1,RIEGO,3.0,3.0,0.0,13.5,4.5,1912.13,25813.76
2013,25,SINALOA,137,LA CRUZ,2,ELOTA-COSALA,8,ELOTA,24700,PAPAYA,300,MARADOL,500,Tonelada,3,PERENNES,1,RIEGO,3.0,3.0,0.0,85.0,28.333,2500.0,212500.0
2013,25,SINALOA,137,LA CRUZ,2,ELOTA-COSALA,8,ELOTA,24900,PEPINO,200,CHINO,500,Tonelada,1,OTOÑO-INVIERNO,1,RIEGO,531.95,504.0,27.95,40960.15,81.27,8889.4,364111157.41
2013,25,SINALOA,137,LA CRUZ,2,ELOTA-COSALA,8,ELOTA,24900,PEPINO,300,INVERNADERO,500,Tonelada,1,OTOÑO-INVIERNO,1,RIEGO,31.05,31.05,0.0,3415.5,110.0,10405.71,35540702.5
2013,25,SINALOA,137,LA CRUZ,2,ELOTA-COSALA,8,ELOTA,24900,PEPINO,500,PICKLE,500,Tonelada,1,OTOÑO-INVIERNO,1,RIEGO,124.0,124.0,0.0,7467.28,60.22,8748.62,65328395.15
2013,25,SINALOA,137,LA CRUZ,2,ELOTA-COSALA,8,ELOTA,29000,SHOP SUEY,0,,500,Tonelada,2,PRIMAVERA-VERANO,2,TEMPORAL,122.0,91.0,31.0,72.8,0.8,7500.0,546000.0
2013,25,SINALOA,137,LA CRUZ,2,ELOTA-COSALA,8,ELOTA,29300,SORGO FORRAJERO EN VERDE,0,,500,Tonelada,1,OTOÑO-INVIERNO,1,RIEGO,236.0,236.0,0.0,2022.4,8.569,750.0,1516800.0
2013,25,SINALOA,137,LA CRUZ,2,ELOTA-COSALA,8,ELOTA,29300,SORGO FORRAJERO EN VERDE,0,,500,Tonelada,2,PRIMAVERA-VERANO,2,TEMPORAL,1850.3,1850.3,0.0,13244.0,7.158,514.67,6816289.48
2013,25,SINALOA,137,LA CRUZ,2,ELOTA-COSALA,8,ELOTA,29400,SORGO ESCOBERO,100,VERDE,500,Tonelada,2,PRIMAVERA-VERANO,2,TEMPORAL,41.0,41.0,0.0,35.0,0.854,3500.0,122500.0
2013,25,SINALOA,137,LA CRUZ,2,ELOTA-COSALA,8,ELOTA,29500,SORGO GRANO,0,,500,Tonelada,1,OTOÑO-INVIERNO,1,RIEGO,221.5,221.5,0.0,1614.0,7.287,3154.88,5091976.32
2013,25,SINALOA,137,LA CRUZ,2,ELOTA-COSALA,8,ELOTA,29500,SORGO GRANO,0,,500,Tonelada,2,PRIMAVERA-VERANO,2,TEMPORAL,17161.0,16991.0,170.0,41627.95,2.45,2739.66,114046429.5
2013,25,SINALOA,137,LA CRUZ,2,ELOTA-COSALA,8,ELOTA,30800,TOMATE ROJO (JITOMATE),800,SALADETTE,500,Tonelada,1,OTOÑO-INVIERNO,1,RIEGO,612.34,577.34,35.0,48374.86,83.789,5981.61,289359546.32
2013,25,SINALOA,137,LA CRUZ,2,ELOTA-COSALA,8,ELOTA,30800,TOMATE ROJO (JITOMATE),1100,BOLA,500,Tonelada,1,OTOÑO-INVIERNO,1,RIEGO,157.0,157.0,0.0,10205.0,65.0,6019.71,61431140.55
2013,25,SINALOA,137,LA CRUZ,2,ELOTA-COSALA,8,ELOTA,30800,TOMATE ROJO (JITOMATE),1500,SALADETTE MALLA SOMBRA,500,Tonelada,1,OTOÑO-INVIERNO,1,RIEGO,292.0,292.0,0.0,31828.0,109.0,7872.66,250571022.48
2013,25,SINALOA,137,LA CRUZ,2,ELOTA-COSALA,8,ELOTA,30800,TOMATE ROJO (JITOMATE),1700,BOLA MALLA SOMBRA,500,Tonelada,1,OTOÑO-INVIERNO,1,RIEGO,151.0,151.0,0.0,15855.0,105.0,8126.23,128841376.65
2013,25,SINALOA,137,LA CRUZ,2,ELOTA-COSALA,8,ELOTA,31000,TOMATE VERDE,0,,500,Tonelada,1,OTOÑO-INVIERNO,1,RIEGO,51.5,51.5,0.0,1677.0,32.563,7353.05,12331064.85
2013,25,SINALOA,137,LA CRUZ,2,ELOTA-COSALA,8,ELOTA,32800,ZACATE,600,SUDAN,500,Tonelada,1,OTOÑO-INVIERNO,1,RIEGO,46.5,46.5,0.0,744.0,16.0,600.0,446400.0
2013,25,SINALOA,137,LA CRUZ,2,ELOTA-COSALA,8,ELOTA,32800,ZACATE,600,SUDAN,500,Tonelada,3,PERENNES,1,RIEGO,75.0,75.0,0.0,926.25,12.35,551.42,510752.77
2013,25,SINALOA,137,LA CRUZ,3,COYOTITAN,16,SAN IGNACIO,800,AJONJOLÍ,0,,500,Tonelada,2,PRIMAVERA-VERANO,2,TEMPORAL,224.0,224.0,0.0,118.0,0.527,13016.1,1535899.8
2013,25,SINALOA,137,LA CRUZ,3,COYOTITAN,16,SAN IGNACIO,1500,ALFALFA VERDE,0,,500,Tonelada,3,PERENNES,1,RIEGO,60.0,60.0,0.0,700.0,11.667,575.14,402598.0
2013,25,SINALOA,137,LA CRUZ,3,COYOTITAN,16,SAN IGNACIO,6900,CARTAMO,0,,500,Tonelada,1,OTOÑO-INVIERNO,2,TEMPORAL,139.4,139.4,0.0,63.29,0.454,4989.65,315794.95
2013,25,SINALOA,137,LA CRUZ,3,COYOTITAN,16,SAN IGNACIO,8300,CIRUELA,200,DEL PAIS,500,Tonelada,3,PERENNES,2,TEMPORAL,62.0,62.0,0.0,155.0,2.5,7504.81,1163245.55
2013,25,SINALOA,137,LA CRUZ,3,COYOTITAN,16,SAN IGNACIO,11400,CHILE VERDE,1200,BELL PEPPER,500,Tonelada,1,OTOÑO-INVIERNO,1,RIEGO,205.0,205.0,0.0,10600.7,51.711,3410.72,36156019.5
2013,25,SINALOA,137,LA CRUZ,3,COYOTITAN,16,SAN IGNACIO,14200,FRIJOL,100,AZUFRADO,500,Tonelada,1,OTOÑO-INVIERNO,1,RIEGO,562.5,558.5,4.0,817.09,1.463,14293.75,11679280.19
2013,25,SINALOA,137,LA CRUZ,3,COYOTITAN,16,SAN IGNACIO,14200,FRIJOL,100,AZUFRADO,500,Tonelada,1,OTOÑO-INVIERNO,2,TEMPORAL,25.0,25.0,0.0,21.5,0.86,22000.0,473000.0
2013,25,SINALOA,137,LA CRUZ,3,COYOTITAN,16,SAN IGNACIO,14200,FRIJOL,100,AZUFRADO,500,Tonelada,2,PRIMAVERA-VERANO,2,TEMPORAL,304.83,304.83,0.0,238.0,0.781,15000.0,3570000.0
2013,25,SINALOA,137,LA CRUZ,3,COYOTITAN,16,SAN IGNACIO,19000,LIMON,200,PERSA,500,Tonelada,3,PERENNES,1,RIEGO,20.0,20.0,0.0,398.4,19.92,2473.7,985522.08
2013,25,SINALOA,137,LA CRUZ,3,COYOTITAN,16,SAN IGNACIO,19700,MAIZ GRANO,200,BLANCO,500,Tonelada,1,OTOÑO-INVIERNO,1,RIEGO,1600.5,1584.5,16.0,16202.4,10.226,3200.0,51847680.0
2013,25,SINALOA,137,LA CRUZ,3,COYOTITAN,16,SAN IGNACIO,19700,MAIZ GRANO,200,BLANCO,500,Tonelada,1,OTOÑO-INVIERNO,2,TEMPORAL,31.0,31.0,0.0,139.5,4.5,3200.0,446400.0
2013,25,SINALOA,137,LA CRUZ,3,COYOTITAN,16,SAN IGNACIO,19700,MAIZ GRANO,200,BLANCO,500,Tonelada,2,PRIMAVERA-VERANO,2,TEMPORAL,4638.77,4448.77,190.0,7116.8,1.6,2781.0,19791820.8
2013,25,SINALOA,137,LA CRUZ,3,COYOTITAN,16,SAN IGNACIO,20400,MANGO,500,KENT,500,Tonelada,3,PERENNES,1,RIEGO,30.0,30.0,0.0,290.0,9.667,1789.16,518856.4
2013,25,SINALOA,137,LA CRUZ,3,COYOTITAN,16,SAN IGNACIO,20400,MANGO,500,KENT,500,Tonelada,3,PERENNES,2,TEMPORAL,57.0,57.0,0.0,511.0,8.965,2314.58,1182750.38
2013,25,SINALOA,137,LA CRUZ,3,COYOTITAN,16,SAN IGNACIO,22400,NARANJA,400,VALENCIA,500,Tonelada,3,PERENNES,1,RIEGO,35.0,35.0,0.0,254.0,7.257,1929.13,489999.02
2013,25,SINALOA,137,LA CRUZ,3,COYOTITAN,16,SAN IGNACIO,29300,SORGO FORRAJERO EN VERDE,0,,500,Tonelada,1,OTOÑO-INVIERNO,1,RIEGO,290.0,290.0,0.0,2309.56,7.964,691.46,1596968.36
2013,25,SINALOA,137,LA CRUZ,3,COYOTITAN,16,SAN IGNACIO,29300,SORGO FORRAJERO EN VERDE,0,,500,Tonelada,1,OTOÑO-INVIERNO,2,TEMPORAL,20.0,20.0,0.0,64.0,3.2,680.0,43520.0
2013,25,SINALOA,137,LA CRUZ,3,COYOTITAN,16,SAN IGNACIO,29300,SORGO FORRAJERO EN VERDE,0,,500,Tonelada,2,PRIMAVERA-VERANO,2,TEMPORAL,2300.0,2300.0,0.0,11350.0,4.935,505.16,5733566.0
2013,25,SINALOA,137,LA CRUZ,3,COYOTITAN,16,SAN IGNACIO,29500,SORGO GRANO,0,,500,Tonelada,1,OTOÑO-INVIERNO,1,RIEGO,365.5,349.5,16.0,2607.27,7.46,3121.3,8138071.85
2013,25,SINALOA,137,LA CRUZ,3,COYOTITAN,16,SAN IGNACIO,29500,SORGO GRANO,0,,500,Tonelada,1,OTOÑO-INVIERNO,2,TEMPORAL,25.0,25.0,0.0,57.5,2.3,3000.0,172500.0
2013,25,SINALOA,137,LA CRUZ,3,COYOTITAN,16,SAN IGNACIO,29500,SORGO GRANO,0,,500,Tonelada,2,PRIMAVERA-VERANO,2,TEMPORAL,4630.48,3910.48,720.0,7855.0,2.009,2835.25,22270888.75
2013,25,SINALOA,137,LA CRUZ,3,COYOTITAN,16,SAN IGNACIO,30800,TOMATE ROJO (JITOMATE),800,SALADETTE,500,Tonelada,1,OTOÑO-INVIERNO,1,RIEGO,160.5,160.5,0.0,13080.75,81.5,6000.0,78484500.0
2013,25,SINALOA,137,LA CRUZ,3,COYOTITAN,16,SAN IGNACIO,31000,TOMATE VERDE,0,,500,Tonelada,1,OTOÑO-INVIERNO,1,RIEGO,42.0,42.0,0.0,1344.0,32.0,9229.69,12404703.36
2013,25,SINALOA,137,LA CRUZ,3,COYOTITAN,16,SAN IGNACIO,32800,ZACATE,400,BUFFEL,500,Tonelada,3,PERENNES,1,RIEGO,70.0,70.0,0.0,770.0,11.0,504.55,388503.5
2013,25,SINALOA,137,LA CRUZ,3,COYOTITAN,16,SAN IGNACIO,32800,ZACATE,400,BUFFEL,500,Tonelada,3,PERENNES,2,TEMPORAL,3582.0,3582.0,0.0,16835.4,4.7,450.0,7575930.0
2013,25,SINALOA,138,MAZATLAN,1,MAZATLAN,12,MAZATLAN,500,AGAVE,200,TEQUILERO,500,Tonelada,3,PERENNES,1,RIEGO,120.0,0.0,120.0,0.0,0.0,0.0,0.0
2013,25,SINALOA,138,MAZATLAN,1,MAZATLAN,12,MAZATLAN,500,AGAVE,200,TEQUILERO,500,Tonelada,3,PERENNES,2,TEMPORAL,28.0,0.0,28.0,0.0,0.0,0.0,0.0
2013,25,SINALOA,138,MAZATLAN,1,MAZATLAN,12,MAZATLAN,5800,CALABACITA,0,,500,Tonelada,2,PRIMAVERA-VERANO,2,TEMPORAL,2.0,2.0,0.0,5.4,2.7,1500.0,8100.0
2013,25,SINALOA,138,MAZATLAN,1,MAZATLAN,12,MAZATLAN,5800,CALABACITA,200,ITALIANA (Zucchini),500,Tonelada,1,OTOÑO-INVIERNO,1,RIEGO,11.5,11.5,0.0,70.0,6.087,4000.0,280000.0
2013,25,SINALOA,138,MAZATLAN,1,MAZATLAN,12,MAZATLAN,5800,CALABACITA,200,ITALIANA (Zucchini),500,Tonelada,2,PRIMAVERA-VERANO,1,RIEGO,6.5,6.5,0.0,39.5,6.077,3200.0,126400.0
2013,25,SINALOA,138,MAZATLAN,1,MAZATLAN,12,MAZATLAN,7600,CEBOLLIN,0,,500,Tonelada,1,OTOÑO-INVIERNO,1,RIEGO,6.0,6.0,0.0,30.2,5.033,3550.0,107210.0
2013,25,SINALOA,138,MAZATLAN,1,MAZATLAN,12,MAZATLAN,8300,CIRUELA,200,DEL PAIS,500,Tonelada,3,PERENNES,2,TEMPORAL,35.0,35.0,0.0,17.85,0.51,9500.0,169575.0
2013,25,SINALOA,138,MAZATLAN,1,MAZATLAN,12,MAZATLAN,8800,COCO FRUTA,0,,500,Tonelada,3,PERENNES,2,TEMPORAL,900.0,800.0,100.0,11997.0,14.996,1500.0,17995500.0
2013,25,SINALOA,138,MAZATLAN,1,MAZATLAN,12,MAZATLAN,11400,CHILE VERDE,200,JALAPEÑO,500,Tonelada,1,OTOÑO-INVIERNO,1,RIEGO,66.0,66.0,0.0,2706.0,41.0,3800.0,10282800.0
2013,25,SINALOA,138,MAZATLAN,1,MAZATLAN,12,MAZATLAN,11400,CHILE VERDE,800,POBLANO,500,Tonelada,1,OTOÑO-INVIERNO,1,RIEGO,429.5,429.5,0.0,9878.5,23.0,5850.0,57789225.0
2013,25,SINALOA,138,MAZATLAN,1,MAZATLAN,12,MAZATLAN,11400,CHILE VERDE,900,SERRANO,500,Tonelada,1,OTOÑO-INVIERNO,1,RIEGO,9.5,9.5,0.0,380.85,40.089,4300.0,1637655.0
2013,25,SINALOA,138,MAZATLAN,1,MAZATLAN,12,MAZATLAN,11400,CHILE VERDE,1300,ANAHEIM,500,Tonelada,1,OTOÑO-INVIERNO,1,RIEGO,8.0,8.0,0.0,176.0,22.0,6000.0,1056000.0
2013,25,SINALOA,138,MAZATLAN,1,MAZATLAN,12,MAZATLAN,11400,CHILE VERDE,1400,CALORO,500,Tonelada,1,OTOÑO-INVIERNO,1,RIEGO,3.5,3.5,0.0,80.5,23.0,3850.0,309925.0
2013,25,SINALOA,138,MAZATLAN,1,MAZATLAN,12,MAZATLAN,11400,CHILE VERDE,1700,CHILACA,500,Tonelada,1,OTOÑO-INVIERNO,1,RIEGO,1.5,1.5,0.0,31.5,21.0,6000.0,189000.0
2013,25,SINALOA,138,MAZATLAN,1,MAZATLAN,12,MAZATLAN,12700,ELOTE,0,,500,Tonelada,1,OTOÑO-INVIERNO,1,RIEGO,558.0,558.0,0.0,7254.0,13.0,1800.0,13057200.0
2013,25,SINALOA,138,MAZATLAN,1,MAZATLAN,12,MAZATLAN,12700,ELOTE,0,,500,Tonelada,2,PRIMAVERA-VERANO,1,RIEGO,266.0,266.0,0.0,3192.0,12.0,1300.0,4149600.0
2013,25,SINALOA,138,MAZATLAN,1,MAZATLAN,12,MAZATLAN,14200,FRIJOL,500,MAYOCOBA,500,Tonelada,1,OTOÑO-INVIERNO,1,RIEGO,737.0,737.0,0.0,899.14,1.22,14600.0,13127444.0
2013,25,SINALOA,138,MAZATLAN,1,MAZATLAN,12,MAZATLAN,14200,FRIJOL,500,MAYOCOBA,500,Tonelada,1,OTOÑO-INVIERNO,2,TEMPORAL,149.0,149.0,0.0,111.45,0.748,20000.0,2229000.0
2013,25,SINALOA,138,MAZATLAN,1,MAZATLAN,12,MAZATLAN,16930,HORTALIZAS,0,,500,Tonelada,2,PRIMAVERA-VERANO,1,RIEGO,16.0,16.0,0.0,112.0,7.0,3700.0,414400.0
2013,25,SINALOA,138,MAZATLAN,1,MAZATLAN,12,MAZATLAN,18500,LECHUGA,800,ESCAROLA,500,Tonelada,1,OTOÑO-INVIERNO,1,RIEGO,4.0,4.0,0.0,29.0,7.25,3200.0,92800.0
2013,25,SINALOA,138,MAZATLAN,1,MAZATLAN,12,MAZATLAN,19000,LIMON,100,AGRIO (MEXICANO),500,Tonelada,3,PERENNES,1,RIEGO,61.0,61.0,0.0,439.2,7.2,3000.0,1317600.0
2013,25,SINALOA,138,MAZATLAN,1,MAZATLAN,12,MAZATLAN,19000,LIMON,100,AGRIO (MEXICANO),500,Tonelada,3,PERENNES,2,TEMPORAL,13.0,13.0,0.0,55.9,4.3,3000.0,167700.0
2013,25,SINALOA,138,MAZATLAN,1,MAZATLAN,12,MAZATLAN,19700,MAIZ GRANO,200,BLANCO,500,Tonelada,1,OTOÑO-INVIERNO,1,RIEGO,2503.96,2503.96,0.0,21158.46,8.45,3200.0,67707072.0
2013,25,SINALOA,138,MAZATLAN,1,MAZATLAN,12,MAZATLAN,19700,MAIZ GRANO,200,BLANCO,500,Tonelada,1,OTOÑO-INVIERNO,2,TEMPORAL,67.0,67.0,0.0,75.0,1.119,2650.0,198750.0
2013,25,SINALOA,138,MAZATLAN,1,MAZATLAN,12,MAZATLAN,19700,MAIZ GRANO,200,BLANCO,500,Tonelada,2,PRIMAVERA-VERANO,2,TEMPORAL,165.0,165.0,0.0,138.6,0.84,2375.3,329216.58
2013,25,SINALOA,138,MAZATLAN,1,MAZATLAN,12,MAZATLAN,20400,MANGO,100,ATAULFO,500,Tonelada,3,PERENNES,1,RIEGO,57.3,57.3,0.0,638.68,11.146,1319.88,842980.96
2013,25,SINALOA,138,MAZATLAN,1,MAZATLAN,12,MAZATLAN,20400,MANGO,100,ATAULFO,500,Tonelada,3,PERENNES,2,TEMPORAL,20.0,20.0,0.0,161.8,8.09,1314.22,212640.8
2013,25,SINALOA,138,MAZATLAN,1,MAZATLAN,12,MAZATLAN,20400,MANGO,300,HADEN,500,Tonelada,3,PERENNES,1,RIEGO,9.0,9.0,0.0,125.85,13.983,1420.56,178777.48
2013,25,SINALOA,138,MAZATLAN,1,MAZATLAN,12,MAZATLAN,20400,MANGO,300,HADEN,500,Tonelada,3,PERENNES,2,TEMPORAL,20.29,20.29,0.0,185.65,9.15,1400.0,259910.0
2013,25,SINALOA,138,MAZATLAN,1,MAZATLAN,12,MAZATLAN,20400,MANGO,400,KEITT,500,Tonelada,3,PERENNES,1,RIEGO,60.0,60.0,0.0,891.8,14.863,1402.16,1250446.29
2013,25,SINALOA,138,MAZATLAN,1,MAZATLAN,12,MAZATLAN,20400,MANGO,400,KEITT,500,Tonelada,3,PERENNES,2,TEMPORAL,15.57,15.57,0.0,159.8,10.263,1400.0,223720.0
2013,25,SINALOA,138,MAZATLAN,1,MAZATLAN,12,MAZATLAN,20400,MANGO,500,KENT,500,Tonelada,3,PERENNES,1,RIEGO,459.0,459.0,0.0,6876.6,14.982,1668.77,11475463.78
2013,25,SINALOA,138,MAZATLAN,1,MAZATLAN,12,MAZATLAN,20400,MANGO,500,KENT,500,Tonelada,3,PERENNES,2,TEMPORAL,128.51,128.51,0.0,1316.8,10.247,1786.95,2353055.76
2013,25,SINALOA,138,MAZATLAN,1,MAZATLAN,12,MAZATLAN,20400,MANGO,600,MANILA,500,Tonelada,3,PERENNES,1,RIEGO,122.15,122.15,0.0,1358.62,11.123,1327.94,1804165.84
2013,25,SINALOA,138,MAZATLAN,1,MAZATLAN,12,MAZATLAN,20400,MANGO,600,MANILA,500,Tonelada,3,PERENNES,2,TEMPORAL,57.0,57.0,0.0,458.8,8.049,1335.45,612704.46
2013,25,SINALOA,138,MAZATLAN,1,MAZATLAN,12,MAZATLAN,20400,MANGO,800,TOMMY ATKINS,500,Tonelada,3,PERENNES,1,RIEGO,137.0,137.0,0.0,1711.85,12.495,1375.87,2355283.06
2013,25,SINALOA,138,MAZATLAN,1,MAZATLAN,12,MAZATLAN,20400,MANGO,800,TOMMY ATKINS,500,Tonelada,3,PERENNES,2,TEMPORAL,19.3,19.3,0.0,182.38,9.45,1356.87,247465.95
2013,25,SINALOA,138,MAZATLAN,1,MAZATLAN,12,MAZATLAN,22200,NANCHE,0,,500,Tonelada,3,PERENNES,2,TEMPORAL,18.0,18.0,0.0,194.4,10.8,2500.0,486000.0
2013,25,SINALOA,138,MAZATLAN,1,MAZATLAN,12,MAZATLAN,22400,NARANJA,400,VALENCIA,500,Tonelada,3,PERENNES,1,RIEGO,10.0,10.0,0.0,180.0,18.0,4500.0,810000.0
2013,25,SINALOA,138,MAZATLAN,1,MAZATLAN,12,MAZATLAN,23000,NOPALITOS,0,,500,Tonelada,3,PERENNES,2,TEMPORAL,1.0,1.0,0.0,11.8,11.8,4500.0,53100.0
2013,25,SINALOA,138,MAZATLAN,1,MAZATLAN,12,MAZATLAN,24700,PAPAYA,300,MARADOL,500,Tonelada,3,PERENNES,1,RIEGO,120.0,120.0,0.0,7884.0,65.7,3800.0,29959200.0
2013,25,SINALOA,138,MAZATLAN,1,MAZATLAN,12,MAZATLAN,24800,PASTOS Y PRADERAS EN VERDE,0,,500,Tonelada,3,PERENNES,1,RIEGO,68.0,68.0,0.0,612.0,9.0,520.0,318240.0
2013,25,SINALOA,138,MAZATLAN,1,MAZATLAN,12,MAZATLAN,24800,PASTOS Y PRADERAS EN VERDE,0,,500,Tonelada,3,PERENNES,2,TEMPORAL,4600.0,4600.0,0.0,32200.0,7.0,530.0,17066000.0
2013,25,SINALOA,138,MAZATLAN,1,MAZATLAN,12,MAZATLAN,24900,PEPINO,0,,500,Tonelada,1,OTOÑO-INVIERNO,1,RIEGO,6.0,6.0,0.0,126.0,21.0,5500.0,693000.0
2013,25,SINALOA,138,MAZATLAN,1,MAZATLAN,12,MAZATLAN,28700,SANDIA,200,CHARLESTON (GRAY),500,Tonelada,1,OTOÑO-INVIERNO,1,RIEGO,23.0,23.0,0.0,185.0,8.043,1250.0,231250.0
2013,25,SINALOA,138,MAZATLAN,1,MAZATLAN,12,MAZATLAN,29300,SORGO FORRAJERO EN VERDE,0,,500,Tonelada,1,OTOÑO-INVIERNO,1,RIEGO,385.0,385.0,0.0,5390.0,14.0,650.0,3503500.0
2013,25,SINALOA,138,MAZATLAN,1,MAZATLAN,12,MAZATLAN,29300,SORGO FORRAJERO EN VERDE,0,,500,Tonelada,1,OTOÑO-INVIERNO,2,TEMPORAL,1262.0,1262.0,0.0,11358.0,9.0,350.0,3975300.0
2013,25,SINALOA,138,MAZATLAN,1,MAZATLAN,12,MAZATLAN,29300,SORGO FORRAJERO EN VERDE,0,,500,Tonelada,2,PRIMAVERA-VERANO,2,TEMPORAL,10137.0,10137.0,0.0,78054.0,7.7,650.0,50735100.0
2013,25,SINALOA,138,MAZATLAN,1,MAZATLAN,12,MAZATLAN,29400,SORGO ESCOBERO,100,VERDE,500,Tonelada,2,PRIMAVERA-VERANO,1,RIEGO,22.0,22.0,0.0,66.0,3.0,7000.0,462000.0
2013,25,SINALOA,138,MAZATLAN,1,MAZATLAN,12,MAZATLAN,29500,SORGO GRANO,0,,500,Tonelada,1,OTOÑO-INVIERNO,1,RIEGO,1030.0,1030.0,0.0,3492.35,3.391,3100.0,10826285.0
2013,25,SINALOA,138,MAZATLAN,1,MAZATLAN,12,MAZATLAN,29500,SORGO GRANO,0,,500,Tonelada,1,OTOÑO-INVIERNO,2,TEMPORAL,249.0,249.0,0.0,115.04,0.462,3000.0,345120.0
2013,25,SINALOA,138,MAZATLAN,1,MAZATLAN,12,MAZATLAN,29500,SORGO GRANO,0,,500,Tonelada,2,PRIMAVERA-VERANO,1,RIEGO,935.5,935.5,0.0,3910.49,4.18,3200.0,12513568.0
2013,25,SINALOA,138,MAZATLAN,1,MAZATLAN,12,MAZATLAN,29500,SORGO GRANO,0,,500,Tonelada,2,PRIMAVERA-VERANO,2,TEMPORAL,20.0,20.0,0.0,20.0,1.0,3200.0,64000.0
2013,25,SINALOA,138,MAZATLAN,1,MAZATLAN,12,MAZATLAN,30100,TAMARINDO,0,,500,Tonelada,3,PERENNES,2,TEMPORAL,5.0,5.0,0.0,12.5,2.5,3000.0,37500.0
2013,25,SINALOA,138,MAZATLAN,1,MAZATLAN,12,MAZATLAN,30800,TOMATE ROJO (JITOMATE),800,SALADETTE,500,Tonelada,1,OTOÑO-INVIERNO,1,RIEGO,274.15,274.15,0.0,10417.7,38.0,4650.0,48442305.0
2013,25,SINALOA,138,MAZATLAN,1,MAZATLAN,12,MAZATLAN,31000,TOMATE VERDE,0,,500,Tonelada,1,OTOÑO-INVIERNO,1,RIEGO,94.5,94.5,0.0,861.84,9.12,1750.0,1508220.0
2013,25,SINALOA,138,MAZATLAN,2,CONCORDIA,4,CONCORDIA,500,AGAVE,200,TEQUILERO,500,Tonelada,3,PERENNES,2,TEMPORAL,23.0,8.0,15.0,144.0,18.0,3500.0,504000.0
2013,25,SINALOA,138,MAZATLAN,2,CONCORDIA,4,CONCORDIA,600,AGUACATE,300,CRIOLLO,500,Tonelada,3,PERENNES,2,TEMPORAL,4.0,4.0,0.0,16.0,4.0,6000.0,96000.0
2013,25,SINALOA,138,MAZATLAN,2,CONCORDIA,4,CONCORDIA,5800,CALABACITA,0,,500,Tonelada,1,OTOÑO-INVIERNO,1,RIEGO,1.5,1.5,0.0,8.5,5.667,4000.0,34000.0
2013,25,SINALOA,138,MAZATLAN,2,CONCORDIA,4,CONCORDIA,5800,CALABACITA,0,,500,Tonelada,2,PRIMAVERA-VERANO,2,TEMPORAL,2.0,2.0,0.0,6.0,3.0,1500.0,9000.0
2013,25,SINALOA,138,MAZATLAN,2,CONCORDIA,4,CONCORDIA,8300,CIRUELA,200,DEL PAIS,500,Tonelada,3,PERENNES,2,TEMPORAL,1172.0,1172.0,0.0,621.16,0.53,9500.0,5901020.0
2013,25,SINALOA,138,MAZATLAN,2,CONCORDIA,4,CONCORDIA,11400,CHILE VERDE,200,JALAPEÑO,500,Tonelada,1,OTOÑO-INVIERNO,1,RIEGO,128.0,128.0,0.0,3584.0,28.0,4996.0,17905664.0
2013,25,SINALOA,138,MAZATLAN,2,CONCORDIA,4,CONCORDIA,11400,CHILE VERDE,900,SERRANO,500,Tonelada,1,OTOÑO-INVIERNO,1,RIEGO,9.0,9.0,0.0,252.0,28.0,4600.0,1159200.0
2013,25,SINALOA,138,MAZATLAN,2,CONCORDIA,4,CONCORDIA,11400,CHILE VERDE,1400,CALORO,500,Tonelada,1,OTOÑO-INVIERNO,1,RIEGO,4.0,4.0,0.0,80.0,20.0,3500.0,280000.0
2013,25,SINALOA,138,MAZATLAN,2,CONCORDIA,4,CONCORDIA,12400,DURAZNO,100,CRIOLLO,500,Tonelada,3,PERENNES,2,TEMPORAL,33.0,33.0,0.0,66.0,2.0,10000.0,660000.0
2013,25,SINALOA,138,MAZATLAN,2,CONCORDIA,4,CONCORDIA,12600,EJOTE,0,,500,Tonelada,1,OTOÑO-INVIERNO,1,RIEGO,7.0,7.0,0.0,21.0,3.0,5000.0,105000.0
2013,25,SINALOA,138,MAZATLAN,2,CONCORDIA,4,CONCORDIA,14200,FRIJOL,500,MAYOCOBA,500,Tonelada,1,OTOÑO-INVIERNO,1,RIEGO,65.0,65.0,0.0,76.7,1.18,14000.0,1073800.0
2013,25,SINALOA,138,MAZATLAN,2,CONCORDIA,4,CONCORDIA,14200,FRIJOL,500,MAYOCOBA,500,Tonelada,1,OTOÑO-INVIERNO,2,TEMPORAL,11.8,11.8,0.0,7.85,0.665,20000.0,157000.0
2013,25,SINALOA,138,MAZATLAN,2,CONCORDIA,4,CONCORDIA,19000,LIMON,100,AGRIO (MEXICANO),500,Tonelada,3,PERENNES,2,TEMPORAL,6.0,6.0,0.0,48.0,8.0,3000.0,144000.0
2013,25,SINALOA,138,MAZATLAN,2,CONCORDIA,4,CONCORDIA,19700,MAIZ GRANO,200,BLANCO,500,Tonelada,1,OTOÑO-INVIERNO,1,RIEGO,275.5,275.5,0.0,1928.0,6.998,3500.0,6748000.0
2013,25,SINALOA,138,MAZATLAN,2,CONCORDIA,4,CONCORDIA,19700,MAIZ GRANO,200,BLANCO,500,Tonelada,2,PRIMAVERA-VERANO,2,TEMPORAL,4682.5,4682.5,0.0,3746.0,0.8,2177.63,8157401.98
2013,25,SINALOA,138,MAZATLAN,2,CONCORDIA,4,CONCORDIA,19800,MAIZ FORRAJERO EN VERDE,0,,500,Tonelada,1,OTOÑO-INVIERNO,2,TEMPORAL,169.55,169.55,0.0,1831.14,10.8,550.0,1007127.0
2013,25,SINALOA,138,MAZATLAN,2,CONCORDIA,4,CONCORDIA,20400,MANGO,100,ATAULFO,500,Tonelada,3,PERENNES,1,RIEGO,21.9,21.9,0.0,252.6,11.534,1317.14,332709.56
2013,25,SINALOA,138,MAZATLAN,2,CONCORDIA,4,CONCORDIA,20400,MANGO,100,ATAULFO,500,Tonelada,3,PERENNES,2,TEMPORAL,16.9,16.9,0.0,136.85,8.098,1318.27,180405.25
2013,25,SINALOA,138,MAZATLAN,2,CONCORDIA,4,CONCORDIA,20400,MANGO,300,HADEN,500,Tonelada,3,PERENNES,1,RIEGO,10.65,10.65,0.0,129.6,12.169,1400.0,181440.0
2013,25,SINALOA,138,MAZATLAN,2,CONCORDIA,4,CONCORDIA,20400,MANGO,300,HADEN,500,Tonelada,3,PERENNES,2,TEMPORAL,42.35,42.35,0.0,383.85,9.064,1400.0,537390.0
2013,25,SINALOA,138,MAZATLAN,2,CONCORDIA,4,CONCORDIA,20400,MANGO,400,KEITT,500,Tonelada,3,PERENNES,1,RIEGO,193.0,193.0,0.0,2735.6,14.174,1411.66,3861737.1
2013,25,SINALOA,138,MAZATLAN,2,CONCORDIA,4,CONCORDIA,20400,MANGO,400,KEITT,500,Tonelada,3,PERENNES,2,TEMPORAL,136.0,136.0,0.0,1398.6,10.284,1408.32,1969676.35
2013,25,SINALOA,138,MAZATLAN,2,CONCORDIA,4,CONCORDIA,20400,MANGO,500,KENT,500,Tonelada,3,PERENNES,1,RIEGO,313.0,313.0,0.0,4472.5,14.289,1628.32,7282661.2
2013,25,SINALOA,138,MAZATLAN,2,CONCORDIA,4,CONCORDIA,20400,MANGO,500,KENT,500,Tonelada,3,PERENNES,2,TEMPORAL,164.5,164.5,0.0,1685.7,10.247,1628.06,2744420.74
2013,25,SINALOA,138,MAZATLAN,2,CONCORDIA,4,CONCORDIA,20400,MANGO,600,MANILA,500,Tonelada,3,PERENNES,1,RIEGO,47.0,47.0,0.0,546.8,11.634,1311.89,717341.45
2013,25,SINALOA,138,MAZATLAN,2,CONCORDIA,4,CONCORDIA,20400,MANGO,600,MANILA,500,Tonelada,3,PERENNES,2,TEMPORAL,189.0,189.0,0.0,1528.6,8.088,1306.99,1997864.91
2013,25,SINALOA,138,MAZATLAN,2,CONCORDIA,4,CONCORDIA,20400,MANGO,800,TOMMY ATKINS,500,Tonelada,3,PERENNES,1,RIEGO,16.0,16.0,0.0,203.85,12.741,1400.0,285390.0
2013,25,SINALOA,138,MAZATLAN,2,CONCORDIA,4,CONCORDIA,20400,MANGO,800,TOMMY ATKINS,500,Tonelada,3,PERENNES,2,TEMPORAL,75.5,75.5,0.0,681.65,9.028,1400.0,954310.0
2013,25,SINALOA,138,MAZATLAN,2,CONCORDIA,4,CONCORDIA,23000,NOPALITOS,0,,500,Tonelada,3,PERENNES,1,RIEGO,1.0,1.0,0.0,11.8,11.8,3500.0,41300.0
2013,25,SINALOA,138,MAZATLAN,2,CONCORDIA,4,CONCORDIA,24800,PASTOS Y PRADERAS EN VERDE,0,,500,Tonelada,3,PERENNES,2,TEMPORAL,2836.5,2836.5,0.0,19855.5,7.0,580.0,11516190.0
2013,25,SINALOA,138,MAZATLAN,2,CONCORDIA,4,CONCORDIA,24900,PEPINO,200,CHINO,500,Tonelada,2,PRIMAVERA-VERANO,2,TEMPORAL,6.0,6.0,0.0,38.0,6.333,2820.0,107160.0
2013,25,SINALOA,138,MAZATLAN,2,CONCORDIA,4,CONCORDIA,28700,SANDIA,200,CHARLESTON (GRAY),500,Tonelada,1,OTOÑO-INVIERNO,1,RIEGO,2.0,2.0,0.0,20.0,10.0,1200.0,24000.0
2013,25,SINALOA,138,MAZATLAN,2,CONCORDIA,4,CONCORDIA,28700,SANDIA,200,CHARLESTON (GRAY),500,Tonelada,2,PRIMAVERA-VERANO,2,TEMPORAL,5.0,5.0,0.0,60.0,12.0,2400.0,144000.0
2013,25,SINALOA,138,MAZATLAN,2,CONCORDIA,4,CONCORDIA,29300,SORGO FORRAJERO EN VERDE,0,,500,Tonelada,1,OTOÑO-INVIERNO,2,TEMPORAL,525.65,525.65,0.0,4730.85,9.0,650.0,3075052.5
2013,25,SINALOA,138,MAZATLAN,2,CONCORDIA,4,CONCORDIA,29300,SORGO FORRAJERO EN VERDE,0,,500,Tonelada,2,PRIMAVERA-VERANO,2,TEMPORAL,5473.5,5473.5,0.0,41051.0,7.5,539.19,22134288.69
2013,25,SINALOA,138,MAZATLAN,2,CONCORDIA,4,CONCORDIA,29500,SORGO GRANO,0,,500,Tonelada,1,OTOÑO-INVIERNO,2,TEMPORAL,100.0,100.0,0.0,50.0,0.5,3100.0,155000.0
2013,25,SINALOA,138,MAZATLAN,2,CONCORDIA,4,CONCORDIA,30800,TOMATE ROJO (JITOMATE),800,SALADETTE,500,Tonelada,1,OTOÑO-INVIERNO,1,RIEGO,90.0,90.0,0.0,3420.0,38.0,4480.0,15321600.0
2013,25,SINALOA,138,MAZATLAN,2,CONCORDIA,4,CONCORDIA,31000,TOMATE VERDE,0,,500,Tonelada,1,OTOÑO-INVIERNO,1,RIEGO,17.0,17.0,0.0,271.0,15.941,2350.0,636850.0
2013,25,SINALOA,138,MAZATLAN,2,CONCORDIA,4,CONCORDIA,36900,BAMBU,0,,500,Tonelada,3,PERENNES,1,RIEGO,100.0,0.0,100.0,0.0,0.0,0.0,0.0
2013,25,SINALOA,138,MAZATLAN,3,EL ROSARIO,14,ROSARIO,500,AGAVE,200,TEQUILERO,500,Tonelada,3,PERENNES,2,TEMPORAL,1120.0,0.0,1120.0,0.0,0.0,0.0,0.0
2013,25,SINALOA,138,MAZATLAN,3,EL ROSARIO,14,ROSARIO,5300,CACAHUATE,0,,500,Tonelada,2,PRIMAVERA-VERANO,1,RIEGO,35.0,0.0,35.0,0.0,0.0,0.0,0.0
2013,25,SINALOA,138,MAZATLAN,3,EL ROSARIO,14,ROSARIO,5300,CACAHUATE,0,,500,Tonelada,2,PRIMAVERA-VERANO,2,TEMPORAL,35.0,35.0,0.0,47.25,1.35,10000.0,472500.0
2013,25,SINALOA,138,MAZATLAN,3,EL ROSARIO,14,ROSARIO,5800,CALABACITA,200,ITALIANA (Zucchini),500,Tonelada,2,PRIMAVERA-VERANO,1,RIEGO,48.0,0.0,48.0,0.0,0.0,0.0,0.0
2013,25,SINALOA,138,MAZATLAN,3,EL ROSARIO,14,ROSARIO,5800,CALABACITA,200,ITALIANA (Zucchini),500,Tonelada,2,PRIMAVERA-VERANO,2,TEMPORAL,48.0,48.0,0.0,168.0,3.5,2500.0,420000.0
2013,25,SINALOA,138,MAZATLAN,3,EL ROSARIO,14,ROSARIO,8300,CIRUELA,200,DEL PAIS,500,Tonelada,3,PERENNES,2,TEMPORAL,383.0,383.0,0.0,306.4,0.8,8000.0,2451200.0
2013,25,SINALOA,138,MAZATLAN,3,EL ROSARIO,14,ROSARIO,8800,COCO FRUTA,0,,500,Tonelada,3,PERENNES,2,TEMPORAL,730.0,730.0,0.0,1460.0,2.0,2000.0,2920000.0
2013,25,SINALOA,138,MAZATLAN,3,EL ROSARIO,14,ROSARIO,11400,CHILE VERDE,200,JALAPEÑO,500,Tonelada,1,OTOÑO-INVIERNO,1,RIEGO,237.77,237.77,0.0,4755.4,20.0,2800.0,13315120.0
2013,25,SINALOA,138,MAZATLAN,3,EL ROSARIO,14,ROSARIO,11400,CHILE VERDE,800,POBLANO,500,Tonelada,1,OTOÑO-INVIERNO,1,RIEGO,746.01,746.01,0.0,17158.23,23.0,3000.0,51474690.0
2013,25,SINALOA,138,MAZATLAN,3,EL ROSARIO,14,ROSARIO,11400,CHILE VERDE,900,SERRANO,500,Tonelada,1,OTOÑO-INVIERNO,1,RIEGO,222.91,222.91,0.0,5349.84,24.0,3200.0,17119488.0
2013,25,SINALOA,138,MAZATLAN,3,EL ROSARIO,14,ROSARIO,11400,CHILE VERDE,1300,ANAHEIM,500,Tonelada,1,OTOÑO-INVIERNO,1,RIEGO,96.1,96.1,0.0,1922.0,20.0,2500.0,4805000.0
2013,25,SINALOA,138,MAZATLAN,3,EL ROSARIO,14,ROSARIO,11400,CHILE VERDE,1400,CALORO,500,Tonelada,1,OTOÑO-INVIERNO,1,RIEGO,84.21,84.21,0.0,1768.41,21.0,3000.0,5305230.0
2013,25,SINALOA,138,MAZATLAN,3,EL ROSARIO,14,ROSARIO,14200,FRIJOL,500,MAYOCOBA,500,Tonelada,1,OTOÑO-INVIERNO,1,RIEGO,26.0,26.0,0.0,31.46,1.21,15000.0,471900.0
2013,25,SINALOA,138,MAZATLAN,3,EL ROSARIO,14,ROSARIO,14200,FRIJOL,500,MAYOCOBA,500,Tonelada,1,OTOÑO-INVIERNO,2,TEMPORAL,4.0,4.0,0.0,3.12,0.78,20000.0,62400.0
2013,25,SINALOA,138,MAZATLAN,3,EL ROSARIO,14,ROSARIO,17300,JACA (JACKFRUIT),0,,500,Tonelada,3,PERENNES,2,TEMPORAL,11.0,11.0,0.0,165.0,15.0,6500.0,1072500.0
2013,25,SINALOA,138,MAZATLAN,3,EL ROSARIO,14,ROSARIO,19000,LIMON,100,AGRIO (MEXICANO),500,Tonelada,3,PERENNES,1,RIEGO,29.0,29.0,0.0,87.0,3.0,5000.0,435000.0
2013,25,SINALOA,138,MAZATLAN,3,EL ROSARIO,14,ROSARIO,19000,LIMON,100,AGRIO (MEXICANO),500,Tonelada,3,PERENNES,2,TEMPORAL,43.0,43.0,0.0,129.0,3.0,3000.0,387000.0
2013,25,SINALOA,138,MAZATLAN,3,EL ROSARIO,14,ROSARIO,19700,MAIZ GRANO,200,BLANCO,500,Tonelada,1,OTOÑO-INVIERNO,1,RIEGO,139.2,139.2,0.0,887.4,6.375,3200.0,2839680.0
2013,25,SINALOA,138,MAZATLAN,3,EL ROSARIO,14,ROSARIO,19700,MAIZ GRANO,200,BLANCO,500,Tonelada,1,OTOÑO-INVIERNO,2,TEMPORAL,4.0,4.0,0.0,6.0,1.5,2937.67,17626.02
2013,25,SINALOA,138,MAZATLAN,3,EL ROSARIO,14,ROSARIO,19700,MAIZ GRANO,200,BLANCO,500,Tonelada,2,PRIMAVERA-VERANO,1,RIEGO,2860.0,0.0,2860.0,0.0,0.0,0.0,0.0
2013,25,SINALOA,138,MAZATLAN,3,EL ROSARIO,14,ROSARIO,19700,MAIZ GRANO,200,BLANCO,500,Tonelada,2,PRIMAVERA-VERANO,2,TEMPORAL,2860.0,2860.0,0.0,2002.0,0.7,2000.0,4004000.0
2013,25,SINALOA,138,MAZATLAN,3,EL ROSARIO,14,ROSARIO,20400,MANGO,100,ATAULFO,500,Tonelada,3,PERENNES,1,RIEGO,671.8,671.8,0.0,4342.66,6.464,1589.33,6901919.82
2013,25,SINALOA,138,MAZATLAN,3,EL ROSARIO,14,ROSARIO,20400,MANGO,100,ATAULFO,500,Tonelada,3,PERENNES,2,TEMPORAL,194.2,194.2,0.0,1298.0,6.684,1537.52,1995700.96
2013,25,SINALOA,138,MAZATLAN,3,EL ROSARIO,14,ROSARIO,20400,MANGO,300,HADEN,500,Tonelada,3,PERENNES,1,RIEGO,85.0,85.0,0.0,247.0,2.906,1400.0,345800.0
2013,25,SINALOA,138,MAZATLAN,3,EL ROSARIO,14,ROSARIO,20400,MANGO,300,HADEN,500,Tonelada,3,PERENNES,2,TEMPORAL,210.25,210.25,0.0,1366.63,6.5,1422.35,1943826.18
2013,25,SINALOA,138,MAZATLAN,3,EL ROSARIO,14,ROSARIO,20400,MANGO,400,KEITT,500,Tonelada,3,PERENNES,1,RIEGO,998.98,998.98,0.0,5551.76,5.557,1364.45,7575098.93
2013,25,SINALOA,138,MAZATLAN,3,EL ROSARIO,14,ROSARIO,20400,MANGO,400,KEITT,500,Tonelada,3,PERENNES,2,TEMPORAL,1073.81,1073.81,0.0,6486.08,6.04,1328.91,8619416.57
2013,25,SINALOA,138,MAZATLAN,3,EL ROSARIO,14,ROSARIO,20400,MANGO,500,KENT,500,Tonelada,3,PERENNES,1,RIEGO,2906.05,2906.05,0.0,25040.79,8.617,1438.65,36024932.53
2013,25,SINALOA,138,MAZATLAN,3,EL ROSARIO,14,ROSARIO,20400,MANGO,500,KENT,500,Tonelada,3,PERENNES,2,TEMPORAL,2727.49,2727.49,0.0,21755.44,7.976,1379.76,30017285.89
2013,25,SINALOA,138,MAZATLAN,3,EL ROSARIO,14,ROSARIO,20400,MANGO,600,MANILA,500,Tonelada,3,PERENNES,1,RIEGO,424.9,424.9,0.0,863.0,2.031,1438.44,1241373.72
2013,25,SINALOA,138,MAZATLAN,3,EL ROSARIO,14,ROSARIO,20400,MANGO,600,MANILA,500,Tonelada,3,PERENNES,2,TEMPORAL,455.1,455.1,0.0,2958.15,6.5,1194.67,3534013.06
2013,25,SINALOA,138,MAZATLAN,3,EL ROSARIO,14,ROSARIO,20400,MANGO,800,TOMMY ATKINS,500,Tonelada,3,PERENNES,1,RIEGO,764.29,764.29,0.0,6145.3,8.041,1501.63,9227966.84
2013,25,SINALOA,138,MAZATLAN,3,EL ROSARIO,14,ROSARIO,20400,MANGO,800,TOMMY ATKINS,500,Tonelada,3,PERENNES,2,TEMPORAL,566.71,566.71,0.0,4313.6,7.612,1456.05,6280817.28
2013,25,SINALOA,138,MAZATLAN,3,EL ROSARIO,14,ROSARIO,23000,NOPALITOS,0,,500,Tonelada,3,PERENNES,1,RIEGO,3.0,3.0,0.0,60.0,20.0,4500.0,270000.0
2013,25,SINALOA,138,MAZATLAN,3,EL ROSARIO,14,ROSARIO,24700,PAPAYA,300,MARADOL,500,Tonelada,3,PERENNES,1,RIEGO,97.0,97.0,0.0,4850.0,50.0,4200.0,20370000.0
2013,25,SINALOA,138,MAZATLAN,3,EL ROSARIO,14,ROSARIO,24700,PAPAYA,300,MARADOL,500,Tonelada,3,PERENNES,2,TEMPORAL,120.0,120.0,0.0,2400.0,20.0,2850.0,6840000.0
2013,25,SINALOA,138,MAZATLAN,3,EL ROSARIO,14,ROSARIO,24800,PASTOS Y PRADERAS EN VERDE,0,,500,Tonelada,3,PERENNES,2,TEMPORAL,2100.0,2100.0,0.0,19950.0,9.5,450.0,8977500.0
2013,25,SINALOA,138,MAZATLAN,3,EL ROSARIO,14,ROSARIO,24900,PEPINO,0,,500,Tonelada,2,PRIMAVERA-VERANO,1,RIEGO,55.0,0.0,55.0,0.0,0.0,0.0,0.0
2013,25,SINALOA,138,MAZATLAN,3,EL ROSARIO,14,ROSARIO,24900,PEPINO,0,,500,Tonelada,2,PRIMAVERA-VERANO,2,TEMPORAL,55.0,0.0,55.0,0.0,0.0,0.0,0.0
2013,25,SINALOA,138,MAZATLAN,3,EL ROSARIO,14,ROSARIO,28700,SANDIA,200,CHARLESTON (GRAY),500,Tonelada,1,OTOÑO-INVIERNO,1,RIEGO,200.0,190.0,10.0,1520.0,8.0,1302.63,1979997.6
2013,25,SINALOA,138,MAZATLAN,3,EL ROSARIO,14,ROSARIO,29300,SORGO FORRAJERO EN VERDE,0,,500,Tonelada,2,PRIMAVERA-VERANO,1,RIEGO,4465.0,4465.0,0.0,43533.75,9.75,575.5,25053673.13
2013,25,SINALOA,138,MAZATLAN,3,EL ROSARIO,14,ROSARIO,29300,SORGO FORRAJERO EN VERDE,0,,500,Tonelada,2,PRIMAVERA-VERANO,2,TEMPORAL,4465.0,4465.0,0.0,31255.0,7.0,549.6,17177748.0
2013,25,SINALOA,138,MAZATLAN,3,EL ROSARIO,14,ROSARIO,30100,TAMARINDO,0,,500,Tonelada,3,PERENNES,2,TEMPORAL,10.0,10.0,0.0,18.0,1.8,5200.0,93600.0
2013,25,SINALOA,138,MAZATLAN,3,EL ROSARIO,14,ROSARIO,30800,TOMATE ROJO (JITOMATE),800,SALADETTE,500,Tonelada,1,OTOÑO-INVIERNO,1,RIEGO,113.0,113.0,0.0,3842.0,34.0,4491.12,17254883.04
2013,25,SINALOA,138,MAZATLAN,4,ESCUINAPA,9,ESCUINAPA,5300,CACAHUATE,0,,500,Tonelada,2,PRIMAVERA-VERANO,2,TEMPORAL,10.0,10.0,0.0,4.0,0.4,13000.0,52000.0
2013,25,SINALOA,138,MAZATLAN,4,ESCUINAPA,9,ESCUINAPA,5800,CALABACITA,0,,500,Tonelada,2,PRIMAVERA-VERANO,2,TEMPORAL,6.0,6.0,0.0,35.0,5.833,2500.0,87500.0
2013,25,SINALOA,138,MAZATLAN,4,ESCUINAPA,9,ESCUINAPA,8800,COCO FRUTA,0,,500,Tonelada,3,PERENNES,2,TEMPORAL,2607.0,2607.0,0.0,36498.0,14.0,2000.0,72996000.0
2013,25,SINALOA,138,MAZATLAN,4,ESCUINAPA,9,ESCUINAPA,11400,CHILE VERDE,0,,500,Tonelada,1,OTOÑO-INVIERNO,1,RIEGO,16.0,16.0,0.0,304.0,19.0,4264.14,1296298.56
2013,25,SINALOA,138,MAZATLAN,4,ESCUINAPA,9,ESCUINAPA,11400,CHILE VERDE,200,JALAPEÑO,500,Tonelada,1,OTOÑO-INVIERNO,1,RIEGO,928.0,928.0,0.0,18560.0,20.0,4962.92,92111795.2
2013,25,SINALOA,138,MAZATLAN,4,ESCUINAPA,9,ESCUINAPA,11400,CHILE VERDE,800,POBLANO,500,Tonelada,1,OTOÑO-INVIERNO,1,RIEGO,807.0,807.0,0.0,14526.0,18.0,6204.62,90128310.12
2013,25,SINALOA,138,MAZATLAN,4,ESCUINAPA,9,ESCUINAPA,11400,CHILE VERDE,900,SERRANO,500,Tonelada,1,OTOÑO-INVIERNO,1,RIEGO,2383.0,2383.0,0.0,50043.0,21.0,4491.64,224775140.52
2013,25,SINALOA,138,MAZATLAN,4,ESCUINAPA,9,ESCUINAPA,11400,CHILE VERDE,1300,ANAHEIM,500,Tonelada,1,OTOÑO-INVIERNO,1,RIEGO,185.0,185.0,0.0,3700.0,20.0,6000.0,22200000.0
2013,25,SINALOA,138,MAZATLAN,4,ESCUINAPA,9,ESCUINAPA,11400,CHILE VERDE,1400,CALORO,500,Tonelada,1,OTOÑO-INVIERNO,1,RIEGO,210.0,210.0,0.0,4410.0,21.0,4336.91,19125773.1
2013,25,SINALOA,138,MAZATLAN,4,ESCUINAPA,9,ESCUINAPA,11400,CHILE VERDE,1900,DE ARBOL (COLA DE RATA),500,Tonelada,1,OTOÑO-INVIERNO,1,RIEGO,258.0,258.0,0.0,3354.0,13.0,6125.2,20543920.8
2013,25,SINALOA,138,MAZATLAN,4,ESCUINAPA,9,ESCUINAPA,14200,FRIJOL,100,AZUFRADO,500,Tonelada,1,OTOÑO-INVIERNO,1,RIEGO,85.0,85.0,0.0,101.15,1.19,14337.22,1450209.8
2013,25,SINALOA,138,MAZATLAN,4,ESCUINAPA,9,ESCUINAPA,14200,FRIJOL,100,AZUFRADO,500,Tonelada,1,OTOÑO-INVIERNO,2,TEMPORAL,292.0,292.0,0.0,198.56,0.68,20000.0,3971200.0
2013,25,SINALOA,138,MAZATLAN,4,ESCUINAPA,9,ESCUINAPA,14200,FRIJOL,1400,NEGRO JAMAPA,500,Tonelada,1,OTOÑO-INVIERNO,1,RIEGO,68.0,68.0,0.0,78.88,1.16,12000.0,946560.0
2013,25,SINALOA,138,MAZATLAN,4,ESCUINAPA,9,ESCUINAPA,17300,JACA (JACKFRUIT),0,,500,Tonelada,3,PERENNES,2,TEMPORAL,2.0,2.0,0.0,26.0,13.0,3500.0,91000.0
2013,25,SINALOA,138,MAZATLAN,4,ESCUINAPA,9,ESCUINAPA,19000,LIMON,100,AGRIO (MEXICANO),500,Tonelada,3,PERENNES,1,RIEGO,30.0,30.0,0.0,210.0,7.0,3300.0,693000.0
2013,25,SINALOA,138,MAZATLAN,4,ESCUINAPA,9,ESCUINAPA,19000,LIMON,100,AGRIO (MEXICANO),500,Tonelada,3,PERENNES,2,TEMPORAL,120.0,120.0,0.0,240.0,2.0,3000.0,720000.0
2013,25,SINALOA,138,MAZATLAN,4,ESCUINAPA,9,ESCUINAPA,19300,LITCHI,0,,500,Tonelada,3,PERENNES,2,TEMPORAL,2.0,2.0,0.0,8.0,4.0,12500.0,100000.0
2013,25,SINALOA,138,MAZATLAN,4,ESCUINAPA,9,ESCUINAPA,19700,MAIZ GRANO,200,BLANCO,500,Tonelada,1,OTOÑO-INVIERNO,1,RIEGO,465.0,465.0,0.0,2790.0,6.0,3200.0,8928000.0
2013,25,SINALOA,138,MAZATLAN,4,ESCUINAPA,9,ESCUINAPA,19700,MAIZ GRANO,200,BLANCO,500,Tonelada,1,OTOÑO-INVIERNO,2,TEMPORAL,398.0,398.0,0.0,153.23,0.385,2900.0,444367.0
2013,25,SINALOA,138,MAZATLAN,4,ESCUINAPA,9,ESCUINAPA,19700,MAIZ GRANO,200,BLANCO,500,Tonelada,2,PRIMAVERA-VERANO,2,TEMPORAL,272.0,272.0,0.0,483.6,1.778,2132.96,1031499.46
2013,25,SINALOA,138,MAZATLAN,4,ESCUINAPA,9,ESCUINAPA,20400,MANGO,100,ATAULFO,500,Tonelada,3,PERENNES,1,RIEGO,270.12,270.12,0.0,2576.94,9.54,2812.85,7248545.68
2013,25,SINALOA,138,MAZATLAN,4,ESCUINAPA,9,ESCUINAPA,20400,MANGO,100,ATAULFO,500,Tonelada,3,PERENNES,2,TEMPORAL,591.22,591.22,0.0,3575.0,6.047,1839.14,6574925.5
2013,25,SINALOA,138,MAZATLAN,4,ESCUINAPA,9,ESCUINAPA,20400,MANGO,300,HADEN,500,Tonelada,3,PERENNES,1,RIEGO,155.42,155.42,0.0,1232.48,7.93,1722.52,2122971.45
2013,25,SINALOA,138,MAZATLAN,4,ESCUINAPA,9,ESCUINAPA,20400,MANGO,300,HADEN,500,Tonelada,3,PERENNES,2,TEMPORAL,768.98,768.98,0.0,3960.0,5.15,1397.33,5533426.8
2013,25,SINALOA,138,MAZATLAN,4,ESCUINAPA,9,ESCUINAPA,20400,MANGO,400,KEITT,500,Tonelada,3,PERENNES,1,RIEGO,985.65,985.65,0.0,13856.1,14.058,1238.97,17167292.22
2013,25,SINALOA,138,MAZATLAN,4,ESCUINAPA,9,ESCUINAPA,20400,MANGO,400,KEITT,500,Tonelada,3,PERENNES,2,TEMPORAL,3685.0,3685.0,0.0,18425.0,5.0,1206.66,22232710.5
2013,25,SINALOA,138,MAZATLAN,4,ESCUINAPA,9,ESCUINAPA,20400,MANGO,500,KENT,500,Tonelada,3,PERENNES,1,RIEGO,858.0,858.0,0.0,7310.16,8.52,2188.5,15998285.16
2013,25,SINALOA,138,MAZATLAN,4,ESCUINAPA,9,ESCUINAPA,20400,MANGO,500,KENT,500,Tonelada,3,PERENNES,2,TEMPORAL,1950.78,1950.78,0.0,12533.8,6.425,1648.6,20663222.68
2013,25,SINALOA,138,MAZATLAN,4,ESCUINAPA,9,ESCUINAPA,20400,MANGO,600,MANILA,500,Tonelada,3,PERENNES,1,RIEGO,233.63,233.63,0.0,1542.46,6.602,1757.09,2710241.04
2013,25,SINALOA,138,MAZATLAN,4,ESCUINAPA,9,ESCUINAPA,20400,MANGO,600,MANILA,500,Tonelada,3,PERENNES,2,TEMPORAL,1302.02,1302.02,0.0,6012.0,4.617,1357.8,8163093.6
2013,25,SINALOA,138,MAZATLAN,4,ESCUINAPA,9,ESCUINAPA,20400,MANGO,800,TOMMY ATKINS,500,Tonelada,3,PERENNES,1,RIEGO,360.0,360.0,0.0,3027.6,8.41,1744.99,5283131.72
2013,25,SINALOA,138,MAZATLAN,4,ESCUINAPA,9,ESCUINAPA,20400,MANGO,800,TOMMY ATKINS,500,Tonelada,3,PERENNES,2,TEMPORAL,675.55,675.55,0.0,2595.74,3.842,1562.54,4055947.58
2013,25,SINALOA,138,MAZATLAN,4,ESCUINAPA,9,ESCUINAPA,24700,PAPAYA,300,MARADOL,500,Tonelada,3,PERENNES,1,RIEGO,5.0,5.0,0.0,280.0,56.0,2900.0,812000.0
2013,25,SINALOA,138,MAZATLAN,4,ESCUINAPA,9,ESCUINAPA,24800,PASTOS Y PRADERAS EN VERDE,0,,500,Tonelada,3,PERENNES,2,TEMPORAL,6725.0,6725.0,0.0,90787.5,13.5,500.0,45393750.0
2013,25,SINALOA,138,MAZATLAN,4,ESCUINAPA,9,ESCUINAPA,24900,PEPINO,0,,500,Tonelada,2,PRIMAVERA-VERANO,1,RIEGO,4.0,4.0,0.0,100.0,25.0,7500.0,750000.0
2013,25,SINALOA,138,MAZATLAN,4,ESCUINAPA,9,ESCUINAPA,28700,SANDIA,200,CHARLESTON (GRAY),500,Tonelada,1,OTOÑO-INVIERNO,1,RIEGO,220.0,220.0,0.0,2024.0,9.2,1362.7,2758104.8
2013,25,SINALOA,138,MAZATLAN,4,ESCUINAPA,9,ESCUINAPA,29300,SORGO FORRAJERO EN VERDE,0,,500,Tonelada,1,OTOÑO-INVIERNO,1,RIEGO,320.0,320.0,0.0,4480.0,14.0,450.0,2016000.0
2013,25,SINALOA,138,MAZATLAN,4,ESCUINAPA,9,ESCUINAPA,29300,SORGO FORRAJERO EN VERDE,0,,500,Tonelada,1,OTOÑO-INVIERNO,2,TEMPORAL,1448.0,1448.0,0.0,13032.0,9.0,650.0,8470800.0
2013,25,SINALOA,138,MAZATLAN,4,ESCUINAPA,9,ESCUINAPA,29300,SORGO FORRAJERO EN VERDE,0,,500,Tonelada,2,PRIMAVERA-VERANO,2,TEMPORAL,827.0,827.0,0.0,4964.0,6.002,500.0,2482000.0
2013,25,SINALOA,138,MAZATLAN,4,ESCUINAPA,9,ESCUINAPA,29500,SORGO GRANO,0,,500,Tonelada,1,OTOÑO-INVIERNO,2,TEMPORAL,315.0,315.0,0.0,132.3,0.42,2500.0,330750.0
2013,25,SINALOA,138,MAZATLAN,4,ESCUINAPA,9,ESCUINAPA,30800,TOMATE ROJO (JITOMATE),800,SALADETTE,500,Tonelada,1,OTOÑO-INVIERNO,1,RIEGO,687.0,687.0,0.0,21984.0,32.0,4647.0,102159648.0
2013,25,SINALOA,138,MAZATLAN,4,ESCUINAPA,9,ESCUINAPA,31000,TOMATE VERDE,0,,500,Tonelada,1,OTOÑO-INVIERNO,1,RIEGO,1672.0,1672.0,0.0,14797.2,8.85,1961.81,29029294.93
